/*
Navicat MySQL Data Transfer

Source Server         : localhost_3306
Source Server Version : 50720
Source Host           : localhost:3306
Source Database       : wr_recorded_v2

Target Server Type    : MYSQL
Target Server Version : 50720
File Encoding         : 65001

Date: 2021-03-16 20:05:26
*/

SET FOREIGN_KEY_CHECKS=0;

-- ----------------------------
-- Table structure for wr_basic_auth
-- ----------------------------
DROP TABLE IF EXISTS `wr_basic_auth`;
CREATE TABLE `wr_basic_auth` (
  `id` varchar(255) NOT NULL COMMENT '主键(新增操作忽略，更新操作必填)',
  `sys_user_id` varchar(255) NOT NULL COMMENT '用户表关联ID',
  `user_name` varchar(64) NOT NULL COMMENT '账号',
  `user_mobile` varchar(11) DEFAULT NULL COMMENT '手机号',
  `user_email` varchar(64) DEFAULT NULL COMMENT '邮箱',
  `pass_word` varchar(32) NOT NULL COMMENT '密码',
  `salt` varchar(64) NOT NULL COMMENT '盐',
  `person_num` varchar(16) NOT NULL COMMENT '用户编号（例：学生有学号，教师有工号）',
  `last_login_time` datetime DEFAULT NULL COMMENT '最后一次登录时间',
  `is_locked` char(1) DEFAULT '0' COMMENT '是否锁定，1：锁定，0未锁定',
  `create_time` datetime NOT NULL DEFAULT CURRENT_TIMESTAMP COMMENT '创建时间',
  `remark` varchar(255) DEFAULT NULL COMMENT '备注',
  `is_delete` char(1) DEFAULT '0' COMMENT '是否删除（0：未删除，1：删除）',
  `delete_time` datetime DEFAULT NULL COMMENT '删除时间',
  PRIMARY KEY (`id`),
  UNIQUE KEY `sys_user_id_uniqueIndex` (`sys_user_id`) USING BTREE,
  UNIQUE KEY `user_name_uniqueIndex` (`user_name`) USING BTREE,
  UNIQUE KEY `person_num_uniqueIndex` (`person_num`) USING BTREE,
  UNIQUE KEY `user_mobile_uniqueIndex` (`user_mobile`) USING BTREE,
  UNIQUE KEY `user_email_uniqueIndex` (`user_email`) USING BTREE
) ENGINE=InnoDB DEFAULT CHARSET=utf8 COMMENT='用户登录基础认证表';

-- ----------------------------
-- Records of wr_basic_auth
-- ----------------------------
INSERT INTO `wr_basic_auth` VALUES ('1', '1', 'lisi', null, 'workmail2018@126.com', '0c1b64535abaa1e871009019c6bcde0e', 'lisi', 'XS20180112', '2021-03-05 14:23:23', '0', '2020-07-13 10:13:56', '', '0', '2020-07-22 16:46:23');
INSERT INTO `wr_basic_auth` VALUES ('2', '2', 'zhangsan', null, 'workmail2017@126.com', '0c1b64535abaa1e871009019c6bcde0e', 'zhangsan', 'JS20140523', null, '0', '2020-07-13 10:14:22', null, '0', null);
INSERT INTO `wr_basic_auth` VALUES ('3', '3', 'XS20180112', null, null, '1', '1', 'XS20180113', null, '0', '2020-07-31 17:24:00', null, '0', null);

-- ----------------------------
-- Table structure for wr_examination_hall
-- ----------------------------
DROP TABLE IF EXISTS `wr_examination_hall`;
CREATE TABLE `wr_examination_hall` (
  `id` varchar(255) NOT NULL COMMENT '主键(新增操作忽略，更新操作必填)',
  `hall_code` varchar(255) NOT NULL COMMENT '考场编号',
  `exam_subjects_name` varchar(255) NOT NULL COMMENT '该考场考试科目名称',
  `examinee_count` int(11) DEFAULT NULL COMMENT '考生人数',
  `start_time` datetime NOT NULL COMMENT '开始时间',
  `end_time` datetime NOT NULL COMMENT '结束时间',
  `exam_status` varchar(32) DEFAULT '0' COMMENT '考试状态，默认''0''。-1：已结束，0：未开始，1：进行中',
  `class_id` varchar(255) DEFAULT NULL COMMENT '该考场所属组织',
  `student_login_time` int(11) NOT NULL COMMENT '学生登录考试时间，是个数字，比如10，代表在考试开始前10分钟之后才允许考生登录',
  `Invigilators_login_time` int(11) NOT NULL COMMENT '监考员登录监考时间，是个数字，比如10，代表在考试开始前10分钟之后才允许监考员登录监考',
  `show_album` char(1) NOT NULL DEFAULT '1' COMMENT '显示专辑，0：不显示 1：显示（每条考场数据对应一个视频集合，即专辑。该考场对应的视频专辑默认是显示，若人为手动删除专辑则show_album置为''0''）',
  `create_id` varchar(255) NOT NULL COMMENT '创建人id，用于连表不用于显示',
  `create_by` varchar(32) NOT NULL COMMENT '创建人账号，不建议填名字，账号更改的可能性很小且又比ID稍微形象化',
  `create_way` varchar(2) NOT NULL DEFAULT '0' COMMENT '创建方式（0：程序代码创建，1：导入创建）',
  `create_time` datetime NOT NULL DEFAULT CURRENT_TIMESTAMP COMMENT '创建时间',
  `remark` varchar(255) DEFAULT NULL COMMENT '备注',
  `is_delete` char(1) DEFAULT '0' COMMENT '是否删除（0：未删除，1：删除）',
  `delete_time` datetime DEFAULT NULL COMMENT '删除时间',
  PRIMARY KEY (`id`)
) ENGINE=InnoDB DEFAULT CHARSET=utf8 COMMENT='考场考试表';

-- ----------------------------
-- Records of wr_examination_hall
-- ----------------------------
INSERT INTO `wr_examination_hall` VALUES ('1', 'xs0001', '高等数学1', '45', '2020-08-10 16:50:00', '2020-08-03 11:22:29', '0', null, '10', '10', '1', '1', 'lisi', '0', '2020-08-03 11:28:51', null, '0', null);
INSERT INTO `wr_examination_hall` VALUES ('2', 'xs0002', '高等数学2', '50', '2020-08-03 11:29:30', '2020-08-03 11:29:34', '1', null, '10', '30', '1', '1', 'lisi', '0', '2020-08-03 11:29:50', null, '0', '2020-08-05 11:25:54');
INSERT INTO `wr_examination_hall` VALUES ('3', 'xs0003', '高等数学3', '30', '2020-08-03 11:29:30', '2020-08-03 11:29:34', '-1', '', '10', '30', '1', '1', 'lisi', '0', '2020-08-03 11:29:50', '', '0', '2020-08-05 11:25:54');
INSERT INTO `wr_examination_hall` VALUES ('7a3abc6a61e64bac9cf83f952e536253', '87709', '熠彤.白', '661', '2020-08-01 11:29:30', '2020-08-02 11:29:30', '0', '161', '278', '319', '1', '1', 'lisi', '0', '2020-08-03 17:12:19', null, '0', null);

-- ----------------------------
-- Table structure for wr_examination_hall_invigilators
-- ----------------------------
DROP TABLE IF EXISTS `wr_examination_hall_invigilators`;
CREATE TABLE `wr_examination_hall_invigilators` (
  `id` varchar(255) NOT NULL COMMENT '主键(新增操作忽略，更新操作必填)',
  `examination_hall_id` varchar(255) NOT NULL COMMENT '考场考试id',
  `sys_user_id` varchar(255) NOT NULL COMMENT '监考员用户id',
  `create_id` varchar(255) NOT NULL COMMENT '创建人id，用于连表不用于显示',
  `create_by` varchar(32) NOT NULL COMMENT '创建人账号，不建议填名字，账号更改的可能性很小且又比ID稍微形象化',
  `create_time` datetime NOT NULL DEFAULT CURRENT_TIMESTAMP COMMENT '创建时间',
  `remark` varchar(255) DEFAULT NULL COMMENT '备注',
  PRIMARY KEY (`id`)
) ENGINE=InnoDB DEFAULT CHARSET=utf8 COMMENT='考场考试-监考老师关联表';

-- ----------------------------
-- Records of wr_examination_hall_invigilators
-- ----------------------------
INSERT INTO `wr_examination_hall_invigilators` VALUES ('00c435aec6544d45b7c0109f2f4614be', '7a3abc6a61e64bac9cf83f952e536253', '3', '1', 'lisi', '2020-08-04 09:34:54', null);
INSERT INTO `wr_examination_hall_invigilators` VALUES ('1', '1', '1', '1', 'lisi', '2020-08-03 11:36:13', null);
INSERT INTO `wr_examination_hall_invigilators` VALUES ('2', '1', '2', '1', 'lisi', '2020-08-03 11:36:21', null);
INSERT INTO `wr_examination_hall_invigilators` VALUES ('8fda38952d494803a2ef7702d7f53721', '7a3abc6a61e64bac9cf83f952e536253', '4', '1', 'lisi', '2020-08-04 09:34:54', null);

-- ----------------------------
-- Table structure for wr_examinee
-- ----------------------------
DROP TABLE IF EXISTS `wr_examinee`;
CREATE TABLE `wr_examinee` (
  `id` varchar(255) NOT NULL COMMENT '主键(新增操作忽略，更新操作必填)',
  `examination_hall_id` varchar(255) NOT NULL COMMENT '考场考试id',
  `examination_hall_code` varchar(255) NOT NULL COMMENT '考场编号',
  `student_code` varchar(64) NOT NULL COMMENT '学号',
  `student_name` varchar(64) NOT NULL COMMENT '学生姓名',
  `student_status` varchar(255) DEFAULT '0' COMMENT '学生考试状态，默认''0''。0：未参加，1：已参加（此状态由客户端去控制）',
  `login_time` datetime DEFAULT NULL COMMENT '登陆时间',
  `exit_time` datetime DEFAULT NULL COMMENT '退出时间',
  `live_address_push` varchar(255) DEFAULT NULL COMMENT '直播地址推流，流媒体推流地址应为“固定前缀+hall_code+''_''+student_code”',
  `live_address_pull` varchar(255) DEFAULT NULL COMMENT '直播地址拉流，流媒体推流地址应为“固定前缀+hall_code+''_''+student_code”',
  `create_id` varchar(255) NOT NULL COMMENT '创建人id，用于连表不用于显示',
  `create_by` varchar(32) NOT NULL COMMENT '创建人账号，不建议填名字，账号更改的可能性很小且又比ID稍微形象化',
  `create_way` varchar(2) NOT NULL DEFAULT '0' COMMENT '创建方式（0：程序代码创建，1：导入创建）',
  `create_time` datetime NOT NULL DEFAULT CURRENT_TIMESTAMP COMMENT '创建时间',
  `remark` varchar(255) DEFAULT NULL COMMENT '备注',
  `is_delete` char(1) DEFAULT '0' COMMENT '是否删除（0：未删除，1：删除）',
  `delete_time` datetime DEFAULT NULL COMMENT '删除时间',
  PRIMARY KEY (`id`)
) ENGINE=InnoDB DEFAULT CHARSET=utf8 COMMENT='考生信息表';

-- ----------------------------
-- Records of wr_examinee
-- ----------------------------
INSERT INTO `wr_examinee` VALUES ('1', '2', 'xs0002', 'XS20180112', '李四', '0', null, null, '/live/xs0001_XS00001', '/live/xs0001_XS00001.flv', '1', 'lisi', '0', '2020-08-04 16:47:13', null, '0', '2020-08-11 15:49:17');
INSERT INTO `wr_examinee` VALUES ('2', '2', 'xs0002', 'JS20140523', '张三', '0', '2020-08-05 11:14:23', '2020-08-05 11:14:27', '/live/xs0002_XS00002', '/live/xs0002_XS00002.flv', '1', 'lisi', '0', '2020-08-05 10:09:11', '', '0', '2020-08-06 19:55:50');
INSERT INTO `wr_examinee` VALUES ('3', '3', 'xs0003', 'XS201', '王六', '0', '2020-08-05 11:14:23', '2020-08-05 11:14:27', '/live/xs0002_XS00002', '/live/xs0002_XS00002.flv', '1', 'lisi', '0', '2020-08-05 10:09:11', '', '0', '2020-08-06 19:55:50');
INSERT INTO `wr_examinee` VALUES ('3c7c13c4fd994234964d45924c44862d', '2', 'xs0002', 'XS20180180', '王五', '0', null, null, '/live/xs0002_XS00004', '/live/xs0002_XS00004.flv', '1', 'lisi', '0', '2020-08-11 19:47:30', null, '0', null);
INSERT INTO `wr_examinee` VALUES ('4273f8f3314d4668b56e0b1ba6ca8c7f', '3', 'xs0003', '111111', '爱丽丝', '0', null, null, '/live/xs0002_XS00002', '/live/xs0002_XS00002.flv', '1', 'lisi', '0', '2020-08-05 10:09:11', null, '0', '2020-08-05 11:25:26');

-- ----------------------------
-- Table structure for wr_exam_video
-- ----------------------------
DROP TABLE IF EXISTS `wr_exam_video`;
CREATE TABLE `wr_exam_video` (
  `id` varchar(255) NOT NULL COMMENT '主键(新增操作忽略，更新操作必填)',
  `examination_hall_id` varchar(255) NOT NULL COMMENT '考场考试id',
  `examination_hall_code` varchar(255) NOT NULL COMMENT '考场编号',
  `examinee_id` varchar(255) NOT NULL COMMENT '考生信息id',
  `student_code` varchar(64) NOT NULL COMMENT '考生学号',
  `original_file` varchar(255) DEFAULT NULL COMMENT '原始名称，上传时的名称',
  `video_name` varchar(255) DEFAULT NULL COMMENT '视频名称',
  `video_path` varchar(255) DEFAULT NULL COMMENT '视频存储路径',
  `video_duration` varchar(255) DEFAULT NULL COMMENT '视频时长',
  `video_cover_img` varchar(255) DEFAULT NULL COMMENT '视频封面图片',
  `video_size` bigint(20) DEFAULT NULL COMMENT '视频大小',
  `video_status` varchar(255) DEFAULT NULL COMMENT '视频状态，1：录制中 2：录制完成 3：切片中 4：切片完成',
  `watch_count` bigint(20) DEFAULT '0' COMMENT '观看次数',
  `exam_abnormal` char(1) DEFAULT '0' COMMENT '考试期间是否有异常，0：无异常 1：有异常 ',
  `abnormal_millis` varchar(255) DEFAULT NULL COMMENT '考试异常时间点，是个毫秒级时间戳，可换算成#分#秒，提示时需加''约''字，如：约07分21秒前后',
  `abnormal_time` datetime DEFAULT NULL COMMENT '考试异常时间点，是考试当天打点的时间，录制视频内一旦存在时间水印可准确查找',
  `create_id` varchar(255) NOT NULL COMMENT '创建人id，用于连表不用于显示',
  `create_by` varchar(32) NOT NULL COMMENT '创建人账号，不建议填名字，账号更改的可能性很小且又比ID稍微形象化',
  `create_way` varchar(2) NOT NULL DEFAULT '0' COMMENT '创建方式（0：程序代码创建，1：导入创建）',
  `create_time` datetime NOT NULL DEFAULT CURRENT_TIMESTAMP COMMENT '创建时间',
  `remark` varchar(255) DEFAULT NULL COMMENT '备注',
  `is_delete` char(1) DEFAULT '0' COMMENT '是否删除（0：未删除，1：删除）',
  `delete_time` datetime DEFAULT NULL COMMENT '删除时间',
  PRIMARY KEY (`id`)
) ENGINE=InnoDB DEFAULT CHARSET=utf8 COMMENT='考试(考生)视频表';

-- ----------------------------
-- Records of wr_exam_video
-- ----------------------------
INSERT INTO `wr_exam_video` VALUES ('1', '1', 'xs0001', '1', 'XS00001', 'fqff5few61gt6r.flv', '2020-08-03_xs0001_高等数学1_XS00001', '/697/chunk/index.m3u8', '00:38:20', '697/img/thumbnail.png', '68', '4', '0', '0', null, null, '1', 'lisi', '0', '2020-08-06 17:22:14', null, '1', '2020-08-11 15:49:08');
INSERT INTO `wr_exam_video` VALUES ('2', '2', 'xs0002', '2', 'XS00001', 'fqff5few61gt6r.flv', '2020-08-03_xs0001_高等数学1_XS00001', '/697/chunk/index.m3u8', '00:38:20', '697/img/thumbnail.png', '68', '4', '0', '0', null, null, '1', 'lisi', '0', '2020-08-06 17:22:14', '', '0', '2020-08-07 10:27:01');
INSERT INTO `wr_exam_video` VALUES ('2e20710f87214d1db8dc34ab97813616', '2', 'xs0002', '3c7c13c4fd994234964d45924c44862d', 'XS00005', null, null, null, null, null, null, null, '0', '0', null, null, '1', 'lisi', '0', '2020-08-11 19:48:49', null, '0', null);
INSERT INTO `wr_exam_video` VALUES ('3', '3', 'xs0001', '3', 'XS00001', 'fqff5few61gt6r.flv', '2020-08-03_xs0001_高等数学1_XS00001', '/697/chunk/index.m3u8', '00:38:20', '697/img/thumbnail.png', '68', '4', '0', '1', '894757732', '2020-08-15 19:47:01', '1', 'lisi', '0', '2020-08-06 17:22:14', '', '0', '2020-08-07 10:27:01');
INSERT INTO `wr_exam_video` VALUES ('4', '3', 'xs0003', '1', 'XS00001', null, null, null, null, null, null, null, '0', '0', null, null, '1', 'lisi', '0', '2020-08-15 19:52:27', null, '0', null);
INSERT INTO `wr_exam_video` VALUES ('558330104331416aba3f09b75c557593', '3', 'xs0003', '067a07316db14a79b04c36f72bc9adab', 'JJJJJJJJJ', '', '', '', '', '', null, '', '26', '0', '', '2020-11-22 16:12:20', '1', 'lisi', '0', '2020-11-22 16:12:22', null, '0', null);

-- ----------------------------
-- Table structure for wr_file_resources
-- ----------------------------
DROP TABLE IF EXISTS `wr_file_resources`;
CREATE TABLE `wr_file_resources` (
  `id` varchar(255) NOT NULL COMMENT '主键(新增操作忽略，更新操作必填)',
  `file_num` varchar(255) DEFAULT NULL COMMENT '文件编号',
  `original_name` varchar(255) DEFAULT NULL COMMENT '原始名称，上传时的名称',
  `contentType` varchar(255) DEFAULT NULL COMMENT '内容类型，如：image/jpeg等',
  `file_suffix` varchar(32) DEFAULT NULL COMMENT '文件后缀，如：.png.rar等',
  `business_type` varchar(8) DEFAULT NULL COMMENT '业务类型，如：课件、教案等',
  `relative_path` varchar(255) DEFAULT NULL COMMENT '服务器存储的相对路径',
  `absolute_path` varchar(255) DEFAULT NULL COMMENT '服务器存储的绝对路径',
  `file_size` bigint(20) DEFAULT NULL COMMENT '文件大小',
  `create_id` varchar(255) NOT NULL COMMENT '创建人id，用于连表不用于显示',
  `create_by` varchar(32) NOT NULL COMMENT '创建人账号，不建议填名字，账号更改的可能性很小且又比ID稍微形象化',
  `create_way` varchar(2) NOT NULL DEFAULT '0' COMMENT '创建方式（0：程序代码创建，1：导入创建）',
  `create_time` datetime NOT NULL DEFAULT CURRENT_TIMESTAMP COMMENT '创建时间',
  `remark` varchar(255) DEFAULT NULL COMMENT '备注',
  `is_delete` char(1) DEFAULT '0' COMMENT '是否删除（0：未删除，1：删除）',
  `delete_time` datetime DEFAULT NULL COMMENT '删除时间',
  PRIMARY KEY (`id`)
) ENGINE=InnoDB DEFAULT CHARSET=utf8 COMMENT='文件资源表';

-- ----------------------------
-- Records of wr_file_resources
-- ----------------------------
INSERT INTO `wr_file_resources` VALUES ('1', 'fx015973347', '人类进化历程.rar', 'application/octet-stream', '.rar', '1', 'courseware/ad84c30d089744d9b1630e10d23e3fc7/ceshi.rar', '/recorded/static_resources/courseware/ad84c30d089744d9b1630e10d23e3fc7/ceshi.rar', '1024', '1', 'lisi', '0', '2020-07-20 10:07:25', null, '0', null);

-- ----------------------------
-- Table structure for wr_log_login
-- ----------------------------
DROP TABLE IF EXISTS `wr_log_login`;
CREATE TABLE `wr_log_login` (
  `id` varchar(255) NOT NULL COMMENT '主键(新增操作忽略，更新操作必填)',
  `login_ip` varchar(255) NOT NULL COMMENT '登录ip',
  `login_time` datetime NOT NULL DEFAULT CURRENT_TIMESTAMP COMMENT '登录时间',
  `login_state` char(1) NOT NULL COMMENT '登录状态，1成功，0失败',
  `login_code` varchar(255) NOT NULL COMMENT '状态码，具体的状态描述。200：成功，101：密码错误，102：验证码错误，103：验证码失效，104：失败重试次数限制错误，等等(更倾向于失败描述，成功就是成功没什么描述)',
  `login_ua` varchar(255) NOT NULL COMMENT 'Browser UA',
  `os_name` varchar(255) DEFAULT NULL COMMENT '操作系统名称，如：Windows 10',
  `os_group_name` varchar(255) DEFAULT NULL COMMENT '操作系统组名称，如：Windows',
  `os_device_type_name` varchar(255) DEFAULT NULL COMMENT '操作系统设备类型名称，如：Computer',
  `os_manufacturer_name` varchar(255) DEFAULT NULL COMMENT '操作系统制造商名称，如：Microsoft Corporation',
  `os_version` varchar(255) DEFAULT NULL COMMENT '操作系统版本，如：Win64',
  `browser_name` varchar(255) DEFAULT NULL COMMENT '浏览器名称，如：Chrome 8',
  `browser_group_name` varchar(255) DEFAULT NULL COMMENT '浏览器组名称，如：Chrome',
  `browser_type_name` varchar(255) DEFAULT NULL COMMENT '浏览器类型名称，如：Browser',
  `browser_manufacturer_name` varchar(255) DEFAULT NULL COMMENT '浏览器制造商名称，如：Google Inc.',
  `browser_rendering_engine` varchar(255) DEFAULT NULL COMMENT '浏览器渲染引擎，如：WebKit',
  `browser_version` varchar(255) DEFAULT NULL COMMENT '浏览器版本，如：83.0.4103.61',
  `create_id` varchar(255) NOT NULL COMMENT '创建人id，用于连表不用于显示',
  `create_by` varchar(32) NOT NULL COMMENT '创建人账号，不建议填名字，账号更改的可能性很小且又比ID稍微形象化',
  `create_way` varchar(2) NOT NULL DEFAULT '0' COMMENT '创建方式（0：程序代码创建，1：导入创建）',
  `create_time` datetime NOT NULL DEFAULT CURRENT_TIMESTAMP COMMENT '创建时间',
  `remark` varchar(255) DEFAULT NULL COMMENT '备注',
  `is_delete` char(1) DEFAULT '0' COMMENT '是否删除（0：未删除，1：删除）',
  `delete_time` datetime DEFAULT NULL COMMENT '删除时间',
  PRIMARY KEY (`id`)
) ENGINE=InnoDB DEFAULT CHARSET=utf8 COMMENT='日志-登录';

-- ----------------------------
-- Records of wr_log_login
-- ----------------------------
INSERT INTO `wr_log_login` VALUES ('07b0e3a80cbf4d1b898e1130352a51a5', '169.254.94.49', '2020-07-16 09:41:10', '1', '200', 'Mozilla/5.0 (Windows NT 10.0; Win64; x64; rv:68.0) Gecko/20100101 Firefox/68.0', 'Windows 10', 'Windows', 'Computer', 'Microsoft Corporation', 'Win64', 'Firefox', 'Firefox', 'Browser', 'Mozilla Foundation', 'Gecko', '68.0', '1', 'lisi', '0', '2020-07-16 09:41:10', null, '0', null);
INSERT INTO `wr_log_login` VALUES ('087452c84b614e10bca52883462ee420', '169.254.94.49', '2020-07-22 10:36:10', '1', '200', 'Mozilla/5.0 (Windows NT 10.0; Win64; x64; rv:68.0) Gecko/20100101 Firefox/68.0', 'Windows 10', 'Windows', 'Computer', 'Microsoft Corporation', 'Win64', 'Firefox', 'Firefox', 'Browser', 'Mozilla Foundation', 'Gecko', '68.0', '1', 'lisi', '0', '2020-07-22 10:36:10', null, '0', null);
INSERT INTO `wr_log_login` VALUES ('08a9bb75ef6046baafddc0be7a61540f', '169.254.94.49', '2020-07-17 16:33:16', '1', '200', 'Mozilla/5.0 (Windows NT 10.0; Win64; x64; rv:68.0) Gecko/20100101 Firefox/68.0', 'Windows 10', 'Windows', 'Computer', 'Microsoft Corporation', 'Win64', 'Firefox', 'Firefox', 'Browser', 'Mozilla Foundation', 'Gecko', '68.0', '1', 'lisi', '0', '2020-07-17 16:33:16', null, '0', null);
INSERT INTO `wr_log_login` VALUES ('0bee0b08bfad48cdb35c5caf1076e57c', '192.168.176.1', '2020-11-03 10:30:38', '1', '200', 'Mozilla/5.0 (Windows NT 10.0; Win64; x64; rv:68.0) Gecko/20100101 Firefox/68.0', 'Windows 10', 'Windows', 'Computer', 'Microsoft Corporation', 'Win64', 'Firefox', 'Firefox', 'Browser', 'Mozilla Foundation', 'Gecko', '68.0', '1', 'lisi', '0', '2020-11-03 10:30:38', null, '0', null);
INSERT INTO `wr_log_login` VALUES ('0fa2b90ebea64f7b87cd85f6b9aed73f', '169.254.94.49', '2020-07-23 09:33:07', '1', '200', 'Mozilla/5.0 (Windows NT 10.0; Win64; x64; rv:68.0) Gecko/20100101 Firefox/68.0', 'Windows 10', 'Windows', 'Computer', 'Microsoft Corporation', 'Win64', 'Firefox', 'Firefox', 'Browser', 'Mozilla Foundation', 'Gecko', '68.0', '1', 'lisi', '0', '2020-07-23 09:33:06', null, '0', null);
INSERT INTO `wr_log_login` VALUES ('11134ecf7320401aa978880007a2aeef', '192.168.176.1', '2020-07-27 09:50:43', '0', '101', 'Mozilla/5.0 (Windows NT 10.0; Win64; x64; rv:68.0) Gecko/20100101 Firefox/68.0', 'Windows 10', 'Windows', 'Computer', 'Microsoft Corporation', 'Win64', 'Firefox', 'Firefox', 'Browser', 'Mozilla Foundation', 'Gecko', '68.0', '', 'XS20180112', '0', '2020-07-27 09:50:42', null, '0', null);
INSERT INTO `wr_log_login` VALUES ('1116fa8d1f7b400994b3eb2d3e080866', '169.254.94.49', '2021-03-05 14:23:24', '1', '200', 'Mozilla/5.0 (Windows NT 10.0; Win64; x64; rv:78.0) Gecko/20100101 Firefox/78.0', 'Windows 10', 'Windows', 'Computer', 'Microsoft Corporation', 'Win64', 'Firefox 7', 'Firefox', 'Browser', 'Mozilla Foundation', 'Gecko', '78.0', '1', 'lisi', '0', '2021-03-05 14:23:23', null, '0', null);
INSERT INTO `wr_log_login` VALUES ('13bf72c458a0453ca4dcd6c688f3b0be', '169.254.94.49', '2020-07-13 19:14:34', '0', '101', 'Mozilla/5.0 (Windows NT 10.0; Win64; x64; rv:68.0) Gecko/20100101 Firefox/68.0', 'Windows 10', 'Windows', 'Computer', 'Microsoft Corporation', 'Win64', 'Firefox', 'Firefox', 'Browser', 'Mozilla Foundation', 'Gecko', '68.0', '', 'wangwu', '0', '2020-07-13 19:14:33', null, '0', null);
INSERT INTO `wr_log_login` VALUES ('1600fb2fde3f43a582e2493271b76a43', '169.254.94.49', '2020-07-17 10:16:21', '1', '200', 'Mozilla/5.0 (Windows NT 10.0; Win64; x64; rv:68.0) Gecko/20100101 Firefox/68.0', 'Windows 10', 'Windows', 'Computer', 'Microsoft Corporation', 'Win64', 'Firefox', 'Firefox', 'Browser', 'Mozilla Foundation', 'Gecko', '68.0', '1', 'lisi', '0', '2020-07-17 10:16:21', null, '0', null);
INSERT INTO `wr_log_login` VALUES ('186b01d4d12f4f49ba307fa2caad3709', '192.168.176.1', '2020-07-26 18:16:08', '1', '200', 'Mozilla/5.0 (Windows NT 10.0; Win64; x64; rv:68.0) Gecko/20100101 Firefox/68.0', 'Windows 10', 'Windows', 'Computer', 'Microsoft Corporation', 'Win64', 'Firefox', 'Firefox', 'Browser', 'Mozilla Foundation', 'Gecko', '68.0', '1', 'lisi', '0', '2020-07-26 18:16:08', null, '0', null);
INSERT INTO `wr_log_login` VALUES ('1af269595ccf4ac796f7f7b406ffe286', '192.168.176.1', '2020-08-05 08:51:08', '1', '200', 'Mozilla/5.0 (Windows NT 10.0; Win64; x64; rv:68.0) Gecko/20100101 Firefox/68.0', 'Windows 10', 'Windows', 'Computer', 'Microsoft Corporation', 'Win64', 'Firefox', 'Firefox', 'Browser', 'Mozilla Foundation', 'Gecko', '68.0', '1', 'lisi', '0', '2020-08-05 08:51:08', null, '0', null);
INSERT INTO `wr_log_login` VALUES ('1cefc0c3b5854d9ca57147e4903f8663', '192.168.176.1', '2020-07-26 18:15:20', '0', '101', 'Mozilla/5.0 (Windows NT 10.0; Win64; x64; rv:68.0) Gecko/20100101 Firefox/68.0', 'Windows 10', 'Windows', 'Computer', 'Microsoft Corporation', 'Win64', 'Firefox', 'Firefox', 'Browser', 'Mozilla Foundation', 'Gecko', '68.0', '', 'XS20180112', '0', '2020-07-26 18:15:19', null, '0', null);
INSERT INTO `wr_log_login` VALUES ('1e06e66f0445478984fb318432f168d7', '169.254.94.49', '2020-07-22 10:36:49', '1', '200', 'Mozilla/5.0 (Windows NT 10.0; Win64; x64; rv:68.0) Gecko/20100101 Firefox/68.0', 'Windows 10', 'Windows', 'Computer', 'Microsoft Corporation', 'Win64', 'Firefox', 'Firefox', 'Browser', 'Mozilla Foundation', 'Gecko', '68.0', '1', 'lisi', '0', '2020-07-22 10:36:48', null, '0', null);
INSERT INTO `wr_log_login` VALUES ('21d161ea9b6340e09bfac17812c28a34', '169.254.94.49', '2020-07-21 19:49:56', '0', '101', 'Mozilla/5.0 (Windows NT 10.0; Win64; x64; rv:68.0) Gecko/20100101 Firefox/68.0', 'Windows 10', 'Windows', 'Computer', 'Microsoft Corporation', 'Win64', 'Firefox', 'Firefox', 'Browser', 'Mozilla Foundation', 'Gecko', '68.0', '', 'zhangsan', '0', '2020-07-21 19:49:55', null, '0', null);
INSERT INTO `wr_log_login` VALUES ('24d3408e772546e8a90b835d87b05688', '192.168.176.1', '2020-07-29 16:14:11', '1', '200', 'Mozilla/5.0 (Windows NT 10.0; Win64; x64; rv:68.0) Gecko/20100101 Firefox/68.0', 'Windows 10', 'Windows', 'Computer', 'Microsoft Corporation', 'Win64', 'Firefox', 'Firefox', 'Browser', 'Mozilla Foundation', 'Gecko', '68.0', '46562b8c942f4c1b95f44cbf09276947', 'XS20180180', '0', '2020-07-29 16:14:11', null, '0', null);
INSERT INTO `wr_log_login` VALUES ('27088299a0ea454eb6a96888cb0fbb2d', '192.168.176.1', '2020-08-21 16:07:36', '1', '200', 'Mozilla/5.0 (Windows NT 10.0; Win64; x64; rv:68.0) Gecko/20100101 Firefox/68.0', 'Windows 10', 'Windows', 'Computer', 'Microsoft Corporation', 'Win64', 'Firefox', 'Firefox', 'Browser', 'Mozilla Foundation', 'Gecko', '68.0', '1', 'lisi', '0', '2020-08-21 16:07:36', null, '0', null);
INSERT INTO `wr_log_login` VALUES ('27afd7bcb78e4f2d8fd48ccf804c7692', '169.254.94.49', '2020-07-22 10:36:18', '0', '102', 'Mozilla/5.0 (Windows NT 10.0; Win64; x64; rv:68.0) Gecko/20100101 Firefox/68.0', 'Windows 10', 'Windows', 'Computer', 'Microsoft Corporation', 'Win64', 'Firefox', 'Firefox', 'Browser', 'Mozilla Foundation', 'Gecko', '68.0', '', 'lisi', '0', '2020-07-22 10:36:17', null, '0', null);
INSERT INTO `wr_log_login` VALUES ('28a758ea28074cc2ac6cee2d2f4d4169', '169.254.94.49', '2020-07-22 10:36:19', '0', '102', 'Mozilla/5.0 (Windows NT 10.0; Win64; x64; rv:68.0) Gecko/20100101 Firefox/68.0', 'Windows 10', 'Windows', 'Computer', 'Microsoft Corporation', 'Win64', 'Firefox', 'Firefox', 'Browser', 'Mozilla Foundation', 'Gecko', '68.0', '', 'lisi', '0', '2020-07-22 10:36:19', null, '0', null);
INSERT INTO `wr_log_login` VALUES ('2a7dc20a81ba47c7aecc43ae69793bbb', '192.168.176.1', '2020-07-31 10:37:36', '1', '200', 'Mozilla/5.0 (Windows NT 10.0; Win64; x64; rv:68.0) Gecko/20100101 Firefox/68.0', 'Windows 10', 'Windows', 'Computer', 'Microsoft Corporation', 'Win64', 'Firefox', 'Firefox', 'Browser', 'Mozilla Foundation', 'Gecko', '68.0', '1', 'lisi', '0', '2020-07-31 10:37:35', null, '0', null);
INSERT INTO `wr_log_login` VALUES ('2b5210dc361a4aedada1fdf0e90f6449', '192.168.176.1', '2020-08-07 09:39:23', '1', '200', 'Mozilla/5.0 (Windows NT 10.0; Win64; x64; rv:68.0) Gecko/20100101 Firefox/68.0', 'Windows 10', 'Windows', 'Computer', 'Microsoft Corporation', 'Win64', 'Firefox', 'Firefox', 'Browser', 'Mozilla Foundation', 'Gecko', '68.0', '1', 'lisi', '0', '2020-08-07 09:39:23', null, '0', null);
INSERT INTO `wr_log_login` VALUES ('2da4d6a4f53f4ee4bb278817bec1e090', '192.168.176.1', '2020-07-27 09:50:05', '1', '200', 'Mozilla/5.0 (Windows NT 10.0; Win64; x64; rv:68.0) Gecko/20100101 Firefox/68.0', 'Windows 10', 'Windows', 'Computer', 'Microsoft Corporation', 'Win64', 'Firefox', 'Firefox', 'Browser', 'Mozilla Foundation', 'Gecko', '68.0', '1', 'lisi', '0', '2020-07-27 09:50:05', null, '0', null);
INSERT INTO `wr_log_login` VALUES ('2e073d106a1f47c9bdec3467a702ad0a', '169.254.94.49', '2020-07-22 12:58:34', '0', '102', 'Mozilla/5.0 (Windows NT 10.0; Win64; x64; rv:68.0) Gecko/20100101 Firefox/68.0', 'Windows 10', 'Windows', 'Computer', 'Microsoft Corporation', 'Win64', 'Firefox', 'Firefox', 'Browser', 'Mozilla Foundation', 'Gecko', '68.0', '', 'lisi', '0', '2020-07-22 12:58:34', null, '0', null);
INSERT INTO `wr_log_login` VALUES ('2ed4ce4d58644c1385375a6afc0a5811', '192.168.1.184', '2020-06-30 14:29:46', '1', '200', 'Mozilla/5.0 (Linux; U; Android 8.1.0; zh-CN; MZ-16th Build/MRA58K) AppleWebKit/537.36 (KHTML, like Gecko) Version/4.0 Chrome/62.0.3202.97 MZBrowser/8.11.5 Mobile Safari/537.36', 'Android 8.x', 'Android', 'Mobile', 'Google Inc.', 'U', 'Chrome Mobile', 'Chrome', 'Browser (mobile)', 'Google Inc.', 'WebKit', '62.0.3202.97', 'ceshi', 'ceshi', '0', '2020-06-30 14:29:46', null, '0', null);
INSERT INTO `wr_log_login` VALUES ('3008fe473fcc4a52a808c4f49537037e', '169.254.94.49', '2020-07-22 10:36:19', '0', '102', 'Mozilla/5.0 (Windows NT 10.0; Win64; x64; rv:68.0) Gecko/20100101 Firefox/68.0', 'Windows 10', 'Windows', 'Computer', 'Microsoft Corporation', 'Win64', 'Firefox', 'Firefox', 'Browser', 'Mozilla Foundation', 'Gecko', '68.0', '', 'lisi', '0', '2020-07-22 10:36:19', null, '0', null);
INSERT INTO `wr_log_login` VALUES ('30ae69d8b18549fe8b1260471d692c6a', '192.168.176.1', '2020-07-31 11:11:08', '0', '102', 'Mozilla/5.0 (Windows NT 10.0; Win64; x64; rv:68.0) Gecko/20100101 Firefox/68.0', 'Windows 10', 'Windows', 'Computer', 'Microsoft Corporation', 'Win64', 'Firefox', 'Firefox', 'Browser', 'Mozilla Foundation', 'Gecko', '68.0', '', 'lisi', '0', '2020-07-31 11:11:08', null, '0', null);
INSERT INTO `wr_log_login` VALUES ('312355e5d6844c94952710043419e60a', '192.168.176.1', '2020-08-11 15:45:28', '1', '200', 'Mozilla/5.0 (Windows NT 10.0; Win64; x64; rv:68.0) Gecko/20100101 Firefox/68.0', 'Windows 10', 'Windows', 'Computer', 'Microsoft Corporation', 'Win64', 'Firefox', 'Firefox', 'Browser', 'Mozilla Foundation', 'Gecko', '68.0', '1', 'lisi', '0', '2020-08-11 15:45:28', null, '0', null);
INSERT INTO `wr_log_login` VALUES ('313e644d56f44baa829bced7300412b8', '192.168.176.1', '2020-08-24 09:43:35', '0', '102', 'Mozilla/5.0 (Windows NT 10.0; Win64; x64; rv:68.0) Gecko/20100101 Firefox/68.0', 'Windows 10', 'Windows', 'Computer', 'Microsoft Corporation', 'Win64', 'Firefox', 'Firefox', 'Browser', 'Mozilla Foundation', 'Gecko', '68.0', '', 'lisi', '0', '2020-08-24 09:43:35', null, '0', null);
INSERT INTO `wr_log_login` VALUES ('314dccf87faf46fca35a132985903e57', '192.168.176.1', '2020-11-06 14:15:23', '1', '200', 'Mozilla/5.0 (Windows NT 10.0; Win64; x64; rv:68.0) Gecko/20100101 Firefox/68.0', 'Windows 10', 'Windows', 'Computer', 'Microsoft Corporation', 'Win64', 'Firefox', 'Firefox', 'Browser', 'Mozilla Foundation', 'Gecko', '68.0', '1', 'lisi', '0', '2020-11-06 14:15:23', null, '0', null);
INSERT INTO `wr_log_login` VALUES ('32c81a9d0e2f4b7f9b1eaacc1dd38ee7', '192.168.176.1', '2020-07-31 11:15:57', '1', '200', 'Mozilla/5.0 (Windows NT 10.0; Win64; x64; rv:68.0) Gecko/20100101 Firefox/68.0', 'Windows 10', 'Windows', 'Computer', 'Microsoft Corporation', 'Win64', 'Firefox', 'Firefox', 'Browser', 'Mozilla Foundation', 'Gecko', '68.0', '877cde6840054e2fa41a7c62ef9892d3', 'XS201', '0', '2020-07-31 11:15:57', null, '0', null);
INSERT INTO `wr_log_login` VALUES ('34f929a61c69405999aef58c26f1a572', '192.168.1.10', '2020-06-30 14:54:28', '1', '200', 'Mozilla/5.0 (Macintosh; Intel Mac OS X 10_14_5) AppleWebKit/537.36 (KHTML, like Gecko) Chrome/83.0.4103.116 Safari/537.36', 'Mac OS X', 'Mac OS X', 'Computer', 'Apple Inc.', 'Intel Mac OS X 10_14_5', 'Chrome 8', 'Chrome', 'Browser', 'Google Inc.', 'WebKit', '83.0.4103.116', 'ceshi', 'ceshi', '0', '2020-06-30 14:54:28', null, '0', null);
INSERT INTO `wr_log_login` VALUES ('356e9fbb9f6244a8bd4bad46b452af4e', '169.254.94.49', '2020-07-22 17:27:15', '1', '200', 'Mozilla/5.0 (Windows NT 10.0; Win64; x64; rv:68.0) Gecko/20100101 Firefox/68.0', 'Windows 10', 'Windows', 'Computer', 'Microsoft Corporation', 'Win64', 'Firefox', 'Firefox', 'Browser', 'Mozilla Foundation', 'Gecko', '68.0', '1', 'lisi', '0', '2020-07-22 17:27:14', null, '0', null);
INSERT INTO `wr_log_login` VALUES ('373182d67f3b446aa6d4f52e3b94496f', '169.254.94.49', '2021-01-13 14:33:18', '0', '102', 'Mozilla/5.0 (Windows NT 10.0; Win64; x64; rv:78.0) Gecko/20100101 Firefox/78.0', 'Windows 10', 'Windows', 'Computer', 'Microsoft Corporation', 'Win64', 'Firefox 7', 'Firefox', 'Browser', 'Mozilla Foundation', 'Gecko', '78.0', '', 'lisi', '0', '2021-01-13 14:33:17', null, '0', null);
INSERT INTO `wr_log_login` VALUES ('3788f779412a4a059f35ddfd4a6f8f5d', '169.254.94.49', '2020-07-21 19:47:46', '0', '102', 'Mozilla/5.0 (Windows NT 10.0; Win64; x64; rv:68.0) Gecko/20100101 Firefox/68.0', 'Windows 10', 'Windows', 'Computer', 'Microsoft Corporation', 'Win64', 'Firefox', 'Firefox', 'Browser', 'Mozilla Foundation', 'Gecko', '68.0', '', 'zhangsan', '0', '2020-07-21 19:47:45', null, '0', null);
INSERT INTO `wr_log_login` VALUES ('3931646182634671aedc371f0ef170db', '192.168.176.1', '2020-07-26 18:17:24', '0', '101', 'Mozilla/5.0 (Windows NT 10.0; Win64; x64; rv:68.0) Gecko/20100101 Firefox/68.0', 'Windows 10', 'Windows', 'Computer', 'Microsoft Corporation', 'Win64', 'Firefox', 'Firefox', 'Browser', 'Mozilla Foundation', 'Gecko', '68.0', '', 'XS20180112', '0', '2020-07-26 18:17:23', null, '0', null);
INSERT INTO `wr_log_login` VALUES ('39e94d509ce84336af7c7ea0dfb7394d', '169.254.94.49', '2020-07-14 20:24:30', '0', '102', 'Mozilla/5.0 (Windows NT 10.0; Win64; x64; rv:68.0) Gecko/20100101 Firefox/68.0', 'Windows 10', 'Windows', 'Computer', 'Microsoft Corporation', 'Win64', 'Firefox', 'Firefox', 'Browser', 'Mozilla Foundation', 'Gecko', '68.0', '', 'workmail2018@126.com', '0', '2020-07-14 20:24:30', null, '0', null);
INSERT INTO `wr_log_login` VALUES ('3cd0279e89b146a4bf695b92495aefe6', '169.254.94.49', '2020-07-22 10:36:20', '0', '102', 'Mozilla/5.0 (Windows NT 10.0; Win64; x64; rv:68.0) Gecko/20100101 Firefox/68.0', 'Windows 10', 'Windows', 'Computer', 'Microsoft Corporation', 'Win64', 'Firefox', 'Firefox', 'Browser', 'Mozilla Foundation', 'Gecko', '68.0', '', 'lisi', '0', '2020-07-22 10:36:19', null, '0', null);
INSERT INTO `wr_log_login` VALUES ('3fe1dcc4cd044451bbcdbf36e592a1d3', '192.168.176.1', '2020-08-16 16:13:01', '1', '200', 'Mozilla/5.0 (Windows NT 10.0; Win64; x64; rv:68.0) Gecko/20100101 Firefox/68.0', 'Windows 10', 'Windows', 'Computer', 'Microsoft Corporation', 'Win64', 'Firefox', 'Firefox', 'Browser', 'Mozilla Foundation', 'Gecko', '68.0', '1', 'lisi', '0', '2020-08-16 16:13:00', null, '0', null);
INSERT INTO `wr_log_login` VALUES ('40c8c300fd5840a6b0779b9b3f21f417', '192.168.176.1', '2020-07-27 08:51:58', '1', '200', 'Mozilla/5.0 (Windows NT 10.0; Win64; x64; rv:68.0) Gecko/20100101 Firefox/68.0', 'Windows 10', 'Windows', 'Computer', 'Microsoft Corporation', 'Win64', 'Firefox', 'Firefox', 'Browser', 'Mozilla Foundation', 'Gecko', '68.0', '1', 'lisi', '0', '2020-07-27 08:51:58', null, '0', null);
INSERT INTO `wr_log_login` VALUES ('43146c36b0ef4731962595ab03b3ac51', '192.168.176.1', '2020-07-31 11:11:36', '1', '200', 'Mozilla/5.0 (Windows NT 10.0; Win64; x64; rv:68.0) Gecko/20100101 Firefox/68.0', 'Windows 10', 'Windows', 'Computer', 'Microsoft Corporation', 'Win64', 'Firefox', 'Firefox', 'Browser', 'Mozilla Foundation', 'Gecko', '68.0', '1', 'lisi', '0', '2020-07-31 11:11:36', null, '0', null);
INSERT INTO `wr_log_login` VALUES ('456ab28257504077b4fd06c64fa9ba1b', '192.168.1.178', '2020-06-30 16:27:15', '1', '200', 'Mozilla/5.0 (Windows NT 10.0; Win64; x64; rv:68.0) Gecko/20100101 Firefox/68.0', 'Windows 10', 'Windows', 'Computer', 'Microsoft Corporation', 'Win64', 'Firefox', 'Firefox', 'Browser', 'Mozilla Foundation', 'Gecko', '68.0', '1', 'lisi', '0', '2020-06-30 16:27:15', null, '0', null);
INSERT INTO `wr_log_login` VALUES ('45b7b64ccaf342d8a5e45bb2c2643c49', '192.168.176.1', '2020-11-04 16:19:18', '1', '200', 'Mozilla/5.0 (Windows NT 10.0; Win64; x64; rv:68.0) Gecko/20100101 Firefox/68.0', 'Windows 10', 'Windows', 'Computer', 'Microsoft Corporation', 'Win64', 'Firefox', 'Firefox', 'Browser', 'Mozilla Foundation', 'Gecko', '68.0', '1', 'lisi', '0', '2020-11-04 16:19:18', null, '0', null);
INSERT INTO `wr_log_login` VALUES ('4922a44952f44778bd500cdfdeb6ba7b', '192.168.176.1', '2020-11-09 16:12:38', '1', '200', 'Mozilla/5.0 (Windows NT 10.0; Win64; x64; rv:68.0) Gecko/20100101 Firefox/68.0', 'Windows 10', 'Windows', 'Computer', 'Microsoft Corporation', 'Win64', 'Firefox', 'Firefox', 'Browser', 'Mozilla Foundation', 'Gecko', '68.0', '1', 'lisi', '0', '2020-11-09 16:12:38', null, '0', null);
INSERT INTO `wr_log_login` VALUES ('4a0fd4ba71644da292ba13ebc19b7a06', '169.254.94.49', '2020-08-15 17:21:02', '1', '200', 'Mozilla/5.0 (Windows NT 10.0; Win64; x64; rv:68.0) Gecko/20100101 Firefox/68.0', 'Windows 10', 'Windows', 'Computer', 'Microsoft Corporation', 'Win64', 'Firefox', 'Firefox', 'Browser', 'Mozilla Foundation', 'Gecko', '68.0', '1', 'lisi', '0', '2020-08-15 17:21:02', null, '0', null);
INSERT INTO `wr_log_login` VALUES ('5279acf76afe4b33a2885863783ee4e3', '192.168.176.1', '2020-10-28 11:31:25', '1', '200', 'Mozilla/5.0 (Windows NT 10.0; Win64; x64; rv:68.0) Gecko/20100101 Firefox/68.0', 'Windows 10', 'Windows', 'Computer', 'Microsoft Corporation', 'Win64', 'Firefox', 'Firefox', 'Browser', 'Mozilla Foundation', 'Gecko', '68.0', '1', 'lisi', '0', '2020-10-28 11:31:25', null, '0', null);
INSERT INTO `wr_log_login` VALUES ('56286cd0388a4e6a9e89e61758699582', '192.168.176.1', '2020-08-24 09:44:00', '1', '200', 'Mozilla/5.0 (Windows NT 10.0; Win64; x64; rv:68.0) Gecko/20100101 Firefox/68.0', 'Windows 10', 'Windows', 'Computer', 'Microsoft Corporation', 'Win64', 'Firefox', 'Firefox', 'Browser', 'Mozilla Foundation', 'Gecko', '68.0', '1', 'lisi', '0', '2020-08-24 09:44:00', null, '0', null);
INSERT INTO `wr_log_login` VALUES ('56dfc0874cb743eaa936a55737c161ff', '169.254.94.49', '2020-07-22 10:34:41', '1', '200', 'Mozilla/5.0 (Windows NT 10.0; Win64; x64; rv:68.0) Gecko/20100101 Firefox/68.0', 'Windows 10', 'Windows', 'Computer', 'Microsoft Corporation', 'Win64', 'Firefox', 'Firefox', 'Browser', 'Mozilla Foundation', 'Gecko', '68.0', '1', 'lisi', '0', '2020-07-22 10:34:41', null, '0', null);
INSERT INTO `wr_log_login` VALUES ('5a8e901dd719459c9beea6020840560e', '169.254.94.49', '2020-07-14 20:27:18', '1', '200', 'Mozilla/5.0 (Windows NT 10.0; Win64; x64; rv:68.0) Gecko/20100101 Firefox/68.0', 'Windows 10', 'Windows', 'Computer', 'Microsoft Corporation', 'Win64', 'Firefox', 'Firefox', 'Browser', 'Mozilla Foundation', 'Gecko', '68.0', '1', 'lisi', '0', '2020-07-14 20:27:17', null, '0', null);
INSERT INTO `wr_log_login` VALUES ('5ac3ee98df9f431d9bf0c4b9fec9af5c', '169.254.94.49', '2020-07-21 19:49:31', '0', '102', 'Mozilla/5.0 (Windows NT 10.0; Win64; x64; rv:68.0) Gecko/20100101 Firefox/68.0', 'Windows 10', 'Windows', 'Computer', 'Microsoft Corporation', 'Win64', 'Firefox', 'Firefox', 'Browser', 'Mozilla Foundation', 'Gecko', '68.0', '', 'zhangsan', '0', '2020-07-21 19:49:31', null, '0', null);
INSERT INTO `wr_log_login` VALUES ('5bbaa622c77c46e7b67db5bd0de3a8b2', '169.254.94.49', '2020-11-11 14:45:45', '1', '200', 'Mozilla/5.0 (Windows NT 10.0; Win64; x64; rv:68.0) Gecko/20100101 Firefox/68.0', 'Windows 10', 'Windows', 'Computer', 'Microsoft Corporation', 'Win64', 'Firefox', 'Firefox', 'Browser', 'Mozilla Foundation', 'Gecko', '68.0', '1', 'lisi', '0', '2020-11-11 14:45:44', null, '0', null);
INSERT INTO `wr_log_login` VALUES ('5d0a99f85bd749219d3375ac766fe5f4', '169.254.94.49', '2020-07-22 17:21:42', '1', '200', 'Mozilla/5.0 (Windows NT 10.0; Win64; x64; rv:68.0) Gecko/20100101 Firefox/68.0', 'Windows 10', 'Windows', 'Computer', 'Microsoft Corporation', 'Win64', 'Firefox', 'Firefox', 'Browser', 'Mozilla Foundation', 'Gecko', '68.0', '1', 'lisi', '0', '2020-07-22 17:21:41', null, '0', null);
INSERT INTO `wr_log_login` VALUES ('5ed5575979224789bdcd799b22baadde', '192.168.176.1', '2020-11-06 14:14:45', '1', '200', 'Mozilla/5.0 (Windows NT 10.0; Win64; x64; rv:68.0) Gecko/20100101 Firefox/68.0', 'Windows 10', 'Windows', 'Computer', 'Microsoft Corporation', 'Win64', 'Firefox', 'Firefox', 'Browser', 'Mozilla Foundation', 'Gecko', '68.0', '1', 'lisi', '0', '2020-11-06 14:14:45', null, '0', null);
INSERT INTO `wr_log_login` VALUES ('5f52d266216742dd994924718ef3166a', '169.254.94.49', '2020-07-14 15:07:47', '1', '200', 'Mozilla/5.0 (Windows NT 10.0; Win64; x64; rv:68.0) Gecko/20100101 Firefox/68.0', 'Windows 10', 'Windows', 'Computer', 'Microsoft Corporation', 'Win64', 'Firefox', 'Firefox', 'Browser', 'Mozilla Foundation', 'Gecko', '68.0', '1', 'lisi', '0', '2020-07-14 15:07:47', null, '0', null);
INSERT INTO `wr_log_login` VALUES ('63a4aad73e714c2cbd7a2dae2f0e94aa', '169.254.94.49', '2020-07-14 20:05:34', '0', '102', 'Mozilla/5.0 (Windows NT 10.0; Win64; x64; rv:68.0) Gecko/20100101 Firefox/68.0', 'Windows 10', 'Windows', 'Computer', 'Microsoft Corporation', 'Win64', 'Firefox', 'Firefox', 'Browser', 'Mozilla Foundation', 'Gecko', '68.0', '', 'lisi@126.com', '0', '2020-07-14 20:05:34', null, '0', null);
INSERT INTO `wr_log_login` VALUES ('6455fe89086f4f36851bb3c6f100e003', '169.254.94.49', '2020-07-13 18:41:07', '0', '102', 'Mozilla/5.0 (Windows NT 10.0; Win64; x64; rv:68.0) Gecko/20100101 Firefox/68.0', 'Windows 10', 'Windows', 'Computer', 'Microsoft Corporation', 'Win64', 'Firefox', 'Firefox', 'Browser', 'Mozilla Foundation', 'Gecko', '68.0', '', 'lisi', '0', '2020-07-13 18:41:06', null, '0', null);
INSERT INTO `wr_log_login` VALUES ('64ac5c53fa1448439bfabc591d134334', '169.254.94.49', '2021-01-13 14:54:38', '1', '200', 'Mozilla/5.0 (Windows NT 10.0; Win64; x64; rv:78.0) Gecko/20100101 Firefox/78.0', 'Windows 10', 'Windows', 'Computer', 'Microsoft Corporation', 'Win64', 'Firefox 7', 'Firefox', 'Browser', 'Mozilla Foundation', 'Gecko', '78.0', '1', 'lisi', '0', '2021-01-13 14:54:38', null, '0', null);
INSERT INTO `wr_log_login` VALUES ('6675141868d54b08809459edd0b8203f', '169.254.94.49', '2020-07-21 13:39:37', '1', '200', 'Mozilla/5.0 (Windows NT 10.0; Win64; x64; rv:68.0) Gecko/20100101 Firefox/68.0', 'Windows 10', 'Windows', 'Computer', 'Microsoft Corporation', 'Win64', 'Firefox', 'Firefox', 'Browser', 'Mozilla Foundation', 'Gecko', '68.0', '1', 'lisi', '0', '2020-07-21 13:39:37', null, '0', null);
INSERT INTO `wr_log_login` VALUES ('682a1623ba9744a288818080305c3b64', '169.254.94.49', '2020-07-14 20:23:46', '0', '102', 'Mozilla/5.0 (Windows NT 10.0; Win64; x64; rv:68.0) Gecko/20100101 Firefox/68.0', 'Windows 10', 'Windows', 'Computer', 'Microsoft Corporation', 'Win64', 'Firefox', 'Firefox', 'Browser', 'Mozilla Foundation', 'Gecko', '68.0', '', 'workmail2018@126.com', '0', '2020-07-14 20:23:45', null, '0', null);
INSERT INTO `wr_log_login` VALUES ('69cfbe684c934aa190e9ab7b065e7adb', '169.254.94.49', '2020-11-13 09:18:23', '1', '200', 'Mozilla/5.0 (Windows NT 10.0; Win64; x64; rv:68.0) Gecko/20100101 Firefox/68.0', 'Windows 10', 'Windows', 'Computer', 'Microsoft Corporation', 'Win64', 'Firefox', 'Firefox', 'Browser', 'Mozilla Foundation', 'Gecko', '68.0', '1', 'lisi', '0', '2020-11-13 09:18:22', null, '0', null);
INSERT INTO `wr_log_login` VALUES ('6a9cd9b00b0f4e25979936327f4d545b', '192.168.176.1', '2020-07-27 09:56:11', '0', '101', 'Mozilla/5.0 (Windows NT 10.0; Win64; x64; rv:68.0) Gecko/20100101 Firefox/68.0', 'Windows 10', 'Windows', 'Computer', 'Microsoft Corporation', 'Win64', 'Firefox', 'Firefox', 'Browser', 'Mozilla Foundation', 'Gecko', '68.0', '', 'XS20180112', '0', '2020-07-27 09:56:11', null, '0', null);
INSERT INTO `wr_log_login` VALUES ('6f63011840594efabea8cff86506143c', '169.254.94.49', '2020-11-30 12:58:32', '1', '200', 'Mozilla/5.0 (Windows NT 10.0; Win64; x64; rv:68.0) Gecko/20100101 Firefox/68.0', 'Windows 10', 'Windows', 'Computer', 'Microsoft Corporation', 'Win64', 'Firefox', 'Firefox', 'Browser', 'Mozilla Foundation', 'Gecko', '68.0', '1', 'lisi', '0', '2020-11-30 12:58:31', null, '0', null);
INSERT INTO `wr_log_login` VALUES ('726e1f04a2e64d3ca98aa1439b915705', '192.168.176.1', '2020-07-31 16:51:42', '1', '200', 'Mozilla/5.0 (Windows NT 10.0; Win64; x64; rv:68.0) Gecko/20100101 Firefox/68.0', 'Windows 10', 'Windows', 'Computer', 'Microsoft Corporation', 'Win64', 'Firefox', 'Firefox', 'Browser', 'Mozilla Foundation', 'Gecko', '68.0', '1', 'lisi', '0', '2020-07-31 16:51:42', null, '0', null);
INSERT INTO `wr_log_login` VALUES ('734793c41d7b4cef8c38a9e4f4c309e4', '192.168.176.1', '2020-08-16 16:13:03', '0', '102', 'Mozilla/5.0 (Windows NT 10.0; Win64; x64; rv:68.0) Gecko/20100101 Firefox/68.0', 'Windows 10', 'Windows', 'Computer', 'Microsoft Corporation', 'Win64', 'Firefox', 'Firefox', 'Browser', 'Mozilla Foundation', 'Gecko', '68.0', '', 'lisi', '0', '2020-08-16 16:13:03', null, '0', null);
INSERT INTO `wr_log_login` VALUES ('7714b0d993624fa290bac3f8719c09ed', '192.168.176.1', '2020-07-26 17:44:22', '1', '200', 'Mozilla/5.0 (Windows NT 10.0; Win64; x64; rv:68.0) Gecko/20100101 Firefox/68.0', 'Windows 10', 'Windows', 'Computer', 'Microsoft Corporation', 'Win64', 'Firefox', 'Firefox', 'Browser', 'Mozilla Foundation', 'Gecko', '68.0', '1', 'lisi', '0', '2020-07-26 17:44:21', null, '0', null);
INSERT INTO `wr_log_login` VALUES ('778d07d33d1340bea7c91fb84efdecd2', '192.168.176.1', '2020-10-30 12:26:28', '1', '200', 'Mozilla/5.0 (Windows NT 10.0; Win64; x64; rv:68.0) Gecko/20100101 Firefox/68.0', 'Windows 10', 'Windows', 'Computer', 'Microsoft Corporation', 'Win64', 'Firefox', 'Firefox', 'Browser', 'Mozilla Foundation', 'Gecko', '68.0', '1', 'lisi', '0', '2020-10-30 12:26:28', null, '0', null);
INSERT INTO `wr_log_login` VALUES ('7c5f83ce18c6471aa07f6b4e4832b9f4', '169.254.94.49', '2020-07-22 10:36:13', '0', '102', 'Mozilla/5.0 (Windows NT 10.0; Win64; x64; rv:68.0) Gecko/20100101 Firefox/68.0', 'Windows 10', 'Windows', 'Computer', 'Microsoft Corporation', 'Win64', 'Firefox', 'Firefox', 'Browser', 'Mozilla Foundation', 'Gecko', '68.0', '', 'lisi', '0', '2020-07-22 10:36:13', null, '0', null);
INSERT INTO `wr_log_login` VALUES ('7dd2e1f9c8264ec69de2471df9bfe87e', '169.254.94.49', '2020-11-12 10:42:08', '1', '200', 'Mozilla/5.0 (Windows NT 10.0; Win64; x64; rv:68.0) Gecko/20100101 Firefox/68.0', 'Windows 10', 'Windows', 'Computer', 'Microsoft Corporation', 'Win64', 'Firefox', 'Firefox', 'Browser', 'Mozilla Foundation', 'Gecko', '68.0', '1', 'lisi', '0', '2020-11-12 10:42:07', null, '0', null);
INSERT INTO `wr_log_login` VALUES ('811fecf37a704a2ca2ce40686ee3ab37', '192.168.176.1', '2020-08-16 16:14:12', '1', '200', 'Mozilla/5.0 (Windows NT 10.0; Win64; x64; rv:68.0) Gecko/20100101 Firefox/68.0', 'Windows 10', 'Windows', 'Computer', 'Microsoft Corporation', 'Win64', 'Firefox', 'Firefox', 'Browser', 'Mozilla Foundation', 'Gecko', '68.0', '1', 'lisi', '0', '2020-08-16 16:14:11', null, '0', null);
INSERT INTO `wr_log_login` VALUES ('84144f67b6e944d085e3ff35971a9275', '192.168.176.1', '2020-07-26 17:42:22', '1', '200', 'Mozilla/5.0 (Windows NT 10.0; Win64; x64; rv:68.0) Gecko/20100101 Firefox/68.0', 'Windows 10', 'Windows', 'Computer', 'Microsoft Corporation', 'Win64', 'Firefox', 'Firefox', 'Browser', 'Mozilla Foundation', 'Gecko', '68.0', '1', 'lisi', '0', '2020-07-26 17:42:22', null, '0', null);
INSERT INTO `wr_log_login` VALUES ('858e641587cc4f6b859738ee53761c6a', '192.168.176.1', '2020-07-26 18:13:51', '0', '102', 'Mozilla/5.0 (Windows NT 10.0; Win64; x64; rv:68.0) Gecko/20100101 Firefox/68.0', 'Windows 10', 'Windows', 'Computer', 'Microsoft Corporation', 'Win64', 'Firefox', 'Firefox', 'Browser', 'Mozilla Foundation', 'Gecko', '68.0', '', 'XS20180112', '0', '2020-07-26 18:13:51', null, '0', null);
INSERT INTO `wr_log_login` VALUES ('859a37fa437642589cd6793fe0a8b12b', '169.254.94.49', '2020-07-23 09:29:07', '1', '200', 'Mozilla/5.0 (Windows NT 10.0; Win64; x64; rv:68.0) Gecko/20100101 Firefox/68.0', 'Windows 10', 'Windows', 'Computer', 'Microsoft Corporation', 'Win64', 'Firefox', 'Firefox', 'Browser', 'Mozilla Foundation', 'Gecko', '68.0', '1', 'lisi', '0', '2020-07-23 09:29:07', null, '0', null);
INSERT INTO `wr_log_login` VALUES ('883123ffbf744ddcbe96fb4ccc76ce52', '169.254.94.49', '2020-07-21 19:52:33', '1', '200', 'Mozilla/5.0 (Windows NT 10.0; Win64; x64; rv:68.0) Gecko/20100101 Firefox/68.0', 'Windows 10', 'Windows', 'Computer', 'Microsoft Corporation', 'Win64', 'Firefox', 'Firefox', 'Browser', 'Mozilla Foundation', 'Gecko', '68.0', '1', 'lisi', '0', '2020-07-21 19:52:33', null, '0', null);
INSERT INTO `wr_log_login` VALUES ('8a8809e6f3a84ef199019e2e50d60dee', '192.168.176.1', '2020-08-06 10:33:26', '1', '200', 'Mozilla/5.0 (Windows NT 10.0; Win64; x64; rv:68.0) Gecko/20100101 Firefox/68.0', 'Windows 10', 'Windows', 'Computer', 'Microsoft Corporation', 'Win64', 'Firefox', 'Firefox', 'Browser', 'Mozilla Foundation', 'Gecko', '68.0', '1', 'lisi', '0', '2020-08-06 10:33:26', null, '0', null);
INSERT INTO `wr_log_login` VALUES ('8e2ca73eb291466cb2d25abbc72e6916', '169.254.94.49', '2020-07-15 17:38:47', '0', '102', 'Mozilla/5.0 (Windows NT 10.0; Win64; x64; rv:68.0) Gecko/20100101 Firefox/68.0', 'Windows 10', 'Windows', 'Computer', 'Microsoft Corporation', 'Win64', 'Firefox', 'Firefox', 'Browser', 'Mozilla Foundation', 'Gecko', '68.0', '', 'lisi', '0', '2020-07-15 17:38:48', null, '0', null);
INSERT INTO `wr_log_login` VALUES ('921d97789cd3426d86d697a55a088a18', '169.254.94.49', '2020-07-17 10:01:41', '1', '200', 'Mozilla/5.0 (Windows NT 10.0; Win64; x64; rv:68.0) Gecko/20100101 Firefox/68.0', 'Windows 10', 'Windows', 'Computer', 'Microsoft Corporation', 'Win64', 'Firefox', 'Firefox', 'Browser', 'Mozilla Foundation', 'Gecko', '68.0', '1', 'lisi', '0', '2020-07-17 10:01:40', null, '0', null);
INSERT INTO `wr_log_login` VALUES ('9342292247f546a883886331cc0b736c', '169.254.94.49', '2020-07-20 17:51:18', '1', '200', 'Mozilla/5.0 (Windows NT 10.0; Win64; x64; rv:68.0) Gecko/20100101 Firefox/68.0', 'Windows 10', 'Windows', 'Computer', 'Microsoft Corporation', 'Win64', 'Firefox', 'Firefox', 'Browser', 'Mozilla Foundation', 'Gecko', '68.0', '1', 'lisi', '0', '2020-07-20 17:51:18', null, '0', null);
INSERT INTO `wr_log_login` VALUES ('94c1cdd43da649f0a664699298fd6e6e', '192.168.176.1', '2020-08-03 10:21:38', '0', '102', 'Mozilla/5.0 (Windows NT 10.0; Win64; x64; rv:68.0) Gecko/20100101 Firefox/68.0', 'Windows 10', 'Windows', 'Computer', 'Microsoft Corporation', 'Win64', 'Firefox', 'Firefox', 'Browser', 'Mozilla Foundation', 'Gecko', '68.0', '', 'lisi', '0', '2020-08-03 10:21:37', null, '0', null);
INSERT INTO `wr_log_login` VALUES ('94d9d0ce6b564bd5a8092227c40f6795', '169.254.94.49', '2020-07-22 10:30:51', '1', '200', 'Mozilla/5.0 (Windows NT 10.0; Win64; x64; rv:68.0) Gecko/20100101 Firefox/68.0', 'Windows 10', 'Windows', 'Computer', 'Microsoft Corporation', 'Win64', 'Firefox', 'Firefox', 'Browser', 'Mozilla Foundation', 'Gecko', '68.0', '1', 'lisi', '0', '2020-07-22 10:30:51', null, '0', null);
INSERT INTO `wr_log_login` VALUES ('98b41f06064c4f73a97c41ee72e2ec79', '169.254.94.49', '2020-07-01 08:53:11', '1', '200', 'Mozilla/5.0 (Windows NT 10.0; Win64; x64; rv:68.0) Gecko/20100101 Firefox/68.0', 'Windows 10', 'Windows', 'Computer', 'Microsoft Corporation', 'Win64', 'Firefox', 'Firefox', 'Browser', 'Mozilla Foundation', 'Gecko', '68.0', '1', 'lisi', '0', '2020-07-01 08:53:10', null, '0', null);
INSERT INTO `wr_log_login` VALUES ('9cb462ddbdf042a389db2ff6af01a547', '192.168.176.1', '2020-07-31 17:03:04', '1', '200', 'Mozilla/5.0 (Windows NT 10.0; Win64; x64; rv:68.0) Gecko/20100101 Firefox/68.0', 'Windows 10', 'Windows', 'Computer', 'Microsoft Corporation', 'Win64', 'Firefox', 'Firefox', 'Browser', 'Mozilla Foundation', 'Gecko', '68.0', '92ff822528bd40a58b5e5a66b486e108', 'XS201', '0', '2020-07-31 17:03:04', null, '0', null);
INSERT INTO `wr_log_login` VALUES ('9efe0599bd6142579ace789b29b73ae3', '169.254.94.49', '2021-03-02 16:51:33', '1', '200', 'Mozilla/5.0 (Windows NT 10.0; Win64; x64; rv:78.0) Gecko/20100101 Firefox/78.0', 'Windows 10', 'Windows', 'Computer', 'Microsoft Corporation', 'Win64', 'Firefox 7', 'Firefox', 'Browser', 'Mozilla Foundation', 'Gecko', '78.0', '1', 'lisi', '0', '2021-03-02 16:51:33', null, '0', null);
INSERT INTO `wr_log_login` VALUES ('a2f411c390504e3da0d792a9b912c00b', '192.168.176.1', '2020-07-28 11:45:37', '1', '200', 'Mozilla/5.0 (Windows NT 10.0; Win64; x64; rv:68.0) Gecko/20100101 Firefox/68.0', 'Windows 10', 'Windows', 'Computer', 'Microsoft Corporation', 'Win64', 'Firefox', 'Firefox', 'Browser', 'Mozilla Foundation', 'Gecko', '68.0', '1', 'lisi', '0', '2020-07-28 11:45:36', null, '0', null);
INSERT INTO `wr_log_login` VALUES ('a557ab4cdc0d4f508c2413d87255ae46', '169.254.94.49', '2020-07-21 19:38:38', '0', '102', 'Mozilla/5.0 (Windows NT 10.0; Win64; x64; rv:68.0) Gecko/20100101 Firefox/68.0', 'Windows 10', 'Windows', 'Computer', 'Microsoft Corporation', 'Win64', 'Firefox', 'Firefox', 'Browser', 'Mozilla Foundation', 'Gecko', '68.0', '', 'lisi', '0', '2020-07-21 19:38:38', null, '0', null);
INSERT INTO `wr_log_login` VALUES ('a6640f3cd7e7403087f3ebbc47415eb5', '192.168.176.1', '2020-11-05 10:05:39', '1', '200', 'Mozilla/5.0 (Windows NT 10.0; Win64; x64; rv:68.0) Gecko/20100101 Firefox/68.0', 'Windows 10', 'Windows', 'Computer', 'Microsoft Corporation', 'Win64', 'Firefox', 'Firefox', 'Browser', 'Mozilla Foundation', 'Gecko', '68.0', '1', 'lisi', '0', '2020-11-05 10:05:39', null, '0', null);
INSERT INTO `wr_log_login` VALUES ('a6a1dda76b5c425dbf69e3d8f029bfd3', '192.168.176.1', '2020-10-30 10:50:35', '1', '200', 'Mozilla/5.0 (Windows NT 10.0; Win64; x64; rv:68.0) Gecko/20100101 Firefox/68.0', 'Windows 10', 'Windows', 'Computer', 'Microsoft Corporation', 'Win64', 'Firefox', 'Firefox', 'Browser', 'Mozilla Foundation', 'Gecko', '68.0', '1', 'lisi', '0', '2020-10-30 10:50:35', null, '0', null);
INSERT INTO `wr_log_login` VALUES ('b01b3cca73db4b8f9617c86edd6d7a3c', '192.168.176.1', '2020-08-03 10:22:10', '1', '200', 'Mozilla/5.0 (Windows NT 10.0; Win64; x64; rv:68.0) Gecko/20100101 Firefox/68.0', 'Windows 10', 'Windows', 'Computer', 'Microsoft Corporation', 'Win64', 'Firefox', 'Firefox', 'Browser', 'Mozilla Foundation', 'Gecko', '68.0', '1', 'lisi', '0', '2020-08-03 10:22:09', null, '0', null);
INSERT INTO `wr_log_login` VALUES ('b301a8a393174c8cbaad071c15888d77', '169.254.94.49', '2020-07-22 10:36:18', '0', '102', 'Mozilla/5.0 (Windows NT 10.0; Win64; x64; rv:68.0) Gecko/20100101 Firefox/68.0', 'Windows 10', 'Windows', 'Computer', 'Microsoft Corporation', 'Win64', 'Firefox', 'Firefox', 'Browser', 'Mozilla Foundation', 'Gecko', '68.0', '', 'lisi', '0', '2020-07-22 10:36:18', null, '0', null);
INSERT INTO `wr_log_login` VALUES ('b352d9732def41bb829ee973594502a4', '192.168.176.1', '2020-08-02 14:35:48', '1', '200', 'Mozilla/5.0 (Windows NT 10.0; Win64; x64; rv:68.0) Gecko/20100101 Firefox/68.0', 'Windows 10', 'Windows', 'Computer', 'Microsoft Corporation', 'Win64', 'Firefox', 'Firefox', 'Browser', 'Mozilla Foundation', 'Gecko', '68.0', '1', 'lisi', '0', '2020-08-02 14:35:47', null, '0', null);
INSERT INTO `wr_log_login` VALUES ('b5b15ce25e5b4a43b127424e157300a5', '169.254.94.49', '2020-07-15 15:24:44', '1', '200', 'Mozilla/5.0 (Windows NT 10.0; Win64; x64; rv:68.0) Gecko/20100101 Firefox/68.0', 'Windows 10', 'Windows', 'Computer', 'Microsoft Corporation', 'Win64', 'Firefox', 'Firefox', 'Browser', 'Mozilla Foundation', 'Gecko', '68.0', '1', 'lisi', '0', '2020-07-15 15:24:44', null, '0', null);
INSERT INTO `wr_log_login` VALUES ('b5dfef7f44fe4c66beee425346b4ab53', '192.168.176.1', '2020-07-27 09:47:54', '0', '101', 'Mozilla/5.0 (Windows NT 10.0; Win64; x64; rv:68.0) Gecko/20100101 Firefox/68.0', 'Windows 10', 'Windows', 'Computer', 'Microsoft Corporation', 'Win64', 'Firefox', 'Firefox', 'Browser', 'Mozilla Foundation', 'Gecko', '68.0', '', 'XS20180112', '0', '2020-07-27 09:47:53', null, '0', null);
INSERT INTO `wr_log_login` VALUES ('b670c0476ee449078f5707642626b285', '192.168.1.178', '2020-06-30 15:08:52', '0', '103', 'Mozilla/5.0 (Windows NT 10.0; Win64; x64; rv:68.0) Gecko/20100101 Firefox/68.0', 'Windows 10', 'Windows', 'Computer', 'Microsoft Corporation', 'Win64', 'Firefox', 'Firefox', 'Browser', 'Mozilla Foundation', 'Gecko', '68.0', '', 'lisi', '0', '2020-06-30 15:08:52', null, '0', null);
INSERT INTO `wr_log_login` VALUES ('b687b5eb3bed49c9a23c9915334afa56', '169.254.94.49', '2020-07-14 20:06:34', '0', '102', 'Mozilla/5.0 (Windows NT 10.0; Win64; x64; rv:68.0) Gecko/20100101 Firefox/68.0', 'Windows 10', 'Windows', 'Computer', 'Microsoft Corporation', 'Win64', 'Firefox', 'Firefox', 'Browser', 'Mozilla Foundation', 'Gecko', '68.0', '', 'lisi@126.com', '0', '2020-07-14 20:06:34', null, '0', null);
INSERT INTO `wr_log_login` VALUES ('ba14495df48d41c3a203cb32c814aa0f', '192.168.176.1', '2020-07-31 16:55:29', '1', '200', 'Mozilla/5.0 (Windows NT 10.0; Win64; x64; rv:68.0) Gecko/20100101 Firefox/68.0', 'Windows 10', 'Windows', 'Computer', 'Microsoft Corporation', 'Win64', 'Firefox', 'Firefox', 'Browser', 'Mozilla Foundation', 'Gecko', '68.0', '1', 'lisi', '0', '2020-07-31 16:55:28', null, '0', null);
INSERT INTO `wr_log_login` VALUES ('bde909c9a6284588a093379146c9daf0', '192.168.176.1', '2020-07-27 09:57:10', '1', '200', 'Mozilla/5.0 (Windows NT 10.0; Win64; x64; rv:68.0) Gecko/20100101 Firefox/68.0', 'Windows 10', 'Windows', 'Computer', 'Microsoft Corporation', 'Win64', 'Firefox', 'Firefox', 'Browser', 'Mozilla Foundation', 'Gecko', '68.0', '1', 'lisi', '0', '2020-07-27 09:57:10', null, '0', null);
INSERT INTO `wr_log_login` VALUES ('bf751f257cbd40678238e1a6dbbce564', '169.254.94.49', '2020-07-15 15:46:41', '0', '101', 'Mozilla/5.0 (Windows NT 10.0; Win64; x64; rv:68.0) Gecko/20100101 Firefox/68.0', 'Windows 10', 'Windows', 'Computer', 'Microsoft Corporation', 'Win64', 'Firefox', 'Firefox', 'Browser', 'Mozilla Foundation', 'Gecko', '68.0', '', 'lisi', '0', '2020-07-15 15:46:41', null, '0', null);
INSERT INTO `wr_log_login` VALUES ('c36cb67f0d9240f58ce0a7b536c84e3e', '169.254.94.49', '2020-07-13 20:01:34', '1', '200', 'Mozilla/5.0 (Windows NT 10.0; Win64; x64; rv:68.0) Gecko/20100101 Firefox/68.0', 'Windows 10', 'Windows', 'Computer', 'Microsoft Corporation', 'Win64', 'Firefox', 'Firefox', 'Browser', 'Mozilla Foundation', 'Gecko', '68.0', '921eb1c149f94dea915cbfef7357187b', 'wangwu', '0', '2020-07-13 20:01:34', null, '0', null);
INSERT INTO `wr_log_login` VALUES ('c3865f3e18cc42a283e62d639ab5c11e', '192.168.176.1', '2020-07-31 11:17:11', '1', '200', 'Mozilla/5.0 (Windows NT 10.0; Win64; x64; rv:68.0) Gecko/20100101 Firefox/68.0', 'Windows 10', 'Windows', 'Computer', 'Microsoft Corporation', 'Win64', 'Firefox', 'Firefox', 'Browser', 'Mozilla Foundation', 'Gecko', '68.0', '935c2e99ab8c40589bfb47d49ecfea74', 'XS20180180', '0', '2020-07-31 11:17:10', null, '0', null);
INSERT INTO `wr_log_login` VALUES ('c3f3761d86bd479ea66f9758458317ed', '192.168.176.1', '2020-07-29 10:24:47', '1', '200', 'Mozilla/5.0 (Windows NT 10.0; Win64; x64; rv:68.0) Gecko/20100101 Firefox/68.0', 'Windows 10', 'Windows', 'Computer', 'Microsoft Corporation', 'Win64', 'Firefox', 'Firefox', 'Browser', 'Mozilla Foundation', 'Gecko', '68.0', '1', 'lisi', '0', '2020-07-29 10:24:47', null, '0', null);
INSERT INTO `wr_log_login` VALUES ('c5235c07a2624e39954ffc082c230dd9', '169.254.94.49', '2021-03-03 09:55:50', '1', '200', 'Mozilla/5.0 (Windows NT 10.0; Win64; x64; rv:78.0) Gecko/20100101 Firefox/78.0', 'Windows 10', 'Windows', 'Computer', 'Microsoft Corporation', 'Win64', 'Firefox 7', 'Firefox', 'Browser', 'Mozilla Foundation', 'Gecko', '78.0', '1', 'lisi', '0', '2021-03-03 09:55:49', null, '0', null);
INSERT INTO `wr_log_login` VALUES ('c6ca48da1d164c12b86ee6b321540b6c', '192.168.176.1', '2020-07-28 10:57:49', '0', '101', 'Mozilla/5.0 (Windows NT 10.0; Win64; x64; rv:68.0) Gecko/20100101 Firefox/68.0', 'Windows 10', 'Windows', 'Computer', 'Microsoft Corporation', 'Win64', 'Firefox', 'Firefox', 'Browser', 'Mozilla Foundation', 'Gecko', '68.0', '', 'lisi', '0', '2020-07-28 10:57:48', null, '0', null);
INSERT INTO `wr_log_login` VALUES ('cb2515766dbf4c00b8cead4da3c943ed', '192.168.176.1', '2020-07-30 09:27:11', '1', '200', 'Mozilla/5.0 (Windows NT 10.0; Win64; x64; rv:68.0) Gecko/20100101 Firefox/68.0', 'Windows 10', 'Windows', 'Computer', 'Microsoft Corporation', 'Win64', 'Firefox', 'Firefox', 'Browser', 'Mozilla Foundation', 'Gecko', '68.0', '1', 'lisi', '0', '2020-07-30 09:27:11', null, '0', null);
INSERT INTO `wr_log_login` VALUES ('ccda35617a7d4fca8d6f2912a3a6230f', '169.254.94.49', '2020-07-13 18:34:25', '0', '102', 'Mozilla/5.0 (Windows NT 10.0; Win64; x64; rv:68.0) Gecko/20100101 Firefox/68.0', 'Windows 10', 'Windows', 'Computer', 'Microsoft Corporation', 'Win64', 'Firefox', 'Firefox', 'Browser', 'Mozilla Foundation', 'Gecko', '68.0', '', 'lisi', '0', '2020-07-13 18:34:25', null, '0', null);
INSERT INTO `wr_log_login` VALUES ('d008cb0ad9fb44e9b4c53e7975e4fa77', '169.254.94.49', '2020-07-22 10:36:16', '0', '102', 'Mozilla/5.0 (Windows NT 10.0; Win64; x64; rv:68.0) Gecko/20100101 Firefox/68.0', 'Windows 10', 'Windows', 'Computer', 'Microsoft Corporation', 'Win64', 'Firefox', 'Firefox', 'Browser', 'Mozilla Foundation', 'Gecko', '68.0', '', 'lisi', '0', '2020-07-22 10:36:15', null, '0', null);
INSERT INTO `wr_log_login` VALUES ('d48961133dd0472783fc3e5bfbc6b72f', '192.168.1.130', '2020-06-30 14:58:25', '1', '200', 'Mozilla/5.0 (Macintosh; Intel Mac OS X 10_15_5) AppleWebKit/537.36 (KHTML, like Gecko) Chrome/83.0.4103.116 Safari/537.36', 'Mac OS X', 'Mac OS X', 'Computer', 'Apple Inc.', 'Intel Mac OS X 10_15_5', 'Chrome 8', 'Chrome', 'Browser', 'Google Inc.', 'WebKit', '83.0.4103.116', 'ceshi', 'ceshi', '0', '2020-06-30 14:58:25', null, '0', null);
INSERT INTO `wr_log_login` VALUES ('d617f0679f9d426aa5ede6f28095a344', '192.168.176.1', '2020-07-26 12:55:06', '1', '200', 'Mozilla/5.0 (Windows NT 10.0; Win64; x64; rv:68.0) Gecko/20100101 Firefox/68.0', 'Windows 10', 'Windows', 'Computer', 'Microsoft Corporation', 'Win64', 'Firefox', 'Firefox', 'Browser', 'Mozilla Foundation', 'Gecko', '68.0', '1', 'lisi', '0', '2020-07-26 12:55:06', null, '0', null);
INSERT INTO `wr_log_login` VALUES ('d6b50cb1ac60416297945d56e23f018b', '169.254.94.49', '2020-07-15 17:55:29', '0', '102', 'Mozilla/5.0 (Windows NT 10.0; Win64; x64; rv:68.0) Gecko/20100101 Firefox/68.0', 'Windows 10', 'Windows', 'Computer', 'Microsoft Corporation', 'Win64', 'Firefox', 'Firefox', 'Browser', 'Mozilla Foundation', 'Gecko', '68.0', '', 'lisi', '0', '2020-07-15 17:55:30', null, '0', null);
INSERT INTO `wr_log_login` VALUES ('d6ec1e9e538e43cba3f4779c01aa9914', '169.254.94.49', '2020-07-14 20:22:45', '0', '102', 'Mozilla/5.0 (Windows NT 10.0; Win64; x64; rv:68.0) Gecko/20100101 Firefox/68.0', 'Windows 10', 'Windows', 'Computer', 'Microsoft Corporation', 'Win64', 'Firefox', 'Firefox', 'Browser', 'Mozilla Foundation', 'Gecko', '68.0', '', 'lisi@126.com', '0', '2020-07-14 20:22:45', null, '0', null);
INSERT INTO `wr_log_login` VALUES ('d7e2af9b1e9648ecafa7982030ef5fe9', '169.254.94.49', '2020-07-22 10:36:17', '0', '102', 'Mozilla/5.0 (Windows NT 10.0; Win64; x64; rv:68.0) Gecko/20100101 Firefox/68.0', 'Windows 10', 'Windows', 'Computer', 'Microsoft Corporation', 'Win64', 'Firefox', 'Firefox', 'Browser', 'Mozilla Foundation', 'Gecko', '68.0', '', 'lisi', '0', '2020-07-22 10:36:16', null, '0', null);
INSERT INTO `wr_log_login` VALUES ('dcb6fd72962b430eb0f6f425a3b118b6', '192.168.1.178', '2020-06-30 14:19:22', '1', '200', 'Mozilla/5.0 (Windows NT 10.0; Win64; x64; rv:68.0) Gecko/20100101 Firefox/68.0', 'Windows 10', 'Windows', 'Computer', 'Microsoft Corporation', 'Win64', 'Firefox', 'Firefox', 'Browser', 'Mozilla Foundation', 'Gecko', '68.0', '1', 'lisi', '0', '2020-06-30 14:19:21', null, '0', null);
INSERT INTO `wr_log_login` VALUES ('dd5d8d34c2fa4043b4b292900d246d81', '169.254.94.49', '2020-07-14 20:29:13', '1', '200', 'Mozilla/5.0 (Windows NT 10.0; Win64; x64; rv:68.0) Gecko/20100101 Firefox/68.0', 'Windows 10', 'Windows', 'Computer', 'Microsoft Corporation', 'Win64', 'Firefox', 'Firefox', 'Browser', 'Mozilla Foundation', 'Gecko', '68.0', '1', 'lisi', '0', '2020-07-14 20:29:13', null, '0', null);
INSERT INTO `wr_log_login` VALUES ('e033a3bf08ca4504ac5e0109b2d29878', '192.168.176.1', '2020-11-06 14:14:56', '0', '102', 'Mozilla/5.0 (Windows NT 10.0; Win64; x64; rv:68.0) Gecko/20100101 Firefox/68.0', 'Windows 10', 'Windows', 'Computer', 'Microsoft Corporation', 'Win64', 'Firefox', 'Firefox', 'Browser', 'Mozilla Foundation', 'Gecko', '68.0', '', 'lisi', '0', '2020-11-06 14:14:56', null, '0', null);
INSERT INTO `wr_log_login` VALUES ('e21133302dcd41e49dd13b21fde83ee4', '192.168.176.1', '2020-07-29 09:43:00', '0', '102', 'Mozilla/5.0 (Windows NT 10.0; Win64; x64; rv:68.0) Gecko/20100101 Firefox/68.0', 'Windows 10', 'Windows', 'Computer', 'Microsoft Corporation', 'Win64', 'Firefox', 'Firefox', 'Browser', 'Mozilla Foundation', 'Gecko', '68.0', '', 'lisi', '0', '2020-07-29 09:43:01', null, '0', null);
INSERT INTO `wr_log_login` VALUES ('e596e70b2f264a3c8ab49a1c82836f1d', '169.254.94.49', '2020-07-13 18:32:10', '1', '200', 'Mozilla/5.0 (Windows NT 10.0; Win64; x64; rv:68.0) Gecko/20100101 Firefox/68.0', 'Windows 10', 'Windows', 'Computer', 'Microsoft Corporation', 'Win64', 'Firefox', 'Firefox', 'Browser', 'Mozilla Foundation', 'Gecko', '68.0', '1', 'lisi', '0', '2020-07-13 18:32:09', null, '0', null);
INSERT INTO `wr_log_login` VALUES ('e5dccb89891842849f2908df7f016f50', '169.254.94.49', '2020-07-21 19:48:30', '0', '101', 'Mozilla/5.0 (Windows NT 10.0; Win64; x64; rv:68.0) Gecko/20100101 Firefox/68.0', 'Windows 10', 'Windows', 'Computer', 'Microsoft Corporation', 'Win64', 'Firefox', 'Firefox', 'Browser', 'Mozilla Foundation', 'Gecko', '68.0', '', 'zhangsan', '0', '2020-07-21 19:48:30', null, '0', null);
INSERT INTO `wr_log_login` VALUES ('e627086b5b4b417a9f7ccd28b62f0886', '169.254.94.49', '2020-07-13 19:55:50', '1', '200', 'Mozilla/5.0 (Windows NT 10.0; Win64; x64; rv:68.0) Gecko/20100101 Firefox/68.0', 'Windows 10', 'Windows', 'Computer', 'Microsoft Corporation', 'Win64', 'Firefox', 'Firefox', 'Browser', 'Mozilla Foundation', 'Gecko', '68.0', '921eb1c149f94dea915cbfef7357187b', 'wangwu', '0', '2020-07-13 19:55:50', null, '0', null);
INSERT INTO `wr_log_login` VALUES ('e77247abbe7c49158ae13cc30efe4306', '169.254.94.49', '2020-07-22 10:36:15', '0', '102', 'Mozilla/5.0 (Windows NT 10.0; Win64; x64; rv:68.0) Gecko/20100101 Firefox/68.0', 'Windows 10', 'Windows', 'Computer', 'Microsoft Corporation', 'Win64', 'Firefox', 'Firefox', 'Browser', 'Mozilla Foundation', 'Gecko', '68.0', '', 'lisi', '0', '2020-07-22 10:36:14', null, '0', null);
INSERT INTO `wr_log_login` VALUES ('e83da78328cd43cf8dcfaa1c92b41211', '192.168.176.1', '2020-07-28 18:34:48', '1', '200', 'Mozilla/5.0 (Windows NT 10.0; Win64; x64; rv:68.0) Gecko/20100101 Firefox/68.0', 'Windows 10', 'Windows', 'Computer', 'Microsoft Corporation', 'Win64', 'Firefox', 'Firefox', 'Browser', 'Mozilla Foundation', 'Gecko', '68.0', '1', 'lisi', '0', '2020-07-28 18:34:48', null, '0', null);
INSERT INTO `wr_log_login` VALUES ('e98d8b57caba4ed7a3b047462a27d6be', '192.168.176.1', '2020-10-29 09:55:00', '1', '200', 'Mozilla/5.0 (Windows NT 10.0; Win64; x64; rv:68.0) Gecko/20100101 Firefox/68.0', 'Windows 10', 'Windows', 'Computer', 'Microsoft Corporation', 'Win64', 'Firefox', 'Firefox', 'Browser', 'Mozilla Foundation', 'Gecko', '68.0', '1', 'lisi', '0', '2020-10-29 09:54:59', null, '0', null);
INSERT INTO `wr_log_login` VALUES ('eb27a0f7e0db41068d932a6294a51a76', '169.254.94.49', '2020-07-13 18:41:36', '0', '102', 'Mozilla/5.0 (Windows NT 10.0; Win64; x64; rv:68.0) Gecko/20100101 Firefox/68.0', 'Windows 10', 'Windows', 'Computer', 'Microsoft Corporation', 'Win64', 'Firefox', 'Firefox', 'Browser', 'Mozilla Foundation', 'Gecko', '68.0', '', 'lisi', '0', '2020-07-13 18:41:36', null, '0', null);
INSERT INTO `wr_log_login` VALUES ('ef12078a06114919ab64aa4ae1d7dd37', '192.168.176.1', '2020-07-29 09:45:28', '1', '200', 'Mozilla/5.0 (Windows NT 10.0; Win64; x64; rv:68.0) Gecko/20100101 Firefox/68.0', 'Windows 10', 'Windows', 'Computer', 'Microsoft Corporation', 'Win64', 'Firefox', 'Firefox', 'Browser', 'Mozilla Foundation', 'Gecko', '68.0', '1', 'lisi', '0', '2020-07-29 09:45:27', null, '0', null);
INSERT INTO `wr_log_login` VALUES ('f2d07ddbe317435dab3cdc996a0f52c1', '192.168.176.1', '2020-08-26 09:28:40', '1', '200', 'Mozilla/5.0 (Windows NT 10.0; Win64; x64; rv:68.0) Gecko/20100101 Firefox/68.0', 'Windows 10', 'Windows', 'Computer', 'Microsoft Corporation', 'Win64', 'Firefox', 'Firefox', 'Browser', 'Mozilla Foundation', 'Gecko', '68.0', '1', 'lisi', '0', '2020-08-26 09:28:40', null, '0', null);
INSERT INTO `wr_log_login` VALUES ('f2dcff223b0d4ec6b563ee855b9e0e5e', '192.168.176.1', '2020-08-04 09:25:42', '1', '200', 'Mozilla/5.0 (Windows NT 10.0; Win64; x64; rv:68.0) Gecko/20100101 Firefox/68.0', 'Windows 10', 'Windows', 'Computer', 'Microsoft Corporation', 'Win64', 'Firefox', 'Firefox', 'Browser', 'Mozilla Foundation', 'Gecko', '68.0', '1', 'lisi', '0', '2020-08-04 09:25:41', null, '0', null);
INSERT INTO `wr_log_login` VALUES ('f41773bd1903405d96b259b9d378a846', '169.254.94.49', '2020-07-14 15:18:51', '1', '200', 'Mozilla/5.0 (Windows NT 10.0; Win64; x64; rv:68.0) Gecko/20100101 Firefox/68.0', 'Windows 10', 'Windows', 'Computer', 'Microsoft Corporation', 'Win64', 'Firefox', 'Firefox', 'Browser', 'Mozilla Foundation', 'Gecko', '68.0', '1', 'lisi', '0', '2020-07-14 15:18:50', null, '0', null);
INSERT INTO `wr_log_login` VALUES ('f8991c85a4ec4ee598a4e3b221aa32c3', '169.254.94.49', '2020-07-13 19:15:12', '1', '200', 'Mozilla/5.0 (Windows NT 10.0; Win64; x64; rv:68.0) Gecko/20100101 Firefox/68.0', 'Windows 10', 'Windows', 'Computer', 'Microsoft Corporation', 'Win64', 'Firefox', 'Firefox', 'Browser', 'Mozilla Foundation', 'Gecko', '68.0', '921eb1c149f94dea915cbfef7357187b', 'wangwu', '0', '2020-07-13 19:15:12', null, '0', null);
INSERT INTO `wr_log_login` VALUES ('fed7143fb5c6489ab19a1777f93970a3', '169.254.94.49', '2020-07-21 19:27:01', '1', '200', 'Mozilla/5.0 (Windows NT 10.0; Win64; x64; rv:68.0) Gecko/20100101 Firefox/68.0', 'Windows 10', 'Windows', 'Computer', 'Microsoft Corporation', 'Win64', 'Firefox', 'Firefox', 'Browser', 'Mozilla Foundation', 'Gecko', '68.0', '1', 'lisi', '0', '2020-07-21 19:27:01', null, '0', null);

-- ----------------------------
-- Table structure for wr_log_oper
-- ----------------------------
DROP TABLE IF EXISTS `wr_log_oper`;
CREATE TABLE `wr_log_oper` (
  `id` varchar(255) NOT NULL COMMENT '主键(新增操作忽略，更新操作必填)',
  `tab_name` varchar(255) NOT NULL COMMENT '被操作表的名字',
  `oper_type` char(1) NOT NULL COMMENT '操作类型，1：增，2：删，3：改，4：导入(批量新增)，5：批量删除，6：批量更新',
  `perm_id` varchar(255) NOT NULL COMMENT '权限ID或菜单ID(仅限于最后级别的菜单)',
  `is_cascade` char(1) NOT NULL COMMENT '是否级联操作，0：不是，1：是',
  `cascade_id` varchar(255) DEFAULT NULL COMMENT '级联标识符(ID)，用于标识哪些条记录为一次级联操作',
  `create_id` varchar(255) NOT NULL COMMENT '创建人id，用于连表不用于显示',
  `create_by` varchar(32) NOT NULL COMMENT '创建人账号，不建议填名字，账号更改的可能性很小且又比ID稍微形象化',
  `create_way` varchar(2) NOT NULL DEFAULT '0' COMMENT '创建方式（0：程序代码创建，1：导入创建）',
  `create_time` datetime NOT NULL DEFAULT CURRENT_TIMESTAMP COMMENT '创建时间',
  `remark` varchar(255) DEFAULT NULL COMMENT '备注',
  `is_delete` char(1) DEFAULT '0' COMMENT '是否删除（0：未删除，1：删除）',
  `delete_time` datetime DEFAULT NULL COMMENT '删除时间',
  PRIMARY KEY (`id`)
) ENGINE=InnoDB DEFAULT CHARSET=utf8 COMMENT='日志-操作记录';

-- ----------------------------
-- Records of wr_log_oper
-- ----------------------------
INSERT INTO `wr_log_oper` VALUES ('00412fe325eb43f6b7e1bc181b2d7e62', 'wr_examination_hall_Invigilators', '1', '18', '0', null, '1', 'lisi', '0', '2020-08-03 17:14:18', null, '0', null);
INSERT INTO `wr_log_oper` VALUES ('00e65ea54e9d46a79a385b58d98f66f2', 'wr_examinee', '2', '108', '0', null, '1', 'lisi', '0', '2020-11-22 17:15:42', null, '0', null);
INSERT INTO `wr_log_oper` VALUES ('011258371e0b41e2be9539915bd1b655', 'wr_sys_role_permission', '1', '18', '0', null, '记得填充', '记得填充', '0', '2020-06-13 23:20:22', null, '0', null);
INSERT INTO `wr_log_oper` VALUES ('013aa05c27a6480bacb96b21f39c7cea', 'wr_sch_course_table_live', '4', '108', '0', null, '1', 'lisi', '0', '2021-03-15 18:47:57', null, '0', null);
INSERT INTO `wr_log_oper` VALUES ('020c3c03b3204d0b889abca58b3c44b2', 'wr_sch_course_table_base', '3', '108', '0', null, '1', 'lisi', '0', '2020-12-03 17:21:03', null, '0', null);
INSERT INTO `wr_log_oper` VALUES ('04201668ddef4be5b1e2c9f9870e4255', 'wr_sch_device', '4', '108', '0', null, '1', 'lisi', '0', '2021-03-09 16:55:04', null, '0', null);
INSERT INTO `wr_log_oper` VALUES ('06de074abf0e4521974c305d9cab3ebe', 'wr_sys_user', '3', '{permId}', '0', null, '1', 'lisi', '0', '2020-07-31 17:01:34', null, '0', null);
INSERT INTO `wr_log_oper` VALUES ('07a86eaa6631424ba9bae660a05f0512', 'wr_basic_auth', '3', '-', '0', null, '1', 'lisi', '0', '2020-07-20 19:17:52', null, '0', null);
INSERT INTO `wr_log_oper` VALUES ('07c47dd25b184abcb1153b036903ad6d', 'wr_sys_user', '3', '18', '0', null, '1', 'lisi', '0', '2020-07-30 20:01:14', null, '0', null);
INSERT INTO `wr_log_oper` VALUES ('07faba7e40814727a0599e664afbfd3c', 'wr_sys_user', '3', '108', '0', null, '1', 'lisi', '0', '2020-11-23 15:24:07', null, '0', null);
INSERT INTO `wr_log_oper` VALUES ('088d15a925774b2d8c35f10ec477f0a2', 'wr_sch_device', '4', '108', '0', null, '1', 'lisi', '0', '2021-03-09 10:24:49', null, '0', null);
INSERT INTO `wr_log_oper` VALUES ('0b52c79cf5b844b286aa9b022819138e', 'wr_examination_hall_Invigilators', '1', '18', '0', null, '1', 'lisi', '0', '2020-08-04 09:35:03', null, '0', null);
INSERT INTO `wr_log_oper` VALUES ('0c06f517f166444ba3944465a97cd186', 'wr_sys_role_permission', '1', '18', '0', null, '记得填充', '记得填充', '0', '2020-06-13 23:25:27', null, '0', null);
INSERT INTO `wr_log_oper` VALUES ('0db9b732002f4738b61e4670058f58f3', 'wr_sys_permission', '5', '108', '0', null, '1', 'lisi', '0', '2020-11-26 16:26:11', null, '0', null);
INSERT INTO `wr_log_oper` VALUES ('0dd59be6d8194031a2b2df7703671931', 'wr_sys_user_role', '1', '18', '0', null, '1', 'lisi', '0', '2020-07-30 09:32:04', null, '0', null);
INSERT INTO `wr_log_oper` VALUES ('0e82efea4feb40d79080d5a720bdd3c9', 'wr_school_space', '1', '108', '0', null, '1', 'lisi', '0', '2020-11-13 17:42:50', null, '0', null);
INSERT INTO `wr_log_oper` VALUES ('0eabd61160734d419472f8899761513b', 'wr_sys_user', '3', '-', '0', null, '1', 'lisi', '0', '2020-07-20 20:09:01', null, '0', null);
INSERT INTO `wr_log_oper` VALUES ('0efbf02574164ba98d13b35e3a3eb19b', 'wr_school_grade_class', '3', '108', '0', null, '1', 'lisi', '0', '2020-12-01 17:19:13', null, '0', null);
INSERT INTO `wr_log_oper` VALUES ('0f5733c9b29b42fe9864a34a90f3e93c', 'wr_sch_device', '1', '108', '0', null, '1', 'lisi', '0', '2020-12-30 11:20:22', null, '0', null);
INSERT INTO `wr_log_oper` VALUES ('1', 'wr_sys_user', '1', '21', '0', null, '1', 'zhangsan', '0', '2020-06-03 18:45:52', null, '0', null);
INSERT INTO `wr_log_oper` VALUES ('10287f606bbf48019e26e80e3330f672', 'wr_sys_user', '3', '-', '0', null, '1', 'lisi', '0', '2020-11-23 18:38:55', null, '0', null);
INSERT INTO `wr_log_oper` VALUES ('10d85950d0dd4fe9afd5ea96c3883c32', 'wr_examination_hall', '3', '18', '0', null, '1', 'lisi', '0', '2020-08-11 20:29:15', null, '0', null);
INSERT INTO `wr_log_oper` VALUES ('123e95b8a5b74477acf2b631d78a4c16', 'wr_sys_user', '4', '108', '0', null, '1', 'lisi', '0', '2021-02-05 12:40:05', null, '0', null);
INSERT INTO `wr_log_oper` VALUES ('12cf8ef36c97485591d06aeda2ad3f38', 'wr_sys_user_role', '1', '18', '0', null, '1', 'lisi', '0', '2020-07-29 17:13:21', null, '0', null);
INSERT INTO `wr_log_oper` VALUES ('13e7213dc66e4746ae9e8d709b8ced00', 'wr_sys_role_permission', '2', '18', '0', null, '记得填充', '记得填充', '0', '2020-06-13 23:25:27', null, '0', null);
INSERT INTO `wr_log_oper` VALUES ('143cb19bc7044cebbc674dfcfa475301', 'wr_sys_role_permission', '2', '18', '0', null, '记得填充', '记得填充', '0', '2020-06-13 23:25:27', null, '0', null);
INSERT INTO `wr_log_oper` VALUES ('15782b6c8b9d40d9ac09f422e1609c9d', 'wr_sch_course_category', '1', '108', '0', null, '1', 'lisi', '0', '2020-12-02 16:19:48', null, '0', null);
INSERT INTO `wr_log_oper` VALUES ('159931352a4e4082a79f038f7647dc84', 'wr_school_space', '1', '108', '0', null, '1', 'lisi', '0', '2020-11-17 09:34:10', null, '0', null);
INSERT INTO `wr_log_oper` VALUES ('16dde6774a624498b42a7d6f0ba33591', 'wr_sys_permission', '3', '18', '0', null, '0', '1', '0', '2020-06-11 16:57:54', null, '0', null);
INSERT INTO `wr_log_oper` VALUES ('16ff727d7e4249fd8df0e432191f3a0b', 'wr_sch_course_category', '2', '108', '0', null, '1', 'lisi', '0', '2020-12-02 16:23:04', null, '0', null);
INSERT INTO `wr_log_oper` VALUES ('185e694744734911b75a6839361c0005', 'wr_sys_permission', '1', '108', '0', null, '1', 'lisi', '0', '2020-11-27 16:06:57', null, '0', null);
INSERT INTO `wr_log_oper` VALUES ('18650841aeeb4d6db83f234f75c8cacf', 'wr_sch_space', '5', '108', '0', null, '1', 'lisi', '0', '2021-03-03 11:05:26', null, '0', null);
INSERT INTO `wr_log_oper` VALUES ('188ee7edbf324837ac8e2f0223c66277', 'wr_sys_permission', '5', '108', '0', null, '1', 'lisi', '0', '2020-11-23 10:31:07', null, '0', null);
INSERT INTO `wr_log_oper` VALUES ('19896a3bbc984647892eca6f2b530988', 'wr_sys_user_role', '4', '108', '0', null, '1', 'lisi', '0', '2020-11-23 14:20:25', null, '0', null);
INSERT INTO `wr_log_oper` VALUES ('1c9c6d962cf84c33bdaf99362e95ce8e', 'wr_school_space', '3', '108', '0', null, '1', 'lisi', '0', '2020-11-17 14:25:18', null, '0', null);
INSERT INTO `wr_log_oper` VALUES ('1d8c30e63629412bade0a26a27dbfd54', 'wr_examinee', '3', '18', '0', null, '1', 'lisi', '0', '2020-08-11 20:11:33', null, '0', null);
INSERT INTO `wr_log_oper` VALUES ('20a07b78315c4220bd86a2dffd4749e5', 'wr_sys_permission', '5', '108', '0', null, '1', 'lisi', '0', '2021-01-12 14:10:12', null, '0', null);
INSERT INTO `wr_log_oper` VALUES ('20f06c6fc0044e34b5f549149cdeb471', 'wr_security_questions', '3', '18', '0', null, '1', 'lisi', '0', '2020-07-16 10:15:43', null, '0', null);
INSERT INTO `wr_log_oper` VALUES ('239d77bbf7154bc0bbaec1e65ce9349b', 'wr_school_space', '1', '108', '0', null, '1', 'lisi', '0', '2020-11-17 09:35:06', null, '0', null);
INSERT INTO `wr_log_oper` VALUES ('2423246bc39543789162b01dc86ab11f', 'wr_sch_device', '4', '108', '0', null, '1', 'lisi', '0', '2021-03-08 15:48:18', null, '0', null);
INSERT INTO `wr_log_oper` VALUES ('247ca030204043459277e3fe5fb134e3', 'wr_sys_role_permission', '1', '18', '0', null, '记得填充', '记得填充', '0', '2020-06-13 23:20:22', null, '0', null);
INSERT INTO `wr_log_oper` VALUES ('25aa10b7f7b74cd7a91cf7eedff78def', 'wr_school_device', '1', '108', '0', null, '1', 'lisi', '0', '2020-11-18 10:08:23', null, '0', null);
INSERT INTO `wr_log_oper` VALUES ('25bcf32657634e62b120ff4eff3db3bc', 'wr_examination_hall', '3', '18', '0', null, '1', 'lisi', '0', '2020-08-11 20:27:45', null, '0', null);
INSERT INTO `wr_log_oper` VALUES ('26d439540c7f453eb5def931fca7666a', 'wr_school_space', '2', '108', '0', null, '1', 'lisi', '0', '2020-11-21 18:38:25', null, '0', null);
INSERT INTO `wr_log_oper` VALUES ('28472c6033f747a08397005d6b1e9985', 'wr_sch_semester', '1', '108', '0', null, '1', 'lisi', '0', '2020-12-04 14:06:41', null, '0', null);
INSERT INTO `wr_log_oper` VALUES ('2bfc9ffc34024044aada7538ddb3f4f6', 'wr_basic_auth', '1', '18', '0', null, '1', 'lisi', '0', '2020-07-30 19:17:54', null, '0', null);
INSERT INTO `wr_log_oper` VALUES ('2c58104fc324462c8035c657783c7675', 'wr_school_space', '1', '108', '0', null, '1', 'lisi', '0', '2020-11-13 17:44:43', null, '0', null);
INSERT INTO `wr_log_oper` VALUES ('2cdcca27a63d4b4d9fa1bb0d807d8e5c', 'wr_sys_role_permission', '2', '18', '0', null, '记得填充', '记得填充', '0', '2020-06-13 23:20:22', null, '0', null);
INSERT INTO `wr_log_oper` VALUES ('2d3baceada574c3b9629c535bab9e011', 'wr_basic_auth', '1', '{permId}', '0', null, '1', 'lisi', '0', '2020-07-31 11:13:14', null, '0', null);
INSERT INTO `wr_log_oper` VALUES ('2d71563975614e26bceb7d913f1604c2', 'wr_sch_course_table_live', '4', '108', '0', null, '1', 'lisi', '0', '2021-03-16 10:55:36', null, '0', null);
INSERT INTO `wr_log_oper` VALUES ('2d85c8236d9b46c3b7ce92251925d7e4', 'wr_examinee', '5', '108', '0', null, '1', 'lisi', '0', '2020-11-22 17:55:11', null, '0', null);
INSERT INTO `wr_log_oper` VALUES ('2f59babf0333468280dfee3d5dcc6229', 'wr_sch_course_table_live', '4', '108', '0', null, '1', 'lisi', '0', '2021-03-16 20:03:32', null, '0', null);
INSERT INTO `wr_log_oper` VALUES ('2f8ce0415d8c480385e5a9bc55998343', 'wr_sch_semester', '3', '108', '0', null, '1', 'lisi', '0', '2020-12-30 12:51:54', null, '0', null);
INSERT INTO `wr_log_oper` VALUES ('328332adc3e64410a51d00180bf5073a', 'wr_sys_user_role', '4', '108', '0', null, '1', 'lisi', '0', '2020-11-23 14:52:44', null, '0', null);
INSERT INTO `wr_log_oper` VALUES ('32d3376510914d8483d80cc49c2e62ca', 'wr_sys_role_permission', '1', '18', '0', null, '记得填充', '记得填充', '0', '2020-06-13 23:25:27', null, '0', null);
INSERT INTO `wr_log_oper` VALUES ('33faa9c72bb64f138c43cff83c5eb63e', 'wr_exam_video', '2', '108', '0', null, '1', 'lisi', '0', '2020-11-22 16:16:35', null, '0', null);
INSERT INTO `wr_log_oper` VALUES ('34cbfe7b17104e1fa3b4ab8d83d9db06', 'wr_basic_auth', '1', '18', '0', null, 'ebf4a929441543ee9cbc57ad4effdacd', '111111', '0', '2020-07-30 20:01:09', null, '0', null);
INSERT INTO `wr_log_oper` VALUES ('350e146a9cb343b893a8b08db132e2c0', 'wr_sys_permission', '5', '108', '0', null, '1', 'lisi', '0', '2021-01-12 14:45:51', null, '0', null);
INSERT INTO `wr_log_oper` VALUES ('36be04dbb37347a0bd9193f6964662f6', 'wr_school_device', '3', '108', '0', null, '1', 'lisi', '0', '2020-11-18 18:02:37', null, '0', null);
INSERT INTO `wr_log_oper` VALUES ('374c263a1a7348b78de7807801d48b8f', 'wr_examinee', '1', '18', '0', null, '1', 'lisi', '0', '2020-08-05 09:52:38', null, '0', null);
INSERT INTO `wr_log_oper` VALUES ('393a9dee96ea4fb2a118fea38f723cdf', 'wr_school_space', '3', '108', '0', null, '1', 'lisi', '0', '2020-11-17 14:23:52', null, '0', null);
INSERT INTO `wr_log_oper` VALUES ('39e1559c069b4525bce8b88162a2724c', 'wr_sch_space', '4', '108', '0', null, '1', 'lisi', '0', '2021-03-02 17:06:01', null, '0', null);
INSERT INTO `wr_log_oper` VALUES ('3a62a635fb0a4097847b2b39b95ebb94', 'wr_school_space', '3', '108', '0', null, '1', 'lisi', '0', '2020-11-17 14:37:03', null, '0', null);
INSERT INTO `wr_log_oper` VALUES ('3b3ee51dcb1c43e6901e078f9f779f07', 'wr_sys_user_role', '4', '108', '0', null, '1', 'lisi', '0', '2021-02-05 14:39:31', null, '0', null);
INSERT INTO `wr_log_oper` VALUES ('3ccf1ed9073c45a5b3e2703f966f880e', 'wr_school_space', '3', '108', '0', null, '1', 'lisi', '0', '2020-11-17 14:25:56', null, '0', null);
INSERT INTO `wr_log_oper` VALUES ('3e56775162f04a5cadda881cd3c452c8', 'wr_basic_auth', '3', '18', '0', null, '4', 'ahua', '0', '2020-08-02 16:20:12', null, '0', null);
INSERT INTO `wr_log_oper` VALUES ('40ef57af9b8b4feb962f7a7f234fd128', 'wr_basic_auth', '1', '18', '0', null, '18d0100214c949b19fd51b2e0c847015', '111111', '0', '2020-07-29 19:12:54', null, '0', null);
INSERT INTO `wr_log_oper` VALUES ('43ec7ad3888a4d38867263dda4d80e35', 'wr_examinee', '5', '108', '0', null, '1', 'lisi', '0', '2020-11-22 17:19:09', null, '0', null);
INSERT INTO `wr_log_oper` VALUES ('451239c9d33c413880923a58c82fefeb', 'wr_sch_course_table_live', '4', '108', '0', null, '1', 'lisi', '0', '2021-03-16 11:11:19', null, '0', null);
INSERT INTO `wr_log_oper` VALUES ('464ebfe738bc4bff83566ffc70763ba3', 'wr_sys_role_permission', '1', '18', '0', null, '记得填充', '记得填充', '0', '2020-06-13 23:25:27', null, '0', null);
INSERT INTO `wr_log_oper` VALUES ('468ecf6698444934a5e8a57c42058268', 'wr_sch_space', '4', '108', '0', null, '1', 'lisi', '0', '2021-03-09 16:50:52', null, '0', null);
INSERT INTO `wr_log_oper` VALUES ('478ea931c83642c0b28f3de6e758d9e3', 'wr_examinee', '1', '18', '0', null, '1', 'lisi', '0', '2020-08-15 17:40:02', null, '0', null);
INSERT INTO `wr_log_oper` VALUES ('483c61340a1b4488a15c5054c72ee25b', 'wr_sys_role_permission', '1', '7445836af585408b94dcacacdbae14c8', '0', null, '1', 'lisi', '0', '2020-08-26 11:30:23', null, '0', null);
INSERT INTO `wr_log_oper` VALUES ('48d162a4d9c648199bfd4e922eccd663', 'wr_school_grade_class', '1', '108', '0', null, '1', 'lisi', '0', '2020-12-01 17:17:55', null, '0', null);
INSERT INTO `wr_log_oper` VALUES ('49a277eafa6e4b98a50a52663ac6701c', 'wr_exam_video', '1', '18', '0', null, '1', 'lisi', '0', '2020-08-11 19:48:49', null, '0', null);
INSERT INTO `wr_log_oper` VALUES ('49bd9f713f5f4685bcaf4f9142f1b58c', 'wr_sys_user_role', '5', '108', '0', null, '1', 'lisi', '0', '2020-11-23 12:49:59', null, '0', null);
INSERT INTO `wr_log_oper` VALUES ('4aaca4b278084bc39243972e35fa1db0', 'wr_security_question_set', '1', '-', '0', null, '1', 'lisi', '0', '2020-07-16 14:16:59', null, '0', null);
INSERT INTO `wr_log_oper` VALUES ('4b3cde9a2c38440695cb49d971aab20d', 'wr_sys_role', '2', '18', '0', null, '1', 'lisi', '0', '2020-08-24 10:43:45', null, '0', null);
INSERT INTO `wr_log_oper` VALUES ('4bf8a6d4d3f44577ba11a6d19abd0da3', 'wr_exam_video', '5', '108', '0', null, '1', 'lisi', '0', '2020-11-22 17:16:52', null, '0', null);
INSERT INTO `wr_log_oper` VALUES ('4ccab8c964324bdb9342150c5782e1aa', 'wr_school_space', '2', '108', '0', null, '1', 'lisi', '0', '2020-11-06 14:43:44', null, '0', null);
INSERT INTO `wr_log_oper` VALUES ('4d20f95341b14411afcb5d24f703c385', 'wr_sys_user', '1', '18', '0', null, '记得填充', '记得填充', '0', '2020-06-15 13:51:41', null, '0', null);
INSERT INTO `wr_log_oper` VALUES ('50d8979c82da4d34a69835639267276a', 'wr_school_device', '1', '108', '0', null, '1', 'lisi', '0', '2020-11-18 17:58:40', null, '0', null);
INSERT INTO `wr_log_oper` VALUES ('511edfa924fc495c8e60c628360518d5', 'wr_sch_space', '5', '108', '0', null, '1', 'lisi', '0', '2021-03-03 10:18:12', null, '0', null);
INSERT INTO `wr_log_oper` VALUES ('519d7dc6a7c34e12b7e85f204ab502f7', 'wr_sch_course_table_live', '4', '108', '0', null, '1', 'lisi', '0', '2021-03-15 18:45:38', null, '0', null);
INSERT INTO `wr_log_oper` VALUES ('5258a882c80b42c3b48a815edcb2061f', 'wr_sch_device', '5', '108', '0', null, '1', 'lisi', '0', '2021-03-03 11:06:39', null, '0', null);
INSERT INTO `wr_log_oper` VALUES ('526975ea4ffd455a962c3d5d88a966c1', 'wr_sys_permission', '1', '18', '0', null, '记得填充', '记得填充', '0', '2020-06-12 09:14:21', null, '0', null);
INSERT INTO `wr_log_oper` VALUES ('5291cee7f8974794bf2a53ca8bca1a1d', 'wr_sys_user_role', '5', '108', '0', null, '1', 'lisi', '0', '2020-11-23 14:51:34', null, '0', null);
INSERT INTO `wr_log_oper` VALUES ('52d55e3c952d4f75a7a62d6e93f0501e', 'wr_sch_space', '4', '108', '0', null, '1', 'lisi', '0', '2021-03-02 17:39:37', null, '0', null);
INSERT INTO `wr_log_oper` VALUES ('53a9df315b034a6a9e285aa963f847c8', 'wr_sch_semester', '5', '108', '0', null, '1', 'lisi', '0', '2020-12-04 14:43:32', null, '0', null);
INSERT INTO `wr_log_oper` VALUES ('53b50819a89a4305bec795a2392040b6', 'wr_school_space', '3', '108', '0', null, '1', 'lisi', '0', '2020-11-17 14:25:20', null, '0', null);
INSERT INTO `wr_log_oper` VALUES ('53fdb42d26134db8b651db8db54da8b4', 'wr_sys_role_permission', '1', '18', '0', null, '记得填充', '记得填充', '0', '2020-06-13 23:25:27', null, '0', null);
INSERT INTO `wr_log_oper` VALUES ('546e01bb6426421088fd21d467cb6266', 'wr_school_space', '5', '108', '0', null, '1', 'lisi', '0', '2020-11-21 18:56:07', null, '0', null);
INSERT INTO `wr_log_oper` VALUES ('547eb18a7aef4f1dbb3b84556a4c9fb6', 'wr_sys_role', '1', '18', '0', null, '记得填充', '记得填充', '0', '2020-06-12 10:58:50', null, '0', null);
INSERT INTO `wr_log_oper` VALUES ('55386079cda74e4087730c680da5c4ef', 'wr_basic_auth', '2', '-', '0', null, '1', 'lisi', '0', '2020-07-15 15:34:21', null, '0', null);
INSERT INTO `wr_log_oper` VALUES ('554bd90fb0a64085a055162178c1d65f', 'wr_sys_permission', '5', '108', '0', null, '1', 'lisi', '0', '2020-11-26 16:28:04', null, '0', null);
INSERT INTO `wr_log_oper` VALUES ('55704c0c1db54cfd846df9e2169ce43d', 'wr_sys_department', '2', '108', '1', '0bef14b479f14be580aa666bf8ba00e6', '1', 'lisi', '0', '2020-12-01 09:02:04', null, '0', null);
INSERT INTO `wr_log_oper` VALUES ('55c3d307c6004881b21027c5c0e4a575', 'wr_school_grade_class', '2', '108', '0', null, '1', 'lisi', '0', '2020-12-01 17:20:05', null, '0', null);
INSERT INTO `wr_log_oper` VALUES ('56780fcfeea64a20801f985d2d0a515d', 'wr_sys_role_permission', '2', '18', '0', null, '记得填充', '记得填充', '0', '2020-06-13 23:20:22', null, '0', null);
INSERT INTO `wr_log_oper` VALUES ('5831ccdcea874016b88e26288b1262c4', 'wr_school_space', '3', '108', '0', null, '1', 'lisi', '0', '2020-11-17 14:46:44', null, '0', null);
INSERT INTO `wr_log_oper` VALUES ('588bfecf3fd0447e8e7e0231aeee28b4', 'wr_sch_space', '1', '108', '0', null, '1', 'lisi', '0', '2020-12-29 10:39:12', null, '0', null);
INSERT INTO `wr_log_oper` VALUES ('59cce389676546eca7a39af5871ca168', 'wr_sys_role_permission', '2', '7445836af585408b94dcacacdbae14c8', '0', null, '1', 'lisi', '0', '2020-08-26 11:29:26', null, '0', null);
INSERT INTO `wr_log_oper` VALUES ('5aeb0b5cb5b3429dbbbd7cf0164f106a', 'wr_sch_course_table_base', '1', '108', '0', null, '1', 'lisi', '0', '2020-12-03 17:18:32', null, '0', null);
INSERT INTO `wr_log_oper` VALUES ('5b830a7067a049f5b15cd708cca41b48', 'wr_sys_user', '2', '108', '0', null, '1', 'lisi', '0', '2020-11-23 15:27:57', null, '0', null);
INSERT INTO `wr_log_oper` VALUES ('5bdef45d2d0d46ca8366ae76958c7ca8', 'wr_school_device', '1', '108', '0', null, '1', 'lisi', '0', '2020-11-18 15:04:33', null, '0', null);
INSERT INTO `wr_log_oper` VALUES ('5bec4d4c5fcb4b5e907906ef21c880b2', 'wr_sys_user', '2', '18', '0', null, '1', 'lisi', '0', '2020-07-30 20:03:20', null, '0', null);
INSERT INTO `wr_log_oper` VALUES ('5bef8db181504911ae06cf9be12cb0f2', 'wr_exam_video', '3', '-', '0', null, '1', 'lisi', '0', '2020-08-15 19:48:12', null, '0', null);
INSERT INTO `wr_log_oper` VALUES ('5bfbac81f66748d2ab1b963d16c9ce7e', 'wr_sch_device', '1', '108', '0', null, '1', 'lisi', '0', '2020-12-31 10:03:15', null, '0', null);
INSERT INTO `wr_log_oper` VALUES ('5c3b8ea715ff4e5d8b7a707d43775a80', 'wr_examination_hall', '2', '108', '0', null, '1', 'lisi', '0', '2020-11-22 17:53:35', null, '0', null);
INSERT INTO `wr_log_oper` VALUES ('5d6a767c7347446bb3fc07922312dadf', 'wr_school_space', '3', '108', '0', null, '1', 'lisi', '0', '2020-11-17 14:19:42', null, '0', null);
INSERT INTO `wr_log_oper` VALUES ('5d75e47fcde84307b5b7a5ee8de3cbb1', 'wr_sys_role_permission', '2', '7445836af585408b94dcacacdbae14c8', '0', null, '1', 'lisi', '0', '2020-08-26 11:29:26', null, '0', null);
INSERT INTO `wr_log_oper` VALUES ('5dd2512539e94360aecda8c99e1954e2', 'wr_school_space', '3', '108', '0', null, '1', 'lisi', '0', '2020-11-17 14:25:01', null, '0', null);
INSERT INTO `wr_log_oper` VALUES ('6332b939d65d48b48e8ea42934e189b6', 'wr_sys_permission', '3', '108', '0', null, '1', 'lisi', '0', '2020-10-30 16:14:27', null, '0', null);
INSERT INTO `wr_log_oper` VALUES ('642c91319e1648c19041522c99f8deb1', 'wr_sch_space', '4', '108', '0', null, '1', 'lisi', '0', '2021-03-02 17:42:21', null, '0', null);
INSERT INTO `wr_log_oper` VALUES ('648d0ebfe83a43718b12ed4dfe733405', 'wr_security_questions', '1', '18', '0', null, '1', 'lisi', '0', '2020-07-16 10:13:12', null, '0', null);
INSERT INTO `wr_log_oper` VALUES ('64e50443f7e74846b2468907974d8b34', 'wr_basic_auth', '3', '-', '0', null, '1', 'lisi', '0', '2020-07-16 18:05:45', null, '0', null);
INSERT INTO `wr_log_oper` VALUES ('64f01f6aee3040fba6f75cb4aac19330', 'wr_school_space', '3', '108', '0', null, '1', 'lisi', '0', '2020-11-17 14:46:05', null, '0', null);
INSERT INTO `wr_log_oper` VALUES ('6535f794bccb4252a21a5e4bb5657fa1', 'wr_security_questions', '2', '18', '0', null, '1', 'lisi', '0', '2020-07-16 10:16:49', null, '0', null);
INSERT INTO `wr_log_oper` VALUES ('655e8d0f47774083bb5ef7ea9c8acc37', 'wr_school_space', '1', '108', '0', null, '1', 'lisi', '0', '2020-11-17 09:35:59', null, '0', null);
INSERT INTO `wr_log_oper` VALUES ('65b11e88f62e4fe883dae595701ecd1d', 'wr_examinee', '1', '18', '0', null, '1', 'lisi', '0', '2020-08-11 19:47:30', null, '0', null);
INSERT INTO `wr_log_oper` VALUES ('66d3cf94a2ac4b979a9811cb65afa5a8', 'wr_sys_role_permission', '2', '7445836af585408b94dcacacdbae14c8', '0', null, '1', 'lisi', '0', '2020-08-26 11:29:26', null, '0', null);
INSERT INTO `wr_log_oper` VALUES ('67bb8f65d1574857bae34d07cf70e444', 'wr_sys_user_role', '4', '108', '0', null, '1', 'lisi', '0', '2020-11-23 15:07:52', null, '0', null);
INSERT INTO `wr_log_oper` VALUES ('687d2c117f4c4ebbb1042d90e588348b', 'wr_basic_auth', '1', '18', '0', null, '46562b8c942f4c1b95f44cbf09276947', 'XS20180180', '0', '2020-07-29 16:11:27', null, '0', null);
INSERT INTO `wr_log_oper` VALUES ('689f724848fd4aafbdf1f4884f74b413', 'wr_basic_auth', '3', '-', '0', null, '1', 'lisi', '0', '2020-07-26 13:39:23', null, '0', null);
INSERT INTO `wr_log_oper` VALUES ('695de1e65ca24eeea974d9e3f943a209', 'wr_school_space', '3', '108', '0', null, '1', 'lisi', '0', '2020-11-20 10:00:53', null, '0', null);
INSERT INTO `wr_log_oper` VALUES ('6ba986e2fb6f4b5393d31cb3696bae29', 'wr_school_device', '5', '108', '0', null, '1', 'lisi', '0', '2020-11-21 18:38:26', null, '0', null);
INSERT INTO `wr_log_oper` VALUES ('6dceb20fedd04046b805d215ffbc95b4', 'wr_sch_semester', '1', '108', '0', null, '1', 'lisi', '0', '2020-12-30 12:50:22', null, '0', null);
INSERT INTO `wr_log_oper` VALUES ('6e92afe123a4499ebf6ee62eaf123960', 'wr_school_space', '3', '108', '0', null, '1', 'lisi', '0', '2020-11-20 10:01:16', null, '0', null);
INSERT INTO `wr_log_oper` VALUES ('703d1e32ab804e74b72b7e76ab61e178', 'wr_school_device', '1', '108', '0', null, '1', 'lisi', '0', '2020-11-18 17:55:23', null, '0', null);
INSERT INTO `wr_log_oper` VALUES ('704f48b890b74e3e801c8e95ea3f6a16', 'wr_examination_hall', '3', '18', '0', null, '1', 'lisi', '0', '2020-08-04 09:33:10', null, '0', null);
INSERT INTO `wr_log_oper` VALUES ('70f197ba3fdf40db95084058b268656a', 'wr_sys_user_role', '1', '18', '0', null, '1', 'lisi', '0', '2020-07-29 19:12:35', null, '0', null);
INSERT INTO `wr_log_oper` VALUES ('7173a28243f04f34856ee9c1ed91bb40', 'wr_sys_user_role', '5', '108', '0', null, '1', 'lisi', '0', '2020-11-23 14:19:38', null, '0', null);
INSERT INTO `wr_log_oper` VALUES ('71be975be1db419793674ca03818f100', 'wr_sys_user', '3', '18', '0', null, '1', 'lisi', '0', '2020-07-29 19:13:16', null, '0', null);
INSERT INTO `wr_log_oper` VALUES ('721184bf34834a2ab02149b419a4b419', 'wr_security_question_set', '5', '-', '0', null, '1', 'lisi', '0', '2020-11-23 10:07:52', null, '0', null);
INSERT INTO `wr_log_oper` VALUES ('727417eb810145d8bd19bc4f49d980b0', 'wr_sys_user', '1', '18', '0', null, '1', 'lisi', '0', '2020-07-29 17:13:17', null, '0', null);
INSERT INTO `wr_log_oper` VALUES ('728f19eccaf3430196a4dfd4fdabe678', 'wr_basic_auth', '3', '-', '0', null, '1', 'lisi', '0', '2020-07-28 11:46:26', null, '0', null);
INSERT INTO `wr_log_oper` VALUES ('7294e8ae3d9b469ba26c0e1805a8821d', 'wr_sch_course_category', '5', '108', '0', null, '1', 'lisi', '0', '2020-12-02 16:25:15', null, '0', null);
INSERT INTO `wr_log_oper` VALUES ('72e3fc199b174422a7d57851da656c5b', 'wr_security_question_set', '4', '-', '0', null, '1', 'lisi', '0', '2020-11-23 10:08:05', null, '0', null);
INSERT INTO `wr_log_oper` VALUES ('73bd5149246e4173aa67e5cc5853ea77', 'wr_examinee', '1', '18', '0', null, '1', 'lisi', '0', '2020-08-05 10:09:11', null, '0', null);
INSERT INTO `wr_log_oper` VALUES ('74b7fa77fe9d48f0b35b3302a46f0524', 'wr_sys_user', '3', '18', '0', null, '1', 'lisi', '0', '2020-07-29 17:14:38', null, '0', null);
INSERT INTO `wr_log_oper` VALUES ('75187e2796894cd1a09e97fc2526322f', 'wr_sys_user', '4', '108', '0', null, '1', 'lisi', '0', '2021-02-05 14:39:27', null, '0', null);
INSERT INTO `wr_log_oper` VALUES ('75f553b33bb84f8a991a626c12ffb26a', 'wr_school_space', '3', '108', '0', null, '1', 'lisi', '0', '2020-11-19 14:39:58', null, '0', null);
INSERT INTO `wr_log_oper` VALUES ('7609324807124de3b0d12fe4a3ad7677', 'wr_sys_department', '3', '108', '0', null, '1', 'lisi', '0', '2020-11-30 15:15:16', null, '0', null);
INSERT INTO `wr_log_oper` VALUES ('761ac3d8588248ceb62e614c60093f94', 'wr_sys_user', '3', '18', '0', null, '1', 'lisi', '0', '2020-07-30 14:59:59', null, '0', null);
INSERT INTO `wr_log_oper` VALUES ('764839f602e14d148550bba00eab3749', 'wr_school_space', '1', '108', '0', null, '1', 'lisi', '0', '2020-11-17 09:31:26', null, '0', null);
INSERT INTO `wr_log_oper` VALUES ('767022a2e7ad41a39233aa432c1fb542', 'wr_school_space', '3', '108', '0', null, '1', 'lisi', '0', '2020-11-17 14:25:28', null, '0', null);
INSERT INTO `wr_log_oper` VALUES ('796e33f6f17a4a93ba6032b4b58e24df', 'wr_school_space', '3', '108', '0', null, '1', 'lisi', '0', '2020-11-17 14:25:32', null, '0', null);
INSERT INTO `wr_log_oper` VALUES ('7c528411a72a4a428ec8d0125274fdc4', 'wr_school_space', '3', '108', '0', null, '1', 'lisi', '0', '2020-11-06 14:30:09', null, '0', null);
INSERT INTO `wr_log_oper` VALUES ('7db40c5b64cc478a802f7da9ebbe1220', 'wr_school_device', '2', '108', '0', null, '1', 'lisi', '0', '2020-11-11 15:39:26', null, '0', null);
INSERT INTO `wr_log_oper` VALUES ('7de5bf93a7694f3ea4d007a134c69401', 'wr_sch_course_category', '1', '108', '0', null, '1', 'lisi', '0', '2020-12-02 16:21:03', null, '0', null);
INSERT INTO `wr_log_oper` VALUES ('7e1e7c0d22414ee4a8cdadf9899ffdd5', 'wr_sys_user', '3', '18', '0', null, '0', 'admin', '0', '2020-06-15 14:52:49', null, '0', null);
INSERT INTO `wr_log_oper` VALUES ('7ef9259875de42ccbbb9eaab0ea37840', 'wr_exam_video', '5', '108', '0', null, '1', 'lisi', '0', '2020-11-22 16:20:37', null, '0', null);
INSERT INTO `wr_log_oper` VALUES ('7fd1dbc947924b1e8306c218d331ab14', 'wr_sys_role_permission', '1', '7445836af585408b94dcacacdbae14c8', '0', null, '1', 'lisi', '0', '2020-08-26 11:30:27', null, '0', null);
INSERT INTO `wr_log_oper` VALUES ('821f443dd9f94de4a659869add42e90b', 'wr_school_space', '3', '108', '0', null, '1', 'lisi', '0', '2020-11-17 14:25:31', null, '0', null);
INSERT INTO `wr_log_oper` VALUES ('8439e351a7f14600b01f4fbb4efaa698', 'wr_basic_auth', '3', '-', '0', null, '1', 'lisi', '0', '2020-07-22 13:01:11', null, '0', null);
INSERT INTO `wr_log_oper` VALUES ('845037e843074e799e19a030fe8d69ad', 'wr_school_space', '3', '108', '0', null, '1', 'lisi', '0', '2020-11-17 14:25:30', null, '0', null);
INSERT INTO `wr_log_oper` VALUES ('8451e52f8e0e4ea19b6e32d94e8b8c49', 'wr_basic_auth', '3', '-', '0', null, '1', 'lisi', '0', '2020-07-17 15:24:48', null, '0', null);
INSERT INTO `wr_log_oper` VALUES ('858dda24f11a449c8cbcf5dc20ca25ac', 'wr_examinee', '2', '18', '0', null, '1', 'lisi', '0', '2020-08-05 10:30:22', null, '0', null);
INSERT INTO `wr_log_oper` VALUES ('85a1d62b0a74478db38593f8fe090a58', 'wr_exam_video', '5', '108', '0', null, '1', 'lisi', '0', '2020-11-22 17:59:40', null, '0', null);
INSERT INTO `wr_log_oper` VALUES ('8789b2641ffb4735b5677d6785fc7b0f', 'wr_basic_auth', '1', '18', '0', null, '78ee0a7e99744aaab4d00ac58b90ff22', '111111', '0', '2020-07-29 17:05:29', null, '0', null);
INSERT INTO `wr_log_oper` VALUES ('886b27e8c81f4dd880c82579a6655853', 'wr_school_device', '2', '108', '0', null, '1', 'lisi', '0', '2020-11-20 13:33:38', null, '0', null);
INSERT INTO `wr_log_oper` VALUES ('8aea09b7774d49c1bea8c49a8dea0f9f', 'wr_basic_auth', '2', '-', '0', null, '1', 'lisi', '0', '2020-11-23 18:38:35', null, '0', null);
INSERT INTO `wr_log_oper` VALUES ('8c82d467e57d457289e4d128ee2d5ae8', 'wr_sys_permission', '5', '108', '0', null, '1', 'lisi', '0', '2021-01-12 14:46:59', null, '0', null);
INSERT INTO `wr_log_oper` VALUES ('8df94a2714f6446b97ad60a5852ca2c3', 'wr_school_device', '5', '108', '0', null, '1', 'lisi', '0', '2020-11-21 18:57:05', null, '0', null);
INSERT INTO `wr_log_oper` VALUES ('90c5b74cfa4f4b1891225eba9d51f946', 'wr_sys_department', '5', '108', '1', '0bef14b479f14be580aa666bf8ba00e6', '1', 'lisi', '0', '2020-12-01 09:11:22', null, '0', null);
INSERT INTO `wr_log_oper` VALUES ('90fb95e2dfd14ebdb0ea73cb1d139066', 'wr_school_space', '3', '108', '0', null, '1', 'lisi', '0', '2020-11-17 14:25:22', null, '0', null);
INSERT INTO `wr_log_oper` VALUES ('92ac00128a9b43c382d03782abfd5a03', 'wr_sch_semester', '3', '108', '0', null, '1', 'lisi', '0', '2020-12-04 14:39:09', null, '0', null);
INSERT INTO `wr_log_oper` VALUES ('947e3dbf35194f298a6fff3f152545ba', 'wr_school_space', '3', '108', '0', null, '1', 'lisi', '0', '2020-11-17 14:25:19', null, '0', null);
INSERT INTO `wr_log_oper` VALUES ('952c0256c1d349f1a347e08e5f38b12c', 'wr_school_device', '5', '108', '0', null, '1', 'lisi', '0', '2020-11-20 18:15:17', null, '0', null);
INSERT INTO `wr_log_oper` VALUES ('953056ae1d5a43e2a1f680a5047cce10', 'wr_basic_auth', '3', '0', '0', null, '3', 'XS20180112', '0', '2020-08-03 10:26:37', null, '0', null);
INSERT INTO `wr_log_oper` VALUES ('970d286069914b9e9baf58a2712198d2', 'wr_sch_space', '4', '108', '0', null, '1', 'lisi', '0', '2021-03-02 17:28:45', null, '0', null);
INSERT INTO `wr_log_oper` VALUES ('98cc3b3b8db84917aaaf518524489e28', 'wr_school_grade_class', '5', '108', '0', null, '1', 'lisi', '0', '2020-12-01 17:24:14', null, '0', null);
INSERT INTO `wr_log_oper` VALUES ('99a28402fdb84f4891671ab24c262a08', 'wr_basic_auth', '1', '-', '0', null, '921eb1c149f94dea915cbfef7357187b', 'wangwu', '0', '2020-07-13 19:12:14', null, '0', null);
INSERT INTO `wr_log_oper` VALUES ('9a2c2b98b36b4cbe84730bce8ab487d1', 'wr_school_space', '1', '108', '0', null, '1', 'lisi', '0', '2020-11-16 15:12:10', null, '0', null);
INSERT INTO `wr_log_oper` VALUES ('9a648f88e8aa4e6bbbf6e8210e21e809', 'wr_sys_user', '1', '18', '0', null, '1', 'lisi', '0', '2020-07-29 17:03:19', null, '0', null);
INSERT INTO `wr_log_oper` VALUES ('9b113ca0b00c4c8490569dbf12b24476', 'wr_sys_department', '1', '108', '0', null, '1', 'lisi', '0', '2020-11-30 15:11:06', null, '0', null);
INSERT INTO `wr_log_oper` VALUES ('9b91dc6f7ec544c3bc22cdbba0af9ca0', 'wr_sys_role', '2', '108', '0', null, '1', 'lisi', '0', '2020-11-23 11:14:35', null, '0', null);
INSERT INTO `wr_log_oper` VALUES ('9e778ab748de418384d49a1ba1ba45dc', 'wr_sch_space', '1', '108', '0', null, '1', 'lisi', '0', '2020-12-30 11:30:17', null, '0', null);
INSERT INTO `wr_log_oper` VALUES ('9f27a10546844f1b826c5ef0d9c456ea', 'wr_sys_user', '3', '-', '0', null, '1', 'lisi', '0', '2020-07-20 20:06:29', null, '0', null);
INSERT INTO `wr_log_oper` VALUES ('a184d49e26654e7c8a7ea10afc69ed20', 'wr_basic_auth', '4', '108', '0', null, '1', 'lisi', '0', '2021-02-05 14:43:00', null, '0', null);
INSERT INTO `wr_log_oper` VALUES ('a18869d94f424cba83fd8b9109cb9254', 'wr_sys_user', '1', '18', '0', null, '1', 'lisi', '0', '2020-07-29 19:12:24', null, '0', null);
INSERT INTO `wr_log_oper` VALUES ('a2b6bfac294f453faeb958c2eed622d3', 'wr_sch_device', '1', '108', '0', null, '1', 'lisi', '0', '2020-12-30 11:30:40', null, '0', null);
INSERT INTO `wr_log_oper` VALUES ('a2b9d63d00d54fe9b903151b88ce4de3', 'wr_sys_role', '3', '18', '0', null, '0', '1', '0', '2020-06-12 11:05:20', null, '0', null);
INSERT INTO `wr_log_oper` VALUES ('a3e2a152835941d391a75e494a3453c8', 'wr_sys_permission', '2', '18', '0', null, '123', 'ceshi', '0', '2020-06-11 18:00:38', null, '0', null);
INSERT INTO `wr_log_oper` VALUES ('a459bd4590bd4a91aff05e1ca7210a6c', 'wr_sys_permission', '2', '108', '0', null, '1', 'lisi', '0', '2021-01-12 14:09:00', null, '0', null);
INSERT INTO `wr_log_oper` VALUES ('a4b8ea2b47414dc095b2badb728301d4', 'wr_sys_permission', '2', '108', '0', null, '1', 'lisi', '0', '2020-11-03 10:33:14', null, '0', null);
INSERT INTO `wr_log_oper` VALUES ('a5836d5f452246af9ff5e0a73790518c', 'wr_sys_permission', '2', '108', '0', null, '1', 'lisi', '0', '2020-11-23 10:29:01', null, '0', null);
INSERT INTO `wr_log_oper` VALUES ('a616698d03224c049cd70dbb7f0c9431', 'wr_sch_course_table_live', '4', '108', '0', null, '1', 'lisi', '0', '2021-03-15 18:12:28', null, '0', null);
INSERT INTO `wr_log_oper` VALUES ('a7163be129d54b1cbaf2600e3fa4c2b3', 'wr_sys_user', '3', '-', '0', null, '1', 'lisi', '0', '2020-07-20 20:08:23', null, '0', null);
INSERT INTO `wr_log_oper` VALUES ('a7b8237efc504e0caa9775176f21cc0e', 'wr_sch_course_table_base', '2', '108', '0', null, '1', 'lisi', '0', '2020-12-03 17:22:17', null, '0', null);
INSERT INTO `wr_log_oper` VALUES ('a8902f2ecef14a8b84ccbafb1ad7565e', 'wr_sys_user', '3', '-', '0', null, '1', 'lisi', '0', '2020-11-24 16:38:46', null, '0', null);
INSERT INTO `wr_log_oper` VALUES ('a95fa58f3a494bd683f0ec6ea5969d9e', 'wr_sch_course_category', '3', '108', '0', null, '1', 'lisi', '0', '2020-12-02 16:21:53', null, '0', null);
INSERT INTO `wr_log_oper` VALUES ('aa22d005248146fa9463bd4ee2f0c280', 'wr_basic_auth', '1', '18', '0', null, '1', 'lisi', '0', '2020-07-30 19:12:59', null, '0', null);
INSERT INTO `wr_log_oper` VALUES ('aaf6f61fb0024d3dadad2ea310042589', 'wr_basic_auth', '3', '-', '0', null, '1', 'lisi', '0', '2020-07-15 12:23:22', null, '0', null);
INSERT INTO `wr_log_oper` VALUES ('ab152c6ee0b140898b16bc40528cde8f', 'wr_basic_auth', '3', '18', '0', null, '3', 'XS20180112', '0', '2020-08-02 14:38:43', null, '0', null);
INSERT INTO `wr_log_oper` VALUES ('ab685bcea4974a21b50edc4aec90c7ee', 'wr_school_space', '3', '108', '0', null, '1', 'lisi', '0', '2020-11-20 09:58:38', null, '0', null);
INSERT INTO `wr_log_oper` VALUES ('abe84a1887c049fb907f2d4198547be6', 'wr_sys_permission', '5', '108', '0', null, '1', 'lisi', '0', '2020-11-26 11:26:36', null, '0', null);
INSERT INTO `wr_log_oper` VALUES ('ac78318c72884188b2216a6302befb38', 'wr_sys_user', '3', '108', '0', null, '1', 'lisi', '0', '2020-11-23 18:42:54', null, '0', null);
INSERT INTO `wr_log_oper` VALUES ('acaf15fbe315455ea9cd488cc302575f', 'wr_exam_video', '1', '18', '0', null, '1', 'lisi', '0', '2020-08-15 17:40:02', null, '0', null);
INSERT INTO `wr_log_oper` VALUES ('acfe7d81999e40eea1e79c9e03ec8127', 'wr_sys_user_role', '5', '108', '0', null, '1', 'lisi', '0', '2020-11-23 15:32:51', null, '0', null);
INSERT INTO `wr_log_oper` VALUES ('afe04415c17e4699a0097fe754b8fc67', 'wr_sch_device', '1', '108', '0', null, '1', 'lisi', '0', '2020-12-30 11:22:06', null, '0', null);
INSERT INTO `wr_log_oper` VALUES ('b040b3614f6647dda418303843ab8907', 'wr_sys_role_permission', '1', '18', '0', null, '记得填充', '记得填充', '0', '2020-06-13 23:25:27', null, '0', null);
INSERT INTO `wr_log_oper` VALUES ('b153052a7daf4ee48abe22fc884de02e', 'wr_basic_auth', '1', '{permId}', '0', null, '92ff822528bd40a58b5e5a66b486e108', 'XS201', '0', '2020-07-31 17:00:33', null, '0', null);
INSERT INTO `wr_log_oper` VALUES ('b18db3eaaa0e4360a20db4263e12b681', 'wr_school_space', '2', '108', '0', null, '1', 'lisi', '0', '2020-11-11 17:10:33', null, '0', null);
INSERT INTO `wr_log_oper` VALUES ('b308ff256eb740cdb04630d354d8ff13', 'wr_examination_hall', '1', '18', '0', null, '1', 'lisi', '0', '2020-08-03 17:12:19', null, '0', null);
INSERT INTO `wr_log_oper` VALUES ('b4432366d9ed4a8f968d3619bad905cb', 'wr_sys_user', '4', '108', '0', null, '1', 'lisi', '0', '2021-02-05 12:53:30', null, '0', null);
INSERT INTO `wr_log_oper` VALUES ('b5893af5102c4ec1b1fc11714d0927bf', 'wr_sch_space', '4', '108', '0', null, '1', 'lisi', '0', '2021-03-03 10:20:15', null, '0', null);
INSERT INTO `wr_log_oper` VALUES ('b84237457aad4c0aadffd7d6be3e1cb0', 'wr_school_space', '1', '108', '0', null, '1', 'lisi', '0', '2020-11-06 14:25:35', null, '0', null);
INSERT INTO `wr_log_oper` VALUES ('ba3b7c55a83c44f4a7f99e817accf1b4', 'wr_sch_space', '1', '108', '0', null, '1', 'lisi', '0', '2020-12-31 10:02:10', null, '0', null);
INSERT INTO `wr_log_oper` VALUES ('bbae10ef8f6e484d925b6be0d9d15e93', 'wr_exam_video', '5', '108', '0', null, '1', 'lisi', '0', '2020-11-22 17:19:55', null, '0', null);
INSERT INTO `wr_log_oper` VALUES ('bca6bde2fc624b8bb9783fd6a2ee3140', 'wr_sys_role_permission', '5', '108', '0', null, '1', 'lisi', '0', '2021-01-12 14:16:23', null, '0', null);
INSERT INTO `wr_log_oper` VALUES ('be69810d9341435da22af4af76f2ca96', 'wr_basic_auth', '2', '108', '0', null, '1', 'lisi', '0', '2020-11-23 18:42:43', null, '0', null);
INSERT INTO `wr_log_oper` VALUES ('bed23fa4904b4346a29b6428c4dde813', 'wr_school_device', '2', '108', '0', null, '1', 'lisi', '0', '2020-11-18 18:27:52', null, '0', null);
INSERT INTO `wr_log_oper` VALUES ('bfbdeab9fbc747898ed115482019e97b', 'wr_school_space', '3', '108', '0', null, '1', 'lisi', '0', '2020-11-17 14:25:23', null, '0', null);
INSERT INTO `wr_log_oper` VALUES ('bfe9b2ab7d914829bf27c295e69346fb', 'wr_school_space', '3', '108', '0', null, '1', 'lisi', '0', '2020-11-17 14:21:52', null, '0', null);
INSERT INTO `wr_log_oper` VALUES ('c08d4e315726465286082700bd1641cd', 'wr_school_space', '1', '108', '0', null, '1', 'lisi', '0', '2020-11-13 17:32:49', null, '0', null);
INSERT INTO `wr_log_oper` VALUES ('c0d6bc7fe4894dfebdef02b8861194f8', 'wr_sys_user_role', '5', '108', '0', null, '1', 'lisi', '0', '2020-11-23 13:07:14', null, '0', null);
INSERT INTO `wr_log_oper` VALUES ('c2a74379c0374541b38dc7efa32efe39', 'wr_examinee', '5', '108', '0', null, '1', 'lisi', '0', '2020-11-22 17:59:10', null, '0', null);
INSERT INTO `wr_log_oper` VALUES ('c2ad9e2650c2498388af1f2cb9624d31', 'wr_sch_device', '1', '108', '0', null, '1', 'lisi', '0', '2020-12-29 10:39:25', null, '0', null);
INSERT INTO `wr_log_oper` VALUES ('c3eca118694d4d29a4c0c36678b92abf', 'wr_sys_permission', '2', '108', '0', null, '1', 'lisi', '0', '2020-11-26 11:26:22', null, '0', null);
INSERT INTO `wr_log_oper` VALUES ('c44b73dac8674782bc1e12a3a432ea7b', 'wr_sys_role_permission', '5', '108', '0', null, '1', 'lisi', '0', '2020-11-23 11:16:20', null, '0', null);
INSERT INTO `wr_log_oper` VALUES ('c5732785c33740fd9b2b6dc2f08e2667', 'wr_school_device', '3', '108', '0', null, '1', 'lisi', '0', '2020-11-18 18:06:26', null, '0', null);
INSERT INTO `wr_log_oper` VALUES ('c5878641640f417fb54db5a697d9bf8c', 'wr_sys_department', '3', '108', '0', null, '1', 'lisi', '0', '2020-11-30 15:16:20', null, '0', null);
INSERT INTO `wr_log_oper` VALUES ('c65159ad22224f999c574267e5a5304b', 'wr_school_space', '3', '108', '0', null, '1', 'lisi', '0', '2020-11-17 14:25:21', null, '0', null);
INSERT INTO `wr_log_oper` VALUES ('c67547da035a422290581c7cbad0b50d', 'wr_sys_user_role', '1', '18', '0', null, '1', 'lisi', '0', '2020-07-29 17:04:29', null, '0', null);
INSERT INTO `wr_log_oper` VALUES ('c7882fdf72c2418a9b97b4dd454a1586', 'wr_sch_space', '4', '108', '0', null, '1', 'lisi', '0', '2021-03-02 17:08:42', null, '0', null);
INSERT INTO `wr_log_oper` VALUES ('c831040e98e047839e825c14eaa07f07', 'wr_sch_device', '1', '108', '0', null, '1', 'lisi', '0', '2020-12-30 11:26:32', null, '0', null);
INSERT INTO `wr_log_oper` VALUES ('c9445f977215420e90ff5f4b9ddcd4fe', 'wr_sys_user', '4', '108', '0', null, '1', 'lisi', '0', '2021-02-05 14:31:03', null, '0', null);
INSERT INTO `wr_log_oper` VALUES ('c972737906094c9eac039d39cbe6527a', 'wr_sys_user', '5', '108', '0', null, '1', 'lisi', '0', '2020-11-23 16:12:43', null, '0', null);
INSERT INTO `wr_log_oper` VALUES ('c999ea0c1fb54ad38d8de252aa7a3b75', 'wr_examination_hall', '2', '18', '0', null, '1', 'lisi', '0', '2020-08-05 11:21:08', null, '0', null);
INSERT INTO `wr_log_oper` VALUES ('c9a1250e1a0f492a8c5f9c4d7d7b6d40', 'wr_school_space', '1', '108', '0', null, '1', 'lisi', '0', '2020-11-17 14:33:56', null, '0', null);
INSERT INTO `wr_log_oper` VALUES ('cc48d8cdaf6c4cd3b428e80575f25ca6', 'wr_sys_user_role', '4', '108', '0', null, '1', 'lisi', '0', '2021-02-05 14:34:53', null, '0', null);
INSERT INTO `wr_log_oper` VALUES ('cc97064a1ccf4533b2b9b682afbee2fe', 'wr_sys_department', '5', '108', '1', '66782c3da2194083bec51f74d095bb7b', '1', 'lisi', '0', '2020-11-30 18:01:55', null, '0', null);
INSERT INTO `wr_log_oper` VALUES ('cd9bc6ba04c940bea56971c9b7e8f512', 'wr_basic_auth', '5', '108', '0', null, '1', 'lisi', '0', '2020-11-23 18:50:58', null, '0', null);
INSERT INTO `wr_log_oper` VALUES ('cdee9a877b8c4cfba68dab0799d59082', 'wr_sys_role_permission', '5', '108', '0', null, '1', 'lisi', '0', '2021-01-12 14:48:32', null, '0', null);
INSERT INTO `wr_log_oper` VALUES ('ce57eb1f198c446ca9ae24ca066d743e', 'wr_school_space', '2', '108', '0', null, '1', 'lisi', '0', '2020-11-21 18:47:22', null, '0', null);
INSERT INTO `wr_log_oper` VALUES ('cec40f38210a4d409cff5d440eef1b94', 'wr_sys_user', '1', '18', '0', null, '记得填充', '记得填充', '0', '2020-06-15 14:37:57', null, '0', null);
INSERT INTO `wr_log_oper` VALUES ('d00bf99169954dc693ff760c6c3e012c', 'wr_examinee', '2', '18', '0', null, '1', 'lisi', '0', '2020-08-06 19:54:15', null, '0', null);
INSERT INTO `wr_log_oper` VALUES ('d12c68b708d34c99a966d5ab77de941d', 'wr_sch_space', '1', '108', '0', null, '1', 'lisi', '0', '2020-12-31 10:09:27', null, '0', null);
INSERT INTO `wr_log_oper` VALUES ('d149eb5f0cc04943837a58b4ddc75cff', 'wr_exam_video', '2', '18', '0', null, '1', 'lisi', '0', '2020-08-06 18:47:22', null, '0', null);
INSERT INTO `wr_log_oper` VALUES ('d219f1d483da4daf9f886911d51b0aee', 'wr_sys_user_role', '5', '108', '0', null, '1', 'lisi', '0', '2020-11-23 11:15:42', null, '0', null);
INSERT INTO `wr_log_oper` VALUES ('dcdce67f582b4a97a9e2e29bed3189fd', 'wr_exam_video', '5', '108', '0', null, '1', 'lisi', '0', '2020-11-22 17:56:50', null, '0', null);
INSERT INTO `wr_log_oper` VALUES ('ded3f37e6040437f9f6ffba7d1771011', 'wr_sch_space', '1', '108', '0', null, '1', 'lisi', '0', '2020-12-31 10:05:32', null, '0', null);
INSERT INTO `wr_log_oper` VALUES ('e05fe1ef8de04f2593ad3a6b5f2f04a2', 'wr_sys_permission', '1', '108', '0', null, '1', 'lisi', '0', '2020-10-30 16:05:51', null, '0', null);
INSERT INTO `wr_log_oper` VALUES ('e1c3e22b9b5e4d33af22c894881f263a', 'wr_sch_course_table_live', '4', '108', '0', null, '1', 'lisi', '0', '2021-03-16 18:29:54', null, '0', null);
INSERT INTO `wr_log_oper` VALUES ('e452d96ddb5641b6887235e0ce1d9140', 'wr_examinee', '1', '18', '0', null, '1', 'lisi', '0', '2020-08-05 09:48:41', null, '0', null);
INSERT INTO `wr_log_oper` VALUES ('e61810982bdf4359a62c6c16f13c700a', 'wr_sys_department', '2', '108', '1', 'b91e18776c9841599da5cfce9da6929f', '1', 'lisi', '0', '2020-11-30 15:17:42', null, '0', null);
INSERT INTO `wr_log_oper` VALUES ('e6232391def24c23a21a44aba9de6a8e', 'wr_sys_permission', '3', '108', '0', null, '1', 'lisi', '0', '2020-11-27 16:17:22', null, '0', null);
INSERT INTO `wr_log_oper` VALUES ('e86b4828396545df8b561c9ff25e2896', 'wr_sys_user_role', '1', '18', '0', null, '1', 'lisi', '0', '2020-07-30 14:02:21', null, '0', null);
INSERT INTO `wr_log_oper` VALUES ('ea501e974aba4cb58dc858e937ccdf12', 'wr_sch_device', '1', '108', '0', null, '1', 'lisi', '0', '2020-12-30 11:18:22', null, '0', null);
INSERT INTO `wr_log_oper` VALUES ('eae3f3d1781c404bab624942adefb9c5', 'wr_basic_auth', '1', '18', '0', null, 'c2f8181436ed48918ecda2044d149ffc', '111111', '0', '2020-07-29 17:13:45', null, '0', null);
INSERT INTO `wr_log_oper` VALUES ('eb6ac63856fc4ab79e6bc9aede6ce733', 'wr_sch_space', '4', '108', '0', null, '1', 'lisi', '0', '2021-03-02 17:44:36', null, '0', null);
INSERT INTO `wr_log_oper` VALUES ('eba16bc85ff945cf966c12aab676af0b', 'wr_sys_user', '2', '0', '0', null, '1', 'lisi', '0', '2020-07-31 17:05:08', null, '0', null);
INSERT INTO `wr_log_oper` VALUES ('edb6cbca1c3c4b05b8e1ca418ce6cca3', 'wr_sch_semester', '2', '108', '0', null, '1', 'lisi', '0', '2020-12-04 14:41:15', null, '0', null);
INSERT INTO `wr_log_oper` VALUES ('edf9bff908e94d959b562998ba33184d', 'wr_sch_space', '4', '108', '0', null, '1', 'lisi', '0', '2021-03-03 11:07:01', null, '0', null);
INSERT INTO `wr_log_oper` VALUES ('ee1bd854f9ac403eaf77eaa635b87bab', 'wr_sys_role_permission', '1', '18', '0', null, '记得填充', '记得填充', '0', '2020-06-13 23:25:27', null, '0', null);
INSERT INTO `wr_log_oper` VALUES ('ee791fc6877049e992ec6a3aa219c300', 'wr_security_questions', '2', '108', '0', null, '1', 'lisi', '0', '2020-11-23 09:06:32', null, '0', null);
INSERT INTO `wr_log_oper` VALUES ('eeae8af8d5e843ad92273b2aa13ed564', 'wr_sys_permission', '3', '108', '0', null, '1', 'lisi', '0', '2020-11-27 16:15:30', null, '0', null);
INSERT INTO `wr_log_oper` VALUES ('eeedc5554fcc4fee90a55e67ca4d03d7', 'wr_school_space', '3', '108', '0', null, '1', 'lisi', '0', '2020-11-17 14:25:17', null, '0', null);
INSERT INTO `wr_log_oper` VALUES ('eef02c5cc7f54793b95da424b8f4318a', 'wr_school_device', '1', '108', '0', null, '1', 'lisi', '0', '2020-11-18 17:52:39', null, '0', null);
INSERT INTO `wr_log_oper` VALUES ('ef52c304c71c4b9d91f7794059f75531', 'wr_examinee', '3', '18', '0', null, '1', 'lisi', '0', '2020-08-05 10:16:56', null, '0', null);
INSERT INTO `wr_log_oper` VALUES ('ef7957022b1f4f3984abdc39d6668b37', 'wr_examination_hall', '2', '0', '0', null, '1', 'lisi', '0', '2020-08-07 10:25:20', null, '0', null);
INSERT INTO `wr_log_oper` VALUES ('f18cc234c474454ab6f749495b7fb5cf', 'wr_school_space', '3', '108', '0', null, '1', 'lisi', '0', '2020-11-17 14:44:32', null, '0', null);
INSERT INTO `wr_log_oper` VALUES ('f359486fdd9a49f4bfce98a87661fa2e', 'wr_sys_role_permission', '2', '18', '0', null, '记得填充', '记得填充', '0', '2020-06-13 23:20:22', null, '0', null);
INSERT INTO `wr_log_oper` VALUES ('f3af19a206824a1eb90b88932a7e1a7e', 'wr_sch_device', '4', '108', '0', null, '1', 'lisi', '0', '2021-03-09 10:16:45', null, '0', null);
INSERT INTO `wr_log_oper` VALUES ('f460e07b2940428f9462cfc0d517edd8', 'wr_school_device', '5', '108', '0', null, '1', 'lisi', '0', '2020-11-21 18:49:24', null, '0', null);
INSERT INTO `wr_log_oper` VALUES ('f4a225388c0a4b90a1ca89f8a90d5198', 'wr_examination_hall', '5', '108', '0', null, '1', 'lisi', '0', '2020-11-22 17:58:45', null, '0', null);
INSERT INTO `wr_log_oper` VALUES ('f5f7536f253f4ff39e2bf56dbf661a56', 'wr_school_device', '3', '108', '0', null, '1', 'lisi', '0', '2020-11-11 15:35:33', null, '0', null);
INSERT INTO `wr_log_oper` VALUES ('f71716e37fb0420fbfdf0bb877e508d2', 'wr_security_question_set', '2', '-', '0', null, '1', 'lisi', '0', '2020-07-16 14:14:54', null, '0', null);
INSERT INTO `wr_log_oper` VALUES ('f7663d26d1c247e6b3db4bd348d15521', 'wr_school_grade_class', '1', '108', '0', null, '1', 'lisi', '0', '2020-12-01 17:17:22', null, '0', null);
INSERT INTO `wr_log_oper` VALUES ('f978afb6451e49c38a3d3df5caa3d408', 'wr_school_space', '3', '108', '0', null, '1', 'lisi', '0', '2020-11-17 14:16:50', null, '0', null);
INSERT INTO `wr_log_oper` VALUES ('fc6b3460d35749e48204a3634385f16d', 'wr_school_device', '1', '108', '0', null, '1', 'lisi', '0', '2020-11-11 15:10:41', null, '0', null);
INSERT INTO `wr_log_oper` VALUES ('fcdf3160e003489290fa1aa97c011906', 'wr_sys_role_permission', '5', '108', '1', '33993ea36b1c4df395ed05764af85e08', '1', 'lisi', '0', '2020-11-23 15:07:19', null, '0', null);
INSERT INTO `wr_log_oper` VALUES ('fda18bba0a4e4cd2b6b0308ec04473cc', 'wr_sys_role_permission', '2', '7445836af585408b94dcacacdbae14c8', '1', '33993ea36b1c4df395ed05764af85e08', '1', 'lisi', '0', '2020-08-26 11:29:26', null, '0', null);

-- ----------------------------
-- Table structure for wr_log_oper_detail
-- ----------------------------
DROP TABLE IF EXISTS `wr_log_oper_detail`;
CREATE TABLE `wr_log_oper_detail` (
  `id` varchar(255) NOT NULL COMMENT '主键(新增操作忽略，更新操作必填)',
  `log_oper_id` varchar(255) NOT NULL COMMENT '日志操作记录表ID',
  `row_id` varchar(255) NOT NULL COMMENT '被操作表的行ID',
  `old_val` text COMMENT '老数据(或被操作之前的数据)',
  `new_val` text COMMENT '新数据(或被操作之后的数据)',
  PRIMARY KEY (`id`)
) ENGINE=InnoDB DEFAULT CHARSET=utf8 COMMENT='日志-操作记录-详情(本表数据量很大，只有在真进入详情时才去检查数据)';

-- ----------------------------
-- Records of wr_log_oper_detail
-- ----------------------------
INSERT INTO `wr_log_oper_detail` VALUES ('000a2ae530e44cb5948f62e640e5ec01', 'b040b3614f6647dda418303843ab8907', '139ceff4d5ac420ca62ec2b533b6e407', null, '{\"createBy\":\"记得填充\",\"createId\":\"记得填充\",\"id\":\"139ceff4d5ac420ca62ec2b533b6e407\",\"sysPermissionId\":\"32\",\"sysRoleId\":\"3\"}');
INSERT INTO `wr_log_oper_detail` VALUES ('015367edf7ec4a5e834b05f83a4623b0', '7294e8ae3d9b469ba26c0e1805a8821d', '46eb6ad7d95047f1a23d647efd769261', '{\"categoryCode\":\"X33333XX\",\"categoryName\":\"X33333XX类\",\"createBy\":\"lisi\",\"createId\":\"1\",\"createTime\":1606897183000,\"createWay\":\"0\",\"id\":\"46eb6ad7d95047f1a23d647efd769261\",\"isDelete\":\"0\"}', null);
INSERT INTO `wr_log_oper_detail` VALUES ('015b4399f53243db9a3ccbf2cf887e28', '7294e8ae3d9b469ba26c0e1805a8821d', '46eb6ad7d95047f1a23d647efd769260', '{\"categoryCode\":\"X22222XX\",\"categoryName\":\"X22222XX类\",\"createBy\":\"lisi\",\"createId\":\"1\",\"createTime\":1606897183000,\"createWay\":\"0\",\"id\":\"46eb6ad7d95047f1a23d647efd769260\",\"isDelete\":\"0\"}', null);
INSERT INTO `wr_log_oper_detail` VALUES ('0321d5d8ebcd42fe9b6e8c716240a9aa', '92ac00128a9b43c382d03782abfd5a03', '48680c8514d94e498e4a087a8e4f54c8', '{\"createBy\":\"lisi\",\"createId\":\"1\",\"createTime\":1607061993000,\"createWay\":\"0\",\"id\":\"48680c8514d94e498e4a087a8e4f54c8\",\"isCurrentSem\":\"1\",\"isDelete\":\"0\",\"schoolYearEnd\":2013,\"schoolYearStart\":2012,\"semCode\":\"2012-2013-1\",\"semDateEnd\":1358870400000,\"semDateStart\":1346428800000,\"semNum\":1,\"totalWeeks\":11}', '{\"id\":\"48680c8514d94e498e4a087a8e4f54c8\",\"isCurrentSem\":\"0\",\"schoolYearEnd\":2011,\"schoolYearStart\":2010,\"semCode\":\"2010-2011-2\",\"semDateEnd\":1295712000000,\"semDateStart\":1283270400000,\"semNum\":2,\"totalWeeks\":22}');
INSERT INTO `wr_log_oper_detail` VALUES ('0372b8901cbf494684178684cb9956a1', '18650841aeeb4d6db83f234f75c8cacf', '15', '{\"createBy\":\"李四\",\"createId\":\"1\",\"createTime\":1604563803000,\"createWay\":\"0\",\"id\":\"15\",\"isDelete\":\"0\",\"parentId\":\"9\",\"parentIds\":\"/0/1/2/4/9/\",\"parentSpaceCode\":\"3F\",\"parentSpaceCodes\":\"/ZJCMXY/XSXQ/JXL1/3F/\",\"parentSpaceName\":\"3F\",\"parentSpaceNames\":\"/浙江传媒学院/下沙校区/第一教学楼/3F/\",\"sortNum\":6,\"spaceAlias\":\"\",\"spaceCode\":\"302\",\"spaceName\":\"302\",\"spaceType\":\"5\"}', null);
INSERT INTO `wr_log_oper_detail` VALUES ('037388e936c1400d9b05f37ab9d441cf', '727417eb810145d8bd19bc4f49d980b0', '6f448f08020a42ecb8437cbafc9d0743', null, '{\"createBy\":\"lisi\",\"createId\":\"1\",\"id\":\"6f448f08020a42ecb8437cbafc9d0743\",\"personName\":\"爱丽丝\",\"personNum\":\"111111\"}');
INSERT INTO `wr_log_oper_detail` VALUES ('0433875b281245168825ebe596055b74', 'c9445f977215420e90ff5f4b9ddcd4fe', 'bf9532b3bc3940b88c9aebb3e6c7a2fe', null, '{\"age\":12,\"birthday\":1549382400000,\"createBy\":\"lisi\",\"createId\":\"1\",\"createTime\":1612506595035,\"createWay\":\"1\",\"headImgUrl\":\"/headImg/defaultHeadImg.jpg\",\"id\":\"bf9532b3bc3940b88c9aebb3e6c7a2fe\",\"isRegistered\":\"0\",\"nickname\":\"测试昵称1\",\"personName\":\"测试姓名1\",\"personNum\":\"100000001\",\"position\":\"测试职位1\",\"profile\":\"测试个人简介1\",\"sex\":\"1\"}');
INSERT INTO `wr_log_oper_detail` VALUES ('0567d7c264514fbd890f3687c1687d2a', '8c82d467e57d457289e4d128ee2d5ae8', '14', '{\"ascriptionType\":\"1\",\"createBy\":\"1\",\"createId\":\"0\",\"createTime\":1573108029000,\"iconStyle\":\"\",\"iconUrl\":\"\",\"id\":\"14\",\"isDelete\":\"0\",\"isLocked\":\"0\",\"name\":\"商品删除\",\"parentId\":\"11\",\"parentIds\":\"/0/1/2/11/\",\"percode\":\"item:delete\",\"remark\":\"\",\"sortNum\":3,\"type\":\"button\",\"url\":\"/item/delete.action\"}', null);
INSERT INTO `wr_log_oper_detail` VALUES ('05b345f07c194acba3496b07501b46d0', '7c528411a72a4a428ec8d0125274fdc4', '39aaa2f73fdc4add9ce3d1addeaab44a', '{\"createBy\":\"lisi\",\"createId\":\"1\",\"createTime\":1604643930000,\"id\":\"39aaa2f73fdc4add9ce3d1addeaab44a\",\"isDelete\":\"0\",\"parentId\":\"7\",\"parentIds\":\"0/1/2/4/7\",\"sortNum\":1,\"spaceAlias\":\"我是别名哦\",\"spaceCode\":\"JX102645\",\"spaceName\":\"测试空间名称\",\"spaceType\":\"5\"}', '{\"id\":\"39aaa2f73fdc4add9ce3d1addeaab44a\",\"parentId\":\"0\",\"sortNum\":0,\"spaceAlias\":\"0\",\"spaceCode\":\"0\",\"spaceName\":\"0\",\"spaceType\":\"0\"}');
INSERT INTO `wr_log_oper_detail` VALUES ('06ef59b15430417c8e473567e63adbf6', 'ab152c6ee0b140898b16bc40528cde8f', '3', '{\"createTime\":1596187440000,\"id\":\"3\",\"isDelete\":\"0\",\"isLocked\":\"0\",\"passWord\":\"1\",\"personNum\":\"XS20180113\",\"salt\":\"1\",\"sysUserId\":\"3\",\"userName\":\"XS20180112\"}', '{\"id\":\"3\",\"isLocked\":\"1\"}');
INSERT INTO `wr_log_oper_detail` VALUES ('0778fe7a47d64cc6af54971904bfeae1', '159931352a4e4082a79f038f7647dc84', '485d7943066f41a28261a2a4274da1af', null, '{\"createBy\":\"lisi\",\"createId\":\"1\",\"id\":\"485d7943066f41a28261a2a4274da1af\",\"parentId\":\"b9126edbc8df4361ad7ae6644f7da8b8\",\"parentIds\":\"/0/b9126edbc8df4361ad7ae6644f7da8b8/\",\"parentSpaceCode\":\"ZJCMXY\",\"parentSpaceCodes\":\"/ZJCMXY/\",\"parentSpaceName\":\"浙江传媒学院\",\"parentSpaceNames\":\"/浙江传媒学院/\",\"sortNum\":1,\"spaceCode\":\"TXXQ\",\"spaceName\":\"桐乡校区\",\"spaceType\":\"2\"}');
INSERT INTO `wr_log_oper_detail` VALUES ('07aa90557cb6475d920a35a20b231261', 'edb6cbca1c3c4b05b8e1ca418ce6cca3', '48680c8514d94e498e4a087a8e4f54c8', '{\"createBy\":\"lisi\",\"createId\":\"1\",\"createTime\":1607061993000,\"createWay\":\"0\",\"id\":\"48680c8514d94e498e4a087a8e4f54c8\",\"isCurrentSem\":\"0\",\"isDelete\":\"0\",\"schoolYearEnd\":2011,\"schoolYearStart\":2010,\"semCode\":\"2010-2011-2\",\"semDateEnd\":1295712000000,\"semDateStart\":1283270400000,\"semNum\":2,\"totalWeeks\":22}', null);
INSERT INTO `wr_log_oper_detail` VALUES ('07fed782990e42709a6a353873d2d5a1', 'c5878641640f417fb54db5a697d9bf8c', '92b38b1fdf1e42ee85bf8c56e3f0b58b', '{\"ascriptionType\":\"1\",\"createBy\":\"lisi\",\"createId\":\"1\",\"createTime\":1606720220000,\"createWay\":\"0\",\"depCode\":\"kj1111\",\"depDesc\":\"会计1111\",\"depName\":\"会计1111\",\"depType\":\"1_3\",\"id\":\"92b38b1fdf1e42ee85bf8c56e3f0b58b\",\"isDelete\":\"0\",\"parentId\":\"13\",\"parentIds\":\"/0/1/12/13/\",\"sortNum\":1}', '{\"ascriptionType\":\"1\",\"depCode\":\"11111\",\"depDesc\":\"1111\",\"depName\":\"1111\",\"depType\":\"1_3\",\"id\":\"92b38b1fdf1e42ee85bf8c56e3f0b58b\",\"parentId\":\"14\",\"sortNum\":2}');
INSERT INTO `wr_log_oper_detail` VALUES ('082a4d8d09e049f0a2477017796b982d', 'bca6bde2fc624b8bb9783fd6a2ee3140', '6', '{\"createBy\":\"1\",\"createId\":\"0\",\"createTime\":1591179399000,\"id\":\"6\",\"sysPermissionId\":\"13\",\"sysRoleId\":\"1\"}', null);
INSERT INTO `wr_log_oper_detail` VALUES ('08af8ea372a8471a94bf2367107ba0fa', 'edf9bff908e94d959b562998ba33184d', '51fd14df07ff4818888edcdf3d566147', null, '{\"createBy\":\"lisi\",\"createId\":\"1\",\"createTime\":1614740818274,\"createWay\":\"1\",\"id\":\"51fd14df07ff4818888edcdf3d566147\",\"parentId\":\"9\",\"parentIds\":\"/0/1/2/4/9/\",\"parentSpaceCode\":\"3F\",\"parentSpaceCodes\":\"/ZJCMXY/XSXQ/JXL1/3F/\",\"parentSpaceName\":\"3F\",\"parentSpaceNames\":\"/浙江传媒学院/下沙校区/第一教学楼/3F/\",\"remark\":\"教室节点\",\"sortNum\":3,\"spaceCode\":\"403\",\"spaceName\":\"403\",\"spaceType\":\"5\"}');
INSERT INTO `wr_log_oper_detail` VALUES ('08d37a2833984d189b0351975fdb7541', '8c82d467e57d457289e4d128ee2d5ae8', '12', '{\"ascriptionType\":\"1\",\"createBy\":\"1\",\"createId\":\"0\",\"createTime\":1573108029000,\"iconStyle\":\"\",\"iconUrl\":\"\",\"id\":\"12\",\"isDelete\":\"0\",\"isLocked\":\"0\",\"name\":\"商品新增\",\"parentId\":\"11\",\"parentIds\":\"/0/1/2/11/\",\"percode\":\"item:create\",\"remark\":\"\",\"sortNum\":1,\"type\":\"button\",\"url\":\"/item/add.action\"}', null);
INSERT INTO `wr_log_oper_detail` VALUES ('09015ce84d86484b8a1db186ea8ca0a2', '7ef9259875de42ccbbb9eaab0ea37840', '558330104331416aba3f09b75c557594', '{\"abnormalMillis\":\"\",\"abnormalTime\":1606032722000,\"createBy\":\"lisi\",\"createId\":\"1\",\"createTime\":1606032725000,\"createWay\":\"0\",\"examAbnormal\":\"0\",\"examinationHallCode\":\"xs0003\",\"examinationHallId\":\"3\",\"examineeId\":\"067a07316db14a79b04c36f72bc9adab\",\"id\":\"558330104331416aba3f09b75c557594\",\"isDelete\":\"0\",\"originalFile\":\"\",\"studentCode\":\"JJJJJJJJJ\",\"videoCoverImg\":\"\",\"videoDuration\":\"\",\"videoName\":\"\",\"videoPath\":\"\",\"videoStatus\":\"\",\"watchCount\":26}', null);
INSERT INTO `wr_log_oper_detail` VALUES ('0a96f5a3de90481fa8a2c183a61a895b', '53fdb42d26134db8b651db8db54da8b4', '91909ae053db4880a5b19192e369d9d1', null, '{\"createBy\":\"记得填充\",\"createId\":\"记得填充\",\"id\":\"91909ae053db4880a5b19192e369d9d1\",\"sysPermissionId\":\"33\",\"sysRoleId\":\"3\"}');
INSERT INTO `wr_log_oper_detail` VALUES ('0d0e4cf08f4a464d92f550b7cea147ac', '36be04dbb37347a0bd9193f6964662f6', '9ef6d53433044f5fb7e3a0e573e9e589', '{\"connectStatus\":\"0\",\"createBy\":\"lisi\",\"createId\":\"1\",\"createTime\":1605693520000,\"deviceLocation\":\"讲台\",\"deviceName\":\"讲台计算机\",\"deviceType\":\"2\",\"flvGetUrl\":\"/live/ZJCMXY_XSXQ_JXL1_1F_101_VGA.flv\",\"hlsGetUrl\":\"/live/ZJCMXY_XSXQ_JXL1_1F_101_VGA.m3u8\",\"id\":\"9ef6d53433044f5fb7e3a0e573e9e589\",\"ipAddr\":\"192.168.1.68\",\"isActive\":\"1\",\"isDelete\":\"0\",\"isEnableControl\":\"0\",\"isSupportControl\":\"0\",\"rtmpGetUrl\":\"/live/ZJCMXY_XSXQ_JXL1_1F_101_VGA\",\"schoolSpaceId\":\"10\",\"serialNumber\":\"11111111111\"}', '{\"deviceLocation\":\"讲台\",\"deviceName\":\"讲台计算机2\",\"deviceType\":\"2\",\"flvGetUrl\":\"/live/ZJCMXY_XSXQ_JXL1_1F_102_VGA.flv\",\"hlsGetUrl\":\"/live/ZJCMXY_XSXQ_JXL1_1F_102_VGA.m3u8\",\"id\":\"9ef6d53433044f5fb7e3a0e573e9e589\",\"ipAddr\":\"192.168.1.69\",\"rtmpGetUrl\":\"/live/ZJCMXY_XSXQ_JXL1_1F_102_VGA\",\"schoolSpaceId\":\"11\",\"serialNumber\":\"22222222\"}');
INSERT INTO `wr_log_oper_detail` VALUES ('0e1704c661014be1bd4edc7b9a2f3e63', '328332adc3e64410a51d00180bf5073a', 'c5068467343c46ca81fe1af7264b225f', null, '{\"createBy\":\"lisi\",\"createId\":\"1\",\"id\":\"c5068467343c46ca81fe1af7264b225f\",\"sysRoleId\":\"44\",\"sysUserId\":\"22\"}');
INSERT INTO `wr_log_oper_detail` VALUES ('0eccec7ce98d4e7c937df623eae7e620', '011258371e0b41e2be9539915bd1b655', '039c2137fcdc479a8c6d4ec6d949cff1', null, '{\"createBy\":\"记得填充\",\"createId\":\"记得填充\",\"id\":\"039c2137fcdc479a8c6d4ec6d949cff1\",\"sysPermissionId\":\"28\",\"sysRoleId\":\"3\"}');
INSERT INTO `wr_log_oper_detail` VALUES ('0fff78d5106e46cb9fce0dbffd6bba16', 'eba16bc85ff945cf966c12aab676af0b', '3', '{\"age\":16,\"birthday\":1594569600000,\"createBy\":\"admin\",\"createId\":\"0\",\"createTime\":1592203075000,\"createWay\":\"0\",\"headImgUrl\":\"headImg/defaultHeadImg.jpg\",\"id\":\"3\",\"isDelete\":\"0\",\"isLocked\":\"0\",\"isRegistered\":\"1\",\"nickname\":\"隔壁大老王\",\"personName\":\"XS20180181\",\"personNum\":\"XS201\",\"position\":\"\",\"profile\":\"你好，我是王五\",\"remark\":\"\",\"sex\":\"1\"}', '{\"deleteTime\":1596186305308,\"id\":\"3\",\"isDelete\":\"1\"}');
INSERT INTO `wr_log_oper_detail` VALUES ('1', '1', '188', '{这个地方填JSON数据}', '{这个地方填JSON数据}');
INSERT INTO `wr_log_oper_detail` VALUES ('1069bbb47a584e919876cae4356a1350', '519d7dc6a7c34e12b7e85f204ab502f7', '35811484ae4e4440ba3c36a392f7dbc3', null, '{\"createBy\":\"lisi\",\"createId\":\"1\",\"createTime\":1615805131562,\"createWay\":\"0\",\"dateForWeeks\":1599580800000,\"id\":\"35811484ae4e4440ba3c36a392f7dbc3\",\"isCancel\":\"0\",\"isRecord\":\"0\",\"planForm\":\"李四\",\"schCourseTableBaseId\":\"3\",\"weeks\":2}');
INSERT INTO `wr_log_oper_detail` VALUES ('130684e6581f4741a842c0a50e43cae4', '6ba986e2fb6f4b5393d31cb3696bae29', '3cb41614cb8f4481ae46d241a69d28f3', '{\"accessProtocol\":\"1\",\"accessPwd\":\"12345\",\"accessUser\":\"admin\",\"connectStatus\":\"0\",\"createBy\":\"lisi\",\"createId\":\"1\",\"createTime\":1605954855000,\"deviceLocation\":\"S\",\"deviceName\":\"摄像机6(前)\",\"deviceType\":\"1\",\"flvGetUrl\":\"/live/ZJCMXY_XSXQ_JXL1_1F_106_S.flv\",\"hlsGetUrl\":\"/live/ZJCMXY_XSXQ_JXL1_1F_106_S.m3u8\",\"id\":\"3cb41614cb8f4481ae46d241a69d28f3\",\"ipAddr\":\"192.168.1.73\",\"isActive\":\"1\",\"isDelete\":\"0\",\"isEnableControl\":\"1\",\"isSupportControl\":\"1\",\"onvifPwd\":\"12345\",\"onvifUser\":\"admin\",\"rtmpGetUrl\":\"/live/ZJCMXY_XSXQ_JXL1_1F_106_S\",\"rtspUrlMain\":\"rtsp://admin:12345@192.168.1.73:554/h264/ch1/main/av_stream\",\"rtspUrlSub\":\"rtsp://admin:12345@192.168.1.73:554/h264/ch1/sub/av_stream\",\"schoolSpaceId\":\"403acee6098e41b8ba1237feadac1906\",\"serialNumber\":\"6666666666\"}', null);
INSERT INTO `wr_log_oper_detail` VALUES ('13902062f3ac4f8cb8c55dffe3f4cfd5', 'a7b8237efc504e0caa9775176f21cc0e', 'a281ca7b2a034fa59d112c43605dec01', '{\"courseCode\":\"-\",\"courseName\":\"-\",\"courseType\":\"-\",\"createBy\":\"lisi\",\"createId\":\"1\",\"createTime\":1606987108000,\"createWay\":\"0\",\"endTime\":1606961644000,\"id\":\"a281ca7b2a034fa59d112c43605dec01\",\"isDelete\":\"0\",\"peopleNum\":10,\"schCourseCategoryId\":\"-\",\"schSpaceId\":\"-\",\"sectionNum\":\"/-/-/\",\"startTime\":1606961639000,\"sysDepartmentId\":\"-\",\"sysUserId\":\"-\",\"week\":5,\"weeks\":\"-\"}', null);
INSERT INTO `wr_log_oper_detail` VALUES ('148e65f6727a42e393a55ff95bcb9893', '687d2c117f4c4ebbb1042d90e588348b', '46562b8c942f4c1b95f44cbf09276947', null, '{\"id\":\"46562b8c942f4c1b95f44cbf09276947\",\"passWord\":\"973583344d33f4e8f8d6cccbffef1fe7\",\"personNum\":\"XS20180180\",\"salt\":\"XS20180180\",\"sysUserId\":\"ad84c30d089744d9b1630e10d23e3fc7\",\"userName\":\"XS20180180\"}');
INSERT INTO `wr_log_oper_detail` VALUES ('14a1fdc0b831483680fcfc914811944b', 'c0d6bc7fe4894dfebdef02b8861194f8', 'dba24924389445429be9669b2d2ba4a8', '{\"createBy\":\"lisi\",\"createId\":\"1\",\"createTime\":1606107689000,\"id\":\"dba24924389445429be9669b2d2ba4a8\",\"sysRoleId\":\"22\",\"sysUserId\":\"22\"}', null);
INSERT INTO `wr_log_oper_detail` VALUES ('14fa303041374524bf6d279542e3f066', 'c5732785c33740fd9b2b6dc2f08e2667', '3cb41614cb8f4481ae46d241a69d28f2', '{\"accessProtocol\":\"1\",\"accessPwd\":\"12345\",\"accessUser\":\"admin\",\"connectStatus\":\"0\",\"createBy\":\"lisi\",\"createId\":\"1\",\"createTime\":1605693159000,\"deviceLocation\":\"S\",\"deviceName\":\"摄像机1(前)\",\"deviceType\":\"1\",\"flvGetUrl\":\"/live/ZJCMXY_XSXQ_JXL1_1F_101_S.flv\",\"hlsGetUrl\":\"/live/ZJCMXY_XSXQ_JXL1_1F_101_S.m3u8\",\"id\":\"3cb41614cb8f4481ae46d241a69d28f2\",\"ipAddr\":\"192.168.1.67\",\"isActive\":\"1\",\"isDelete\":\"0\",\"isEnableControl\":\"1\",\"isSupportControl\":\"1\",\"onvifPwd\":\"12345\",\"onvifUser\":\"admin\",\"rtmpGetUrl\":\"/live/ZJCMXY_XSXQ_JXL1_1F_101_S\",\"rtspUrlMain\":\"rtsp://admin:12345@192.168.1.67:554/h264/ch1/main/av_stream\",\"rtspUrlSub\":\"rtsp://admin:12345@192.168.1.67:554/h264/ch1/sub/av_stream\",\"schoolSpaceId\":\"10\",\"serialNumber\":\"11111111111\"}', '{\"accessProtocol\":\"1\",\"accessPwd\":\"12345\",\"accessUser\":\"admin\",\"deviceLocation\":\"S\",\"deviceName\":\"摄像机1(前)\",\"deviceType\":\"1\",\"flvGetUrl\":\"/live/ZJCMXY_XSXQ_JXL1_1F_101_S.flv\",\"hlsGetUrl\":\"/live/ZJCMXY_XSXQ_JXL1_1F_101_S.m3u8\",\"id\":\"3cb41614cb8f4481ae46d241a69d28f2\",\"ipAddr\":\"192.168.1.67\",\"isSupportControl\":\"1\",\"onvifPwd\":\"12345\",\"onvifUser\":\"admin\",\"rtmpGetUrl\":\"/live/ZJCMXY_XSXQ_JXL1_1F_101_S\",\"rtspUrlMain\":\"rtsp://admin:12345@192.168.1.67:554/h264/ch1/main/av_stream\",\"rtspUrlSub\":\"rtsp://admin:12345@192.168.1.67:554/h264/ch1/sub/av_stream\",\"schoolSpaceId\":\"10\",\"serialNumber\":\"11111111111\"}');
INSERT INTO `wr_log_oper_detail` VALUES ('16564d35bf8d40e78a5628e6b1e36bff', '72e3fc199b174422a7d57851da656c5b', '38677df874a246ec99c12ea2f25f1c2b', null, '{\"answer\":\"2\",\"basicAuthId\":\"2\",\"createBy\":\"lisi\",\"createId\":\"1\",\"createTime\":1606097273065,\"createWay\":\"0\",\"id\":\"38677df874a246ec99c12ea2f25f1c2b\",\"rank\":2,\"securityQuestionId\":\"2\"}');
INSERT INTO `wr_log_oper_detail` VALUES ('16859f22c99a4719aaba02691a6f4a13', '821f443dd9f94de4a659869add42e90b', 'b9126edbc8df4361ad7ae6644f7da8b8', '{\"createBy\":\"lisi\",\"createId\":\"1\",\"createTime\":1605576682000,\"id\":\"b9126edbc8df4361ad7ae6644f7da8b8\",\"isDelete\":\"0\",\"parentId\":\"0\",\"parentIds\":\"/0/\",\"parentSpaceCode\":\"/\",\"parentSpaceCodes\":\"/\",\"parentSpaceName\":\"/\",\"parentSpaceNames\":\"/\",\"sortNum\":1,\"spaceCode\":\"HBZFZYXY\",\"spaceName\":\"河北政法职业学院\",\"spaceType\":\"1\"}', '{\"id\":\"b9126edbc8df4361ad7ae6644f7da8b8\",\"parentId\":\"0\",\"sortNum\":1,\"spaceCode\":\"HBZFZYXY\",\"spaceName\":\"河北政法职业学院\",\"spaceType\":\"1\"}');
INSERT INTO `wr_log_oper_detail` VALUES ('1737e311962347b5b76758ac5ff85852', 'd219f1d483da4daf9f886911d51b0aee', '22', '{\"createBy\":\"1\",\"createId\":\"1\",\"createTime\":1606101164000,\"id\":\"22\",\"sysRoleId\":\"66\",\"sysUserId\":\"22\"}', null);
INSERT INTO `wr_log_oper_detail` VALUES ('17847c3f60fe476d804de102e6d09e4a', '554bd90fb0a64085a055162178c1d65f', '43', '{\"ascriptionType\":\"2\",\"createBy\":\"1\",\"createId\":\"1\",\"createTime\":1606379063000,\"iconStyle\":\"\",\"iconUrl\":\"\",\"id\":\"43\",\"isDelete\":\"0\",\"isLocked\":\"0\",\"name\":\"XXX\",\"parentId\":\"36\",\"parentIds\":\"/0/1/41/42/\",\"percode\":\"xxx:XXXXXX\",\"sortNum\":1,\"type\":\"button\",\"url\":\"/xxx/xxx.action\"}', null);
INSERT INTO `wr_log_oper_detail` VALUES ('18584b2bcc7444179ba8e2e9235b86c9', 'aa22d005248146fa9463bd4ee2f0c280', 'batchInsert', null, '[{\"id\":\"7fc2715266d44c6c8300b71612219159\",\"passWord\":\"b75190ba58c5d5d4187725863faa1465\",\"personNum\":\"XS201\",\"salt\":\"XS201\",\"sysUserId\":\"3\",\"userName\":\"XS201\"},{\"id\":\"31865bfae27c4bb69615f5b7f3803228\",\"passWord\":\"973583344d33f4e8f8d6cccbffef1fe7\",\"personNum\":\"XS20180180\",\"salt\":\"XS20180180\",\"sysUserId\":\"ad84c30d089744d9b1630e10d23e3fc7\",\"userName\":\"XS20180180\"},{\"id\":\"d3c12acea80045c9afe24b10f906b8a6\",\"passWord\":\"c2f60e53d2f4c95c193670bc53b1ad34\",\"personNum\":\"111111\",\"salt\":\"111111\",\"sysUserId\":\"f2b2607f3dea41509bdef1e2ab1882ce\",\"userName\":\"111111\"}]');
INSERT INTO `wr_log_oper_detail` VALUES ('186f4d8329654b9fb5c7bafb4282472c', 'a3e2a152835941d391a75e494a3453c8', '3', '{\"createBy\":\"1\",\"createId\":\"0\",\"createTime\":1573108029000,\"id\":\"3\",\"isDelete\":\"0\",\"isLocked\":\"0\",\"name\":\"商品管理\",\"parentId\":\"2\",\"parentIds\":\"0/1/2\",\"percode\":\"item:query\",\"sortString\":\"1\",\"type\":\"2\",\"url\":\"/item/queryItem.action\"}', '{\"createBy\":\"ceshi\",\"createId\":\"123\",\"deleteTime\":1591869468566,\"id\":\"3\",\"isDelete\":\"1\"}');
INSERT INTO `wr_log_oper_detail` VALUES ('1a23b8853935435cb6b62dafa775d4df', 'c44b73dac8674782bc1e12a3a432ea7b', '22', '{\"createBy\":\"22\",\"createId\":\"22\",\"createTime\":1606101213000,\"id\":\"22\",\"sysPermissionId\":\"22\",\"sysRoleId\":\"66\"}', null);
INSERT INTO `wr_log_oper_detail` VALUES ('1af27c9c541c4a6c960b2b7a1e346333', 'f359486fdd9a49f4bfce98a87661fa2e', '9', '{\"createBy\":\"1\",\"createId\":\"1\",\"createTime\":1592058984000,\"id\":\"9\",\"sysPermissionId\":\"25\",\"sysRoleId\":\"3\"}', null);
INSERT INTO `wr_log_oper_detail` VALUES ('1afb0ae8879541e68944b35d6c760273', '648d0ebfe83a43718b12ed4dfe733405', '91ae32830eb743f5823d649e99e0f058', null, '{\"createBy\":\"lisi\",\"createId\":\"1\",\"id\":\"91ae32830eb743f5823d649e99e0f058\",\"questionCode\":\"8\",\"questionDesc\":\"测试\"}');
INSERT INTO `wr_log_oper_detail` VALUES ('1b10ce0791a148b89cb34af12b7911f6', 'bca6bde2fc624b8bb9783fd6a2ee3140', '15', '{\"createBy\":\"1\",\"createId\":\"1\",\"createTime\":1598348434000,\"id\":\"15\",\"sysPermissionId\":\"14\",\"sysRoleId\":\"1\"}', null);
INSERT INTO `wr_log_oper_detail` VALUES ('1b535cb2c7414a0683d33a5f4737c635', '5831ccdcea874016b88e26288b1262c4', '3', '{\"createBy\":\"李四\",\"createId\":\"1\",\"createTime\":1604563303000,\"id\":\"3\",\"isDelete\":\"0\",\"parentId\":\"1\",\"parentIds\":\"/0/1/\",\"parentSpaceCode\":\"ZJCMXY\",\"parentSpaceCodes\":\"/ZJCMXY/\",\"parentSpaceName\":\"浙江传媒学院\",\"parentSpaceNames\":\"/浙江传媒学院/\",\"sortNum\":1,\"spaceCode\":\"TXXQ1\",\"spaceName\":\"桐乡校区1\",\"spaceType\":\"2\"}', '{\"id\":\"3\",\"parentId\":\"1\",\"sortNum\":1,\"spaceCode\":\"TXXQ\",\"spaceName\":\"桐乡校区\",\"spaceType\":\"2\"}');
INSERT INTO `wr_log_oper_detail` VALUES ('1b766f1fbc2447b49a92e6a87851afd1', 'a616698d03224c049cd70dbb7f0c9431', '1d0a4600ff6d45bba725dc4b5c64710f', null, '{\"createBy\":\"lisi\",\"createId\":\"1\",\"createTime\":1615803141656,\"createWay\":\"0\",\"dateForWeeks\":1598889600000,\"id\":\"1d0a4600ff6d45bba725dc4b5c64710f\",\"isCancel\":\"0\",\"isRecord\":\"1\",\"planForm\":\"李四\",\"schCourseTableBaseId\":\"2\",\"weeks\":1}');
INSERT INTO `wr_log_oper_detail` VALUES ('1b7b5a7bdd0f4e108674d82ddc8e9953', 'c7882fdf72c2418a9b97b4dd454a1586', '84af259348e146fdaac8c160e318bd85', null, '{\"createBy\":\"lisi\",\"createId\":\"1\",\"createTime\":1614676122203,\"createWay\":\"1\",\"id\":\"84af259348e146fdaac8c160e318bd85\",\"parentId\":\"9\",\"parentIds\":\"/0/1/2/4/9/\",\"parentSpaceCode\":\"3F\",\"parentSpaceCodes\":\"/ZJCMXY/XSXQ/JXL1/3F/\",\"parentSpaceName\":\"3F\",\"parentSpaceNames\":\"/浙江传媒学院/下沙校区/第一教学楼/3F/\",\"remark\":\"教室节点\",\"sortNum\":1,\"spaceCode\":\"401\",\"spaceName\":\"401\",\"spaceType\":\"5\"}');
INSERT INTO `wr_log_oper_detail` VALUES ('1bb2026b29024516abec8ca000707aa9', 'a18869d94f424cba83fd8b9109cb9254', 'f2b2607f3dea41509bdef1e2ab1882ce', null, '{\"createBy\":\"lisi\",\"createId\":\"1\",\"id\":\"f2b2607f3dea41509bdef1e2ab1882ce\",\"personName\":\"爱丽丝\",\"personNum\":\"111111\"}');
INSERT INTO `wr_log_oper_detail` VALUES ('1c13a6e51757401ebbf364c007cd5232', '953056ae1d5a43e2a1f680a5047cce10', '3', '{\"createTime\":1596187440000,\"id\":\"3\",\"isDelete\":\"0\",\"isLocked\":\"0\",\"passWord\":\"1\",\"personNum\":\"XS20180113\",\"salt\":\"1\",\"sysUserId\":\"3\",\"userName\":\"XS20180112\"}', '{\"id\":\"3\",\"isLocked\":\"0\"}');
INSERT INTO `wr_log_oper_detail` VALUES ('1c4056a3eef0404a8bd8a6fba78d7a20', '0db9b732002f4738b61e4670058f58f3', '41', '{\"ascriptionType\":\"2\",\"createBy\":\"1\",\"createId\":\"1\",\"createTime\":1606379022000,\"iconStyle\":\"\",\"iconUrl\":\"\",\"id\":\"41\",\"isDelete\":\"0\",\"isLocked\":\"0\",\"name\":\"X\",\"parentId\":\"1\",\"parentIds\":\"/0/1/\",\"percode\":\"XX\",\"sortNum\":1,\"type\":\"1\",\"url\":\"/xxx/xxx\"}', null);
INSERT INTO `wr_log_oper_detail` VALUES ('1df22cf99770480493b01b2e26b7aba2', '8aea09b7774d49c1bea8c49a8dea0f9f', '223', '{\"createTime\":1606127746000,\"id\":\"223\",\"isDelete\":\"0\",\"isLocked\":\"0\",\"lastLoginTime\":1606127744000,\"passWord\":\"1\",\"personNum\":\"XS20180114\",\"salt\":\"1\",\"sysUserId\":\"222\",\"userEmail\":\"\",\"userMobile\":\"\",\"userName\":\"XS20180113\"}', null);
INSERT INTO `wr_log_oper_detail` VALUES ('1e2c8d818b91457997836ccbde952bab', '5d75e47fcde84307b5b7a5ee8de3cbb1', '19', '{\"createBy\":\"1\",\"createId\":\"1\",\"createTime\":1598410487000,\"id\":\"19\",\"sysPermissionId\":\"4\",\"sysRoleId\":\"6\"}', null);
INSERT INTO `wr_log_oper_detail` VALUES ('1ef91cfd8d6348edad15767642ed3b3d', 'cc48d8cdaf6c4cd3b428e80575f25ca6', 'd493d6433fe34597ae7e7a22c2f324b5', null, '{\"createBy\":\"lisi\",\"createId\":\"1\",\"id\":\"d493d6433fe34597ae7e7a22c2f324b5\",\"sysRoleId\":\"1\",\"sysUserId\":\"61fc360e2e064a1f81d4e012b93287d1\"}');
INSERT INTO `wr_log_oper_detail` VALUES ('1f049c2de8464bea9cf77b4ef5bd64db', 'a95fa58f3a494bd683f0ec6ea5969d9e', '46eb6ad7d95047f1a23d647efd769260', '{\"categoryCode\":\"XXX\",\"categoryName\":\"XXX类\",\"createBy\":\"lisi\",\"createId\":\"1\",\"createTime\":1606897183000,\"createWay\":\"0\",\"id\":\"46eb6ad7d95047f1a23d647efd769260\",\"isDelete\":\"0\"}', '{\"categoryCode\":\"X22222XX\",\"categoryName\":\"X22222XX类\",\"id\":\"46eb6ad7d95047f1a23d647efd769260\"}');
INSERT INTO `wr_log_oper_detail` VALUES ('2049914b91a94792b268f361506ed110', '5bec4d4c5fcb4b5e907906ef21c880b2', 'f2b2607f3dea41509bdef1e2ab1882ce', '{\"createBy\":\"lisi\",\"createId\":\"1\",\"createTime\":1596021144000,\"createWay\":\"0\",\"id\":\"f2b2607f3dea41509bdef1e2ab1882ce\",\"isDelete\":\"0\",\"isLocked\":\"0\",\"isRegistered\":\"1\",\"personName\":\"爱丽丝\",\"personNum\":\"111111\"}', '{\"deleteTime\":1596110596706,\"id\":\"f2b2607f3dea41509bdef1e2ab1882ce\",\"isDelete\":\"1\"}');
INSERT INTO `wr_log_oper_detail` VALUES ('218cf32d744a4aca86e3d3893c86666f', 'a4b8ea2b47414dc095b2badb728301d4', 'f36b67ddef7a417480fb1a5f16488002', '{\"ascriptionType\":\"0\",\"createBy\":\"0\",\"createId\":\"0\",\"createTime\":1604045721000,\"id\":\"f36b67ddef7a417480fb1a5f16488002\",\"isDelete\":\"0\",\"isLocked\":\"0\",\"name\":\"0\",\"parentId\":\"35\",\"parentIds\":\"0\",\"percode\":\"0\",\"sortNum\":0,\"type\":\"0\",\"url\":\"0\"}', '{\"deleteTime\":1604370787433,\"id\":\"f36b67ddef7a417480fb1a5f16488002\",\"isDelete\":\"1\"}');
INSERT INTO `wr_log_oper_detail` VALUES ('229781f65a9142019ece82c819c86fea', 'cdee9a877b8c4cfba68dab0799d59082', '15', '{\"createBy\":\"1\",\"createId\":\"1\",\"createTime\":1598348434000,\"id\":\"15\",\"sysPermissionId\":\"14\",\"sysRoleId\":\"1\"}', null);
INSERT INTO `wr_log_oper_detail` VALUES ('26be6af1dd9d42bfa671af42d88b877c', '5258a882c80b42c3b48a815edcb2061f', '0d266986bf8641f1a888a6e1fe9d1740', '{\"accessProtocol\":\"1\",\"accessPwd\":\"12345\",\"accessUser\":\"admin\",\"connectStatus\":\"0\",\"createBy\":\"lisi\",\"createId\":\"1\",\"createTime\":1605683070000,\"deviceLocation\":\"E\",\"deviceName\":\"摄像机1(前)\",\"deviceType\":\"1\",\"flvGetUrl\":\"/live/ZJCMXY_XSXQ_JXL1_1F_103_E.flv\",\"hlsGetUrl\":\"/live/ZJCMXY_XSXQ_JXL1_1F_103_E.m3u8\",\"id\":\"0d266986bf8641f1a888a6e1fe9d1740\",\"ipAddr\":\"192.168.1.66\",\"isActive\":\"1\",\"isDelete\":\"0\",\"isEnableControl\":\"1\",\"isSupportAbsoluteMove\":\"0\",\"isSupportContinuousMove\":\"0\",\"isSupportControl\":\"1\",\"onvifPwd\":\"12345\",\"onvifUser\":\"admin\",\"rtmpGetUrl\":\"/live/ZJCMXY_XSXQ_JXL1_1F_103_E\",\"rtspUrlMain\":\"rtsp://admin:12345@192.168.1.66:554/h264/ch1/main/av_stream\",\"rtspUrlSub\":\"rtsp://admin:12345@192.168.1.66:554/h264/ch1/sub/av_stream\",\"schSpaceId\":\"14\",\"serialNumber\":\"11111111111\"}', null);
INSERT INTO `wr_log_oper_detail` VALUES ('26fcd19a6425425baaeac82134552fc1', 'a184d49e26654e7c8a7ea10afc69ed20', '1e0b3fb502cb49ce8340d5d36fcd7d4e', null, '{\"id\":\"1e0b3fb502cb49ce8340d5d36fcd7d4e\",\"passWord\":\"ab5e16bca04bee295d31a1eb8e198ca8\",\"personNum\":\"100000001\",\"salt\":\"100000001\",\"sysUserId\":\"01dbacd5df904b28bb98e68fa303b854\",\"userName\":\"100000001\"}');
INSERT INTO `wr_log_oper_detail` VALUES ('2705c0cf29e948628bf896d636378df1', '75187e2796894cd1a09e97fc2526322f', '134ac030088240ba8b8ba286d9ce8959', null, '{\"age\":23,\"birthday\":1516636800000,\"createBy\":\"lisi\",\"createId\":\"1\",\"createTime\":1612507156895,\"createWay\":\"1\",\"headImgUrl\":\"/headImg/defaultHeadImg.jpg\",\"id\":\"134ac030088240ba8b8ba286d9ce8959\",\"isRegistered\":\"0\",\"nickname\":\"测试昵称2\",\"personName\":\"测试姓名2\",\"personNum\":\"100000002\",\"position\":\"测试职位2\",\"profile\":\"测试个人简介2\",\"sex\":\"2\"}');
INSERT INTO `wr_log_oper_detail` VALUES ('2861077d29dd481bb7bae2113952efe5', '2d71563975614e26bceb7d913f1604c2', 'fd6afe3d369f4777b09949122b083597', null, '{\"createBy\":\"lisi\",\"createId\":\"1\",\"createTime\":1615863330935,\"createWay\":\"0\",\"dateForWeeks\":1602000000000,\"id\":\"fd6afe3d369f4777b09949122b083597\",\"isCancel\":\"0\",\"isRecord\":\"0\",\"planForm\":\"李四\",\"schCourseTableBaseId\":\"3\",\"weeks\":6}');
INSERT INTO `wr_log_oper_detail` VALUES ('297e2043746845d9bcf634046a875928', '519d7dc6a7c34e12b7e85f204ab502f7', '8a4fd146027e4f7fa12cf73384587c92', null, '{\"createBy\":\"lisi\",\"createId\":\"1\",\"createTime\":1615805130315,\"createWay\":\"0\",\"dateForWeeks\":1598889600000,\"id\":\"8a4fd146027e4f7fa12cf73384587c92\",\"isCancel\":\"0\",\"isRecord\":\"1\",\"planForm\":\"李四\",\"schCourseTableBaseId\":\"2\",\"weeks\":1}');
INSERT INTO `wr_log_oper_detail` VALUES ('29cc8afb8b4d4445a0b2be1d82ac4f69', '3b3ee51dcb1c43e6901e078f9f779f07', 'f16da4393c964024ad8cdc29a61be2da', null, '{\"createBy\":\"lisi\",\"createId\":\"1\",\"id\":\"f16da4393c964024ad8cdc29a61be2da\",\"sysRoleId\":\"2\",\"sysUserId\":\"697c166d34c94be9a7c99ea5d68c70d8\"}');
INSERT INTO `wr_log_oper_detail` VALUES ('29dbb63a5bf4401a845852e59a71a1bd', '5bef8db181504911ae06cf9be12cb0f2', '3', '{\"createBy\":\"lisi\",\"createId\":\"1\",\"createTime\":1596705734000,\"createWay\":\"0\",\"deleteTime\":1596767221000,\"examAbnormal\":\"0\",\"examinationHallCode\":\"xs0001\",\"examinationHallId\":\"3\",\"examineeId\":\"3\",\"id\":\"3\",\"isDelete\":\"0\",\"originalFile\":\"fqff5few61gt6r.flv\",\"remark\":\"\",\"studentCode\":\"XS00001\",\"videoCoverImg\":\"697/img/thumbnail.png\",\"videoDuration\":\"00:38:20\",\"videoName\":\"2020-08-03_xs0001_高等数学1_XS00001\",\"videoPath\":\"/697/chunk/index.m3u8\",\"videoSize\":68,\"videoStatus\":\"4\"}', '{\"abnormalMillis\":\"894757732\",\"abnormalTime\":1597492020732,\"examAbnormal\":\"1\",\"id\":\"3\"}');
INSERT INTO `wr_log_oper_detail` VALUES ('2a1948e1325543a48eb8b8760cf73957', '04201668ddef4be5b1e2c9f9870e4255', '9b3099b945c14499a9cc2020e7f03464', null, '{\"connectStatus\":\"0\",\"createBy\":\"lisi\",\"createId\":\"1\",\"createTime\":1615280087014,\"createWay\":\"1\",\"deviceLocation\":\"OT\",\"deviceName\":\"设备合成流\",\"deviceType\":\"overlay\",\"flvGetUrl\":\"/live/ZJCMXY_TXXQ_JXLA_3F_302_OVERLAY.flv\",\"hlsGetUrl\":\"/live/ZJCMXY_TXXQ_JXLA_3F_302_OVERLAY.m3u8\",\"id\":\"9b3099b945c14499a9cc2020e7f03464\",\"isActive\":\"0\",\"isEnableControl\":\"0\",\"isSupportAbsoluteMove\":\"0\",\"isSupportContinuousMove\":\"0\",\"isSupportControl\":\"0\",\"rtmpGetUrl\":\"/live/ZJCMXY_TXXQ_JXLA_3F_302_OVERLAY\",\"schSpaceId\":\"b844c5afda40452ab1cba6ee7b12ecb6\"}');
INSERT INTO `wr_log_oper_detail` VALUES ('2a34259aa23b459ab1814db008a4a6fc', 'b4432366d9ed4a8f968d3619bad905cb', 'a38cb608582e49e6b3b8feae27132fb9', null, '{\"createBy\":\"lisi\",\"createId\":\"1\",\"createTime\":1612500804699,\"createWay\":\"1\",\"headImgUrl\":\"/headImg/defaultHeadImg.jpg\",\"id\":\"a38cb608582e49e6b3b8feae27132fb9\",\"isRegistered\":\"0\",\"personName\":\"赵六\",\"personNum\":\"100000003\"}');
INSERT INTO `wr_log_oper_detail` VALUES ('2a77b93c639a4cd88668c1971284a72b', '9b91dc6f7ec544c3bc22cdbba0af9ca0', '66', '{\"createBy\":\"1\",\"createId\":\"0\",\"createTime\":1606101108000,\"id\":\"66\",\"isDelete\":\"0\",\"isLocked\":\"0\",\"roleCode\":\"CESHI03\",\"roleDesc\":\"我是角色描述，角色编号不允许带汉字\",\"roleName\":\"测试角色\",\"roleType\":\"2\"}', null);
INSERT INTO `wr_log_oper_detail` VALUES ('2b05f72df52a454288d4aadac48090c0', '9a2c2b98b36b4cbe84730bce8ab487d1', '2ed74ce6729a43dfa2b442f099e85a3e', null, '{\"createBy\":\"lisi\",\"createId\":\"1\",\"id\":\"2ed74ce6729a43dfa2b442f099e85a3e\",\"parentId\":\"21\",\"parentIds\":\"0/1/3/16/21\",\"parentSpaceCode\":\"3F\",\"parentSpaceCodes\":\"/ZJCMXY/TXXQ/JXLA/3F\",\"parentSpaceName\":\"3F\",\"parentSpaceNames\":\"/浙江传媒学院/桐乡校区/教学楼A区/3F\",\"sortNum\":4,\"spaceCode\":\"A302\",\"spaceName\":\"A302\",\"spaceType\":\"5\"}');
INSERT INTO `wr_log_oper_detail` VALUES ('2b1c4eed0d8f4bb387f0d0a95d2dfed2', 'cdee9a877b8c4cfba68dab0799d59082', '2', '{\"createBy\":\"1\",\"createId\":\"0\",\"createTime\":1591179399000,\"id\":\"2\",\"sysPermissionId\":\"11\",\"sysRoleId\":\"1\"}', null);
INSERT INTO `wr_log_oper_detail` VALUES ('2b98480b2911441f85218fea67562977', 'a616698d03224c049cd70dbb7f0c9431', '84600c1dc53845ff813b5e70244c37f7', null, '{\"createBy\":\"lisi\",\"createId\":\"1\",\"createTime\":1615803141656,\"createWay\":\"0\",\"dateForWeeks\":1601308800000,\"id\":\"84600c1dc53845ff813b5e70244c37f7\",\"isCancel\":\"0\",\"isRecord\":\"1\",\"planForm\":\"李四\",\"schCourseTableBaseId\":\"2\",\"weeks\":5}');
INSERT INTO `wr_log_oper_detail` VALUES ('2ba8336e43d246e3817aff33df9279bd', 'f3af19a206824a1eb90b88932a7e1a7e', '578787222b09435f94173f984a2374fe', null, '{\"accessProtocol\":\"1\",\"accessPwd\":\"12345\",\"accessUser\":\"admin\",\"connectStatus\":\"0\",\"createBy\":\"lisi\",\"createId\":\"1\",\"createTime\":1615256190341,\"createWay\":\"1\",\"deviceLocation\":\"W\",\"deviceName\":\"摄像头后\",\"deviceType\":\"1\",\"flvGetUrl\":\"/live/ZJCMXY_XSXQ_JXL1_1F_102_W.flv\",\"hlsGetUrl\":\"/live/ZJCMXY_XSXQ_JXL1_1F_102_W.m3u8\",\"id\":\"578787222b09435f94173f984a2374fe\",\"ipAddr\":\"192.168.1.131\",\"isActive\":\"1\",\"isEnableControl\":\"1\",\"isSupportAbsoluteMove\":\"1\",\"isSupportContinuousMove\":\"1\",\"isSupportControl\":\"1\",\"onvifPwd\":\"12345\",\"onvifUser\":\"admin\",\"remark\":\"摄像机设备\",\"rtmpGetUrl\":\"/live/ZJCMXY_XSXQ_JXL1_1F_102_W\",\"rtspUrlMain\":\"rtsp://admin:12345@192.168.1.131:554/h264/ch1/main/av_stream\",\"rtspUrlSub\":\"rtsp://admin:12345@192.168.1.131:554/h264/ch1/sub/av_stream\",\"schSpaceId\":\"11\",\"serialNumber\":\"\"}');
INSERT INTO `wr_log_oper_detail` VALUES ('2c1b532e2d5440619d6d5a6403f445f2', 'aaf6f61fb0024d3dadad2ea310042589', '1', '{\"createTime\":1594606436000,\"id\":\"1\",\"isDelete\":\"0\",\"isLocked\":\"0\",\"passWord\":\"0c1b64535abaa1e871009019c6bcde0e\",\"personNum\":\"XS20180112\",\"salt\":\"lisi\",\"sysUserId\":\"1\",\"userEmail\":\"workmail2018@126.com\",\"userName\":\"lisi\"}', '{\"id\":\"1\",\"passWord\":\"0c1b64535abaa1e871009019c6bcde0e\"}');
INSERT INTO `wr_log_oper_detail` VALUES ('2ca1d0cb4b774924b9715d65e6a244a5', '4b3cde9a2c38440695cb49d971aab20d', '6', '{\"createBy\":\"1\",\"createId\":\"1\",\"createTime\":1598236881000,\"id\":\"6\",\"isDelete\":\"0\",\"isLocked\":\"0\",\"roleCode\":\"1\",\"roleDesc\":\"1\",\"roleName\":\"1\",\"roleType\":\"1\"}', '{\"deleteTime\":1598237023507,\"id\":\"6\",\"isDelete\":\"1\"}');
INSERT INTO `wr_log_oper_detail` VALUES ('2cbe8c035eac4c71a45abc39c751392c', '7db40c5b64cc478a802f7da9ebbe1220', '05bd50854da04551b7221ab16fd3ef48', '{\"accessPwd\":\"0\",\"accessUser\":\"0\",\"connectStatus\":\"0\",\"createBy\":\"lisi\",\"createId\":\"1\",\"createTime\":1605078630000,\"deviceName\":\"0\",\"deviceType\":\"0\",\"flvGetUrl\":\"0\",\"hlsGetUrl\":\"0\",\"id\":\"05bd50854da04551b7221ab16fd3ef48\",\"ipAddr\":\"0\",\"isActive\":\"0\",\"isDelete\":\"0\",\"isEnableControl\":\"0\",\"isSupportControl\":\"0\",\"rtmpGetUrl\":\"0\",\"schoolSpaceId\":\"0\",\"serialNumber\":\"0\"}', '{\"deleteBy\":\"lisi\",\"deleteId\":\"1\",\"deleteTime\":1605080347097,\"id\":\"05bd50854da04551b7221ab16fd3ef48\",\"isDelete\":\"1\"}');
INSERT INTO `wr_log_oper_detail` VALUES ('2d7c6f567edf4c1e934c9efcaabd6a8d', 'b18db3eaaa0e4360a20db4263e12b681', '39aaa2f73fdc4add9ce3d1addeaab44a', '{\"createBy\":\"lisi\",\"createId\":\"1\",\"createTime\":1604643930000,\"deleteBy\":\"\",\"deleteId\":\"\",\"deleteTime\":1604645380000,\"id\":\"39aaa2f73fdc4add9ce3d1addeaab44a\",\"isDelete\":\"0\",\"parentId\":\"0\",\"parentIds\":\"0/1/2/4/7\",\"sortNum\":0,\"spaceAlias\":\"0\",\"spaceCode\":\"0\",\"spaceName\":\"0\",\"spaceType\":\"0\"}', '{\"deleteBy\":\"lisi\",\"deleteId\":\"1\",\"deleteTime\":1605085832833,\"id\":\"39aaa2f73fdc4add9ce3d1addeaab44a\",\"isDelete\":\"1\"}');
INSERT INTO `wr_log_oper_detail` VALUES ('2dcf2c673b94490abbaebdb8bde3b5f1', '49bd9f713f5f4685bcaf4f9142f1b58c', '22', '{\"createBy\":\"lisi\",\"createId\":\"1\",\"createTime\":1606102545000,\"id\":\"22\",\"sysRoleId\":\"44\",\"sysUserId\":\"33\"}', null);
INSERT INTO `wr_log_oper_detail` VALUES ('2e5d6c607dc3464fa01132ad15680a78', '5291cee7f8974794bf2a53ca8bca1a1d', '23', '{\"createBy\":\"1\",\"createId\":\"1\",\"createTime\":1606114212000,\"id\":\"23\",\"sysRoleId\":\"6\",\"sysUserId\":\"23\"}', null);
INSERT INTO `wr_log_oper_detail` VALUES ('2e6ccf23b93b45ddafcb07ba657dc940', '9b113ca0b00c4c8490569dbf12b24476', '92b38b1fdf1e42ee85bf8c56e3f0b58b', null, '{\"ascriptionType\":\"1\",\"createBy\":\"lisi\",\"createId\":\"1\",\"depCode\":\"kj1111\",\"depDesc\":\"会计1111\",\"depName\":\"会计1111\",\"depType\":\"1_3\",\"id\":\"92b38b1fdf1e42ee85bf8c56e3f0b58b\",\"parentId\":\"13\",\"parentIds\":\"/0/1/12/13/\",\"sortNum\":1}');
INSERT INTO `wr_log_oper_detail` VALUES ('2f2766d68eed4b46bd1139a66abe061c', 'bed23fa4904b4346a29b6428c4dde813', '3cb41614cb8f4481ae46d241a69d28f2', '{\"accessProtocol\":\"1\",\"accessPwd\":\"12345\",\"accessUser\":\"admin\",\"connectStatus\":\"0\",\"createBy\":\"lisi\",\"createId\":\"1\",\"createTime\":1605693159000,\"deviceLocation\":\"S\",\"deviceName\":\"摄像机1(前)\",\"deviceType\":\"1\",\"flvGetUrl\":\"/live/ZJCMXY_XSXQ_JXL1_1F_101_S.flv\",\"hlsGetUrl\":\"/live/ZJCMXY_XSXQ_JXL1_1F_101_S.m3u8\",\"id\":\"3cb41614cb8f4481ae46d241a69d28f2\",\"ipAddr\":\"192.168.1.67\",\"isActive\":\"1\",\"isDelete\":\"0\",\"isEnableControl\":\"1\",\"isSupportControl\":\"1\",\"onvifPwd\":\"12345\",\"onvifUser\":\"admin\",\"rtmpGetUrl\":\"/live/ZJCMXY_XSXQ_JXL1_1F_101_S\",\"rtspUrlMain\":\"rtsp://admin:12345@192.168.1.67:554/h264/ch1/main/av_stream\",\"rtspUrlSub\":\"rtsp://admin:12345@192.168.1.67:554/h264/ch1/sub/av_stream\",\"schoolSpaceId\":\"10\",\"serialNumber\":\"11111111111\"}', '{\"deleteBy\":\"lisi\",\"deleteId\":\"1\",\"deleteTime\":1605695239441,\"id\":\"3cb41614cb8f4481ae46d241a69d28f2\",\"isDelete\":\"1\"}');
INSERT INTO `wr_log_oper_detail` VALUES ('2f69909d6186466fb16b8305fdbb4b21', '20a07b78315c4220bd86a2dffd4749e5', '11', '{\"ascriptionType\":\"1\",\"createBy\":\"1\",\"createId\":\"0\",\"createTime\":1573108029000,\"id\":\"11\",\"isDelete\":\"0\",\"isLocked\":\"0\",\"name\":\"商品管理\",\"parentId\":\"2\",\"parentIds\":\"/0/1/2/\",\"sortNum\":1,\"type\":\"2\",\"url\":\"/item/queryItem.action\"}', null);
INSERT INTO `wr_log_oper_detail` VALUES ('30156a03a4754d0bb3b4a8101b108d28', 'cdee9a877b8c4cfba68dab0799d59082', '3', '{\"createBy\":\"1\",\"createId\":\"0\",\"createTime\":1591179399000,\"id\":\"3\",\"sysPermissionId\":\"21\",\"sysRoleId\":\"2\"}', null);
INSERT INTO `wr_log_oper_detail` VALUES ('301e78e8367343959809acf427b1666e', '6332b939d65d48b48e8ea42934e189b6', 'f36b67ddef7a417480fb1a5f16488002', '{\"ascriptionType\":\"1\",\"createBy\":\"lisi\",\"createId\":\"1\",\"createTime\":1604045147000,\"iconStyle\":\"iconStyle\",\"iconUrl\":\"iconUrl\",\"id\":\"f36b67ddef7a417480fb1a5f16488002\",\"isDelete\":\"0\",\"isLocked\":\"0\",\"name\":\"测试菜单\",\"parentId\":\"29\",\"parentIds\":\"0/1/29\",\"percode\":\"ceshi:query\",\"sortNum\":3,\"type\":\"2\",\"url\":\"/ceshi/ceshi.action\"}', '{\"ascriptionType\":\"1\",\"iconStyle\":\"0\",\"iconUrl\":\"0\",\"id\":\"f36b67ddef7a417480fb1a5f16488002\",\"isLocked\":\"0\",\"name\":\"测试更改菜单\",\"parentId\":\"29\",\"percode\":\"0\",\"sortNum\":3,\"type\":\"0\",\"url\":\"0\"}');
INSERT INTO `wr_log_oper_detail` VALUES ('302dc6cfb7914a99ab3daf6ccc37d63b', '013aa05c27a6480bacb96b21f39c7cea', '900834a054314e719ccad6385ce957b4', null, '{\"createBy\":\"lisi\",\"createId\":\"1\",\"createTime\":1615805274720,\"createWay\":\"0\",\"dateForWeeks\":1609776000000,\"id\":\"900834a054314e719ccad6385ce957b4\",\"isCancel\":\"0\",\"isRecord\":\"0\",\"planForm\":\"李四\",\"schCourseTableBaseId\":\"2\",\"weeks\":19}');
INSERT INTO `wr_log_oper_detail` VALUES ('30ca85aba3994c2e9e2a0f5b95513567', '7e1e7c0d22414ee4a8cdadf9899ffdd5', 'ad84c30d089744d9b1630e10d23e3fc7', '{\"age\":16,\"createBy\":\"记得填充\",\"createId\":\"记得填充\",\"createTime\":1592203075000,\"createWay\":\"0\",\"email\":\"wangwu@xo.com\",\"headImgUrl\":\"group1/M00/00/00/wKisFFpBG9eAHaQvAAAWKd1hQR4158_big.jpg\",\"id\":\"ad84c30d089744d9b1630e10d23e3fc7\",\"isDelete\":\"0\",\"isLocked\":\"0\",\"passWord\":\"jfsljfjejgfjwgdkjsbfsjekfes\",\"personName\":\"王五\",\"personNum\":\"XS20180180\",\"profile\":\"你好，我是王五\",\"sex\":\"1\",\"telephone\":\"15920145652\",\"userName\":\"wangwu\"}', '{\"createBy\":\"admin\",\"createId\":\"0\",\"id\":\"ad84c30d089744d9b1630e10d23e3fc7\",\"passWord\":\"123\"}');
INSERT INTO `wr_log_oper_detail` VALUES ('32624bf8bea64d9ab09413aaa70ef888', '3b3ee51dcb1c43e6901e078f9f779f07', 'e82ea5c2d3d8483abde5540d706184cc', null, '{\"createBy\":\"lisi\",\"createId\":\"1\",\"id\":\"e82ea5c2d3d8483abde5540d706184cc\",\"sysRoleId\":\"2\",\"sysUserId\":\"134ac030088240ba8b8ba286d9ce8959\"}');
INSERT INTO `wr_log_oper_detail` VALUES ('326a3772090143ce895a598c99200529', 'e452d96ddb5641b6887235e0ce1d9140', '31c02df6d9004bb8939e4404698567c2', null, '{\"createBy\":\"lisi\",\"createId\":\"1\",\"examinationHallCode\":\"xs0002\",\"examinationHallId\":\"2\",\"id\":\"31c02df6d9004bb8939e4404698567c2\",\"liveAddress\":\"http://192.168.1.136:8080/live/xs0002/XS00002\",\"studentCode\":\"XS00002\",\"studentName\":\"李四2\"}');
INSERT INTO `wr_log_oper_detail` VALUES ('335ee7e28ee44ed589fc13b143055baa', 'c2ad9e2650c2498388af1f2cb9624d31', 'caedc68d63164b7dacfcb112828d31bd', null, '{\"createBy\":\"lisi\",\"createId\":\"1\",\"deviceLocation\":\"OT\",\"deviceName\":\"设备合成流\",\"deviceType\":\"overlay\",\"flvGetUrl\":\"/live/ZJCMXY_XSXQ_JXL1_3F_304_OVERLAY.flv\",\"hlsGetUrl\":\"/live/ZJCMXY_XSXQ_JXL1_3F_304_OVERLAY.m3u8\",\"id\":\"caedc68d63164b7dacfcb112828d31bd\",\"ipAddr\":\"127.0.0.1\",\"rtmpGetUrl\":\"/live/ZJCMXY_XSXQ_JXL1_3F_304_OVERLAY\",\"schSpaceId\":\"1091660c84f048f789533eb3a496f4f0\"}');
INSERT INTO `wr_log_oper_detail` VALUES ('3411bec976e4443baeb83075e6e6a95b', '013aa05c27a6480bacb96b21f39c7cea', '5f115f8c738740d1bad4dcc6ee6e0f66', null, '{\"createBy\":\"lisi\",\"createId\":\"1\",\"createTime\":1615805273674,\"createWay\":\"0\",\"dateForWeeks\":1609171200000,\"id\":\"5f115f8c738740d1bad4dcc6ee6e0f66\",\"isCancel\":\"0\",\"isRecord\":\"1\",\"planForm\":\"李四\",\"schCourseTableBaseId\":\"2\",\"weeks\":18}');
INSERT INTO `wr_log_oper_detail` VALUES ('34133d13e1df4a00b22b753927fe76ca', 'fcdf3160e003489290fa1aa97c011906', '23', '{\"createBy\":\"lisi\",\"createId\":\"1\",\"createTime\":1606115152000,\"id\":\"23\",\"sysPermissionId\":\"2222\",\"sysRoleId\":\"22\"}', null);
INSERT INTO `wr_log_oper_detail` VALUES ('34abc9013ec846a092e80722d3679bb5', '43ec7ad3888a4d38867263dda4d80e35', '4273f8f3314d4668b56e0b1ba6ca8c73', '{\"createBy\":\"lisi\",\"createId\":\"1\",\"createTime\":1606036208000,\"createWay\":\"0\",\"examAbnormal\":\"0\",\"examinationHallCode\":\"xs0003\",\"examinationHallId\":\"3\",\"exitTime\":1606036176000,\"id\":\"4273f8f3314d4668b56e0b1ba6ca8c73\",\"isDelete\":\"0\",\"liveAddressPull\":\"/live/xs0002_XS00002.flv\",\"liveAddressPush\":\"/live/xs0002_XS00002\",\"loginTime\":1606036168000,\"studentCode\":\"111111\",\"studentName\":\"爱丽丝\",\"studentStatus\":\"0\"}', null);
INSERT INTO `wr_log_oper_detail` VALUES ('34cb26f4bfe743729b88c00d257d2103', 'c9a1250e1a0f492a8c5f9c4d7d7b6d40', '403acee6098e41b8ba1237feadac1907', null, '{\"createBy\":\"lisi\",\"createId\":\"1\",\"id\":\"403acee6098e41b8ba1237feadac1907\",\"parentId\":\"6635bcab1cc94652a90dcc68be315513\",\"parentIds\":\"/0/b9126edbc8df4361ad7ae6644f7da8b8/485d7943066f41a28261a2a4274da1af/6635bcab1cc94652a90dcc68be315513/\",\"parentSpaceCode\":\"AQ\",\"parentSpaceCodes\":\"/HBZFZYXY/BBXQ/AQ/\",\"parentSpaceName\":\"A区\",\"parentSpaceNames\":\"/河北政法职业学院/本部校区/A区/\",\"sortNum\":1,\"spaceCode\":\"A_102\",\"spaceName\":\"A_102\",\"spaceType\":\"4\"}');
INSERT INTO `wr_log_oper_detail` VALUES ('35eac392ec3d4686a5c3ab00e9e8e4f8', '8df94a2714f6446b97ad60a5852ca2c3', '9ef6d53433044f5fb7e3a0e573e9e586', '{\"accessProtocol\":\"\",\"accessPwd\":\"\",\"accessUser\":\"\",\"connectStatus\":\"0\",\"createBy\":\"lisi\",\"createId\":\"1\",\"createTime\":1605954496000,\"deviceLocation\":\"讲台\",\"deviceName\":\"讲台计算机4\",\"deviceType\":\"2\",\"flvGetUrl\":\"/live/ZJCMXY_XSXQ_JXL1_1F_104_VGA.flv\",\"hlsGetUrl\":\"/live/ZJCMXY_XSXQ_JXL1_1F_104_VGA.m3u8\",\"id\":\"9ef6d53433044f5fb7e3a0e573e9e586\",\"ipAddr\":\"192.168.1.71\",\"isActive\":\"1\",\"isDelete\":\"0\",\"isEnableControl\":\"0\",\"isSupportControl\":\"0\",\"onvifPwd\":\"\",\"onvifUser\":\"\",\"rtmpGetUrl\":\"/live/ZJCMXY_XSXQ_JXL1_1F_104_VGA\",\"rtspUrlMain\":\"2\",\"rtspUrlSub\":\"2\",\"schoolSpaceId\":\"403acee6098e41b8ba1237feadac1905\",\"serialNumber\":\"4444444444\"}', null);
INSERT INTO `wr_log_oper_detail` VALUES ('36203114955c4671b17acf10e4164ad6', 'ab685bcea4974a21b50edc4aec90c7ee', '7', '{\"createBy\":\"李四\",\"createId\":\"1\",\"createTime\":1604563405000,\"id\":\"7\",\"isDelete\":\"0\",\"parentId\":\"4\",\"parentIds\":\"/0/1/2/4/\",\"parentSpaceCode\":\"JXL1\",\"parentSpaceCodes\":\"/ZJCMXY/XSXQ/JXL1/\",\"parentSpaceName\":\"第一教学楼\",\"parentSpaceNames\":\"/浙江传媒学院/下沙校区/第一教学楼/\",\"sortNum\":1,\"spaceCode\":\"1F\",\"spaceName\":\"1F\",\"spaceType\":\"4\"}', '{\"id\":\"7\",\"parentId\":\"4\",\"sortNum\":1,\"spaceCode\":\"4F\",\"spaceName\":\"4F\",\"spaceType\":\"4\"}');
INSERT INTO `wr_log_oper_detail` VALUES ('362c7595617a4077a7e780ea6dde19c5', '2423246bc39543789162b01dc86ab11f', 'd5936b4535064af787d33ea67ff34e19', null, '{\"accessProtocol\":\"1\",\"accessPwd\":\"12345\",\"accessUser\":\"admin\",\"createBy\":\"lisi\",\"createId\":\"1\",\"createTime\":1615189681229,\"createWay\":\"1\",\"deviceLocation\":\"N\",\"deviceName\":\"摄像头前\",\"deviceType\":\"1\",\"flvGetUrl\":\"/live/ZJCMXY_XSXQ_JXL1_1F_102_N.flv\",\"hlsGetUrl\":\"/live/ZJCMXY_XSXQ_JXL1_1F_102_N.m3u8\",\"id\":\"d5936b4535064af787d33ea67ff34e19\",\"ipAddr\":\"192.168.1.130\",\"isActive\":\"1\",\"isSupportControl\":\"0\",\"remark\":\"摄像机设备\",\"rtmpGetUrl\":\"/live/ZJCMXY_XSXQ_JXL1_1F_102_N\",\"rtspUrlMain\":\"rtsp://admin:12345@192.168.1.130:554/h264/ch1/main/av_stream\",\"rtspUrlSub\":\"rtsp://admin:12345@192.168.1.130:554/h264/ch1/sub/av_stream\",\"schSpaceId\":\"11\",\"serialNumber\":\"CS-58445-KFOWNC-547846\"}');
INSERT INTO `wr_log_oper_detail` VALUES ('37c60194d46c42bd83a9554bc33c9da7', '328332adc3e64410a51d00180bf5073a', '98a4e724f1e847ea9957d14187e5ecc0', null, '{\"createBy\":\"lisi\",\"createId\":\"1\",\"id\":\"98a4e724f1e847ea9957d14187e5ecc0\",\"sysRoleId\":\"66\",\"sysUserId\":\"22\"}');
INSERT INTO `wr_log_oper_detail` VALUES ('38331a508325439897051f298b3df865', '088d15a925774b2d8c35f10ec477f0a2', 'b8d11c6da0d94f3daafaa9878d6cf7ce', null, '{\"accessProtocol\":\"1\",\"accessPwd\":\"12345\",\"accessUser\":\"admin\",\"connectStatus\":\"0\",\"createBy\":\"lisi\",\"createId\":\"1\",\"createTime\":1615256686084,\"createWay\":\"1\",\"deviceLocation\":\"W\",\"deviceName\":\"摄像头后\",\"deviceType\":\"1\",\"flvGetUrl\":\"/live/ZJCMXY_XSXQ_JXL1_1F_102_W.flv\",\"hlsGetUrl\":\"/live/ZJCMXY_XSXQ_JXL1_1F_102_W.m3u8\",\"id\":\"b8d11c6da0d94f3daafaa9878d6cf7ce\",\"ipAddr\":\"192.168.1.131\",\"isActive\":\"1\",\"isEnableControl\":\"1\",\"isSupportAbsoluteMove\":\"1\",\"isSupportContinuousMove\":\"1\",\"isSupportControl\":\"1\",\"onvifPwd\":\"12345\",\"onvifUser\":\"admin\",\"remark\":\"摄像机设备\",\"rtmpGetUrl\":\"/live/ZJCMXY_XSXQ_JXL1_1F_102_W\",\"rtspUrlMain\":\"rtsp://admin:12345@192.168.1.131:554/h264/ch1/main/av_stream\",\"rtspUrlSub\":\"rtsp://admin:12345@192.168.1.131:554/h264/ch1/sub/av_stream\",\"schSpaceId\":\"11\",\"serialNumber\":\"\"}');
INSERT INTO `wr_log_oper_detail` VALUES ('387cb8e15409498881225a65ddb895bd', 'cdee9a877b8c4cfba68dab0799d59082', '1', '{\"createBy\":\"1\",\"createId\":\"0\",\"createTime\":1591179399000,\"id\":\"1\",\"sysPermissionId\":\"12\",\"sysRoleId\":\"1\"}', null);
INSERT INTO `wr_log_oper_detail` VALUES ('39697fa1d507404382b4099a6ac13410', 'c0d6bc7fe4894dfebdef02b8861194f8', 'dba24924389445429be9669b2d2ba4a7', '{\"createBy\":\"lisi\",\"createId\":\"1\",\"createTime\":1606107701000,\"id\":\"dba24924389445429be9669b2d2ba4a7\",\"sysRoleId\":\"22\",\"sysUserId\":\"33\"}', null);
INSERT INTO `wr_log_oper_detail` VALUES ('3a3e05cecc724bc8ba8c5823d604134d', '519d7dc6a7c34e12b7e85f204ab502f7', '86d7817be8694222a4e8c126b86c8ebc', null, '{\"createBy\":\"lisi\",\"createId\":\"1\",\"createTime\":1615805131961,\"createWay\":\"0\",\"dateForWeeks\":1601395200000,\"id\":\"86d7817be8694222a4e8c126b86c8ebc\",\"isCancel\":\"0\",\"isRecord\":\"0\",\"planForm\":\"李四\",\"schCourseTableBaseId\":\"3\",\"weeks\":5}');
INSERT INTO `wr_log_oper_detail` VALUES ('3a94e56e748644058d30b910eb3dcae1', '2d3baceada574c3b9629c535bab9e011', 'batchInsert', null, '[{\"id\":\"877cde6840054e2fa41a7c62ef9892d3\",\"passWord\":\"b75190ba58c5d5d4187725863faa1465\",\"personNum\":\"XS201\",\"salt\":\"XS201\",\"sysUserId\":\"3\",\"userName\":\"XS201\"},{\"id\":\"935c2e99ab8c40589bfb47d49ecfea74\",\"passWord\":\"973583344d33f4e8f8d6cccbffef1fe7\",\"personNum\":\"XS20180180\",\"salt\":\"XS20180180\",\"sysUserId\":\"ad84c30d089744d9b1630e10d23e3fc7\",\"userName\":\"XS20180180\"}]');
INSERT INTO `wr_log_oper_detail` VALUES ('3b65905d91e141eab23f4ca480b4d151', 'bca6bde2fc624b8bb9783fd6a2ee3140', '3', '{\"createBy\":\"1\",\"createId\":\"0\",\"createTime\":1591179399000,\"id\":\"3\",\"sysPermissionId\":\"21\",\"sysRoleId\":\"2\"}', null);
INSERT INTO `wr_log_oper_detail` VALUES ('3cd37ffeda8340bbb7dc1ba74aeff88f', '34cbfe7b17104e1fa3b4ab8d83d9db06', 'ebf4a929441543ee9cbc57ad4effdacd', null, '{\"id\":\"ebf4a929441543ee9cbc57ad4effdacd\",\"passWord\":\"c2f60e53d2f4c95c193670bc53b1ad34\",\"personNum\":\"111111\",\"salt\":\"111111\",\"sysUserId\":\"f2b2607f3dea41509bdef1e2ab1882ce\",\"userName\":\"111111\"}');
INSERT INTO `wr_log_oper_detail` VALUES ('3cf9d62a8180417986e07721d5761a46', 'f4a225388c0a4b90a1ca89f8a90d5198', '7a3abc6a61e64bac9cf83f952e536256', '{\"albumImgUrl\":\"albumImg/defaultAlbumImg.png\",\"classId\":\"161\",\"createBy\":\"lisi\",\"createId\":\"1\",\"createTime\":1606038527000,\"createWay\":\"0\",\"djsTime\":0,\"endTime\":1596338970000,\"examStatus\":\"0\",\"examSubjectsName\":\"熠彤.白\",\"examineeCount\":661,\"hallCode\":\"87709\",\"id\":\"7a3abc6a61e64bac9cf83f952e536256\",\"invigilatorsLoginTime\":319,\"isDelete\":\"0\",\"showAlbum\":\"1\",\"startTime\":1596252570000,\"studentLoginTime\":278}', null);
INSERT INTO `wr_log_oper_detail` VALUES ('3d9eb2623fcd4fcd8d003819b5f7f13c', '20a07b78315c4220bd86a2dffd4749e5', '22', '{\"ascriptionType\":\"1\",\"createBy\":\"1\",\"createId\":\"0\",\"createTime\":1573108029000,\"id\":\"22\",\"isDelete\":\"0\",\"isLocked\":\"0\",\"name\":\"用户新增\",\"parentId\":\"21\",\"parentIds\":\"/0/1/2/21/\",\"percode\":\"user:create\",\"sortNum\":1,\"type\":\"button\",\"url\":\"/user/add.action\"}', null);
INSERT INTO `wr_log_oper_detail` VALUES ('3e063bd8959e45758cfcc9f6ac85d1f4', 'b153052a7daf4ee48abe22fc884de02e', '92ff822528bd40a58b5e5a66b486e108', null, '{\"id\":\"92ff822528bd40a58b5e5a66b486e108\",\"passWord\":\"b75190ba58c5d5d4187725863faa1465\",\"personNum\":\"XS201\",\"salt\":\"XS201\",\"sysUserId\":\"3\",\"userName\":\"XS201\"}');
INSERT INTO `wr_log_oper_detail` VALUES ('3eec4be12e8c45a2afff5a2ae3c913ef', '20a07b78315c4220bd86a2dffd4749e5', '24', '{\"ascriptionType\":\"1\",\"createBy\":\"1\",\"createId\":\"0\",\"createTime\":1573108029000,\"id\":\"24\",\"isDelete\":\"0\",\"isLocked\":\"0\",\"name\":\"用户删除\",\"parentId\":\"21\",\"parentIds\":\"/0/1/2/21/\",\"percode\":\"user:delete\",\"sortNum\":3,\"type\":\"button\",\"url\":\"/user/delete.action\"}', null);
INSERT INTO `wr_log_oper_detail` VALUES ('3f56411026e5471ea61ed31b645be3fa', '67bb8f65d1574857bae34d07cf70e444', '6ecc7a7a589d46059592c3e3f8243a76', null, '{\"createBy\":\"lisi\",\"createId\":\"1\",\"id\":\"6ecc7a7a589d46059592c3e3f8243a76\",\"sysPermissionId\":\"44\",\"sysRoleId\":\"22\"}');
INSERT INTO `wr_log_oper_detail` VALUES ('42ad04873b984e3da97150c5f3b13a29', 'a184d49e26654e7c8a7ea10afc69ed20', '978f465e7f854f5c8696578792d89c09', null, '{\"id\":\"978f465e7f854f5c8696578792d89c09\",\"passWord\":\"7aa3535d6e7b0ff53375856bc7645cdb\",\"personNum\":\"100000002\",\"salt\":\"100000002\",\"sysUserId\":\"134ac030088240ba8b8ba286d9ce8959\",\"userName\":\"100000002\"}');
INSERT INTO `wr_log_oper_detail` VALUES ('43fca3357cf54db095d46a76bfa2e555', '75187e2796894cd1a09e97fc2526322f', '01dbacd5df904b28bb98e68fa303b854', null, '{\"age\":12,\"birthday\":1549382400000,\"createBy\":\"lisi\",\"createId\":\"1\",\"createTime\":1612507154859,\"createWay\":\"1\",\"headImgUrl\":\"/headImg/defaultHeadImg.jpg\",\"id\":\"01dbacd5df904b28bb98e68fa303b854\",\"isRegistered\":\"0\",\"nickname\":\"测试昵称1\",\"personName\":\"测试姓名1\",\"personNum\":\"100000001\",\"position\":\"测试职位1\",\"profile\":\"测试个人简介1\",\"sex\":\"1\"}');
INSERT INTO `wr_log_oper_detail` VALUES ('44896dcf5f354eebab91067e1a446b43', '588bfecf3fd0447e8e7e0231aeee28b4', '1091660c84f048f789533eb3a496f4f0', null, '{\"createBy\":\"lisi\",\"createId\":\"1\",\"id\":\"1091660c84f048f789533eb3a496f4f0\",\"parentId\":\"9\",\"parentIds\":\"/0/1/2/4/9/\",\"parentSpaceCode\":\"3F\",\"parentSpaceCodes\":\"/ZJCMXY/XSXQ/JXL1/3F/\",\"parentSpaceName\":\"3F\",\"parentSpaceNames\":\"/浙江传媒学院/下沙校区/第一教学楼/3F/\",\"sortNum\":7,\"spaceCode\":\"304\",\"spaceName\":\"304\",\"spaceType\":\"5\"}');
INSERT INTO `wr_log_oper_detail` VALUES ('44bc6ce9116c4c4ab11589255f08d116', '15782b6c8b9d40d9ac09f422e1609c9d', '46eb6ad7d95047f1a23d647efd769260', null, '{\"categoryCode\":\"XXX\",\"categoryName\":\"XXX类\",\"createBy\":\"lisi\",\"createId\":\"1\",\"id\":\"46eb6ad7d95047f1a23d647efd769260\"}');
INSERT INTO `wr_log_oper_detail` VALUES ('4597bb07ba334b6d85df9302124370c6', '970d286069914b9e9baf58a2712198d2', 'ae47ce93f2bf4fcc8a235a7d77fb05d5', null, '{\"createBy\":\"lisi\",\"createId\":\"1\",\"createTime\":1614677323502,\"createWay\":\"1\",\"id\":\"ae47ce93f2bf4fcc8a235a7d77fb05d5\",\"parentId\":\"9\",\"parentIds\":\"/0/1/2/4/9/\",\"parentSpaceCode\":\"3F\",\"parentSpaceCodes\":\"/ZJCMXY/XSXQ/JXL1/3F/\",\"parentSpaceName\":\"3F\",\"parentSpaceNames\":\"/浙江传媒学院/下沙校区/第一教学楼/3F/\",\"remark\":\"教室节点\",\"sortNum\":4,\"spaceCode\":\"404\",\"spaceName\":\"404\",\"spaceType\":\"5\"}');
INSERT INTO `wr_log_oper_detail` VALUES ('464608d04dd141af91b09c728050518b', '53b50819a89a4305bec795a2392040b6', 'b9126edbc8df4361ad7ae6644f7da8b8', '{\"createBy\":\"lisi\",\"createId\":\"1\",\"createTime\":1605576682000,\"id\":\"b9126edbc8df4361ad7ae6644f7da8b8\",\"isDelete\":\"0\",\"parentId\":\"0\",\"parentIds\":\"/0/\",\"parentSpaceCode\":\"/\",\"parentSpaceCodes\":\"/\",\"parentSpaceName\":\"/\",\"parentSpaceNames\":\"/\",\"sortNum\":1,\"spaceCode\":\"HBZFZYXY\",\"spaceName\":\"河北政法职业学院\",\"spaceType\":\"1\"}', '{\"id\":\"b9126edbc8df4361ad7ae6644f7da8b8\",\"parentId\":\"0\",\"sortNum\":1,\"spaceCode\":\"HBZFZYXY\",\"spaceName\":\"河北政法职业学院\",\"spaceType\":\"1\"}');
INSERT INTO `wr_log_oper_detail` VALUES ('48cc6edb727642339f3cc3071f6c3e67', 'bca6bde2fc624b8bb9783fd6a2ee3140', '5', '{\"createBy\":\"1\",\"createId\":\"0\",\"createTime\":1591179399000,\"id\":\"5\",\"sysPermissionId\":\"22\",\"sysRoleId\":\"2\"}', null);
INSERT INTO `wr_log_oper_detail` VALUES ('4954161bebe7417fa8be8e36779aa1d1', 'cc97064a1ccf4533b2b9b682afbee2fe', '92b38b1fdf1e42ee85bf8c56e3f0b58b', '{\"ascriptionType\":\"1\",\"createBy\":\"lisi\",\"createId\":\"1\",\"createTime\":1606720220000,\"createWay\":\"0\",\"depCode\":\"11111\",\"depDesc\":\"1111\",\"depName\":\"1111\",\"depType\":\"1_3\",\"id\":\"92b38b1fdf1e42ee85bf8c56e3f0b58b\",\"isDelete\":\"0\",\"parentId\":\"14\",\"parentIds\":\"/0/1/12/13/\",\"sortNum\":2}', null);
INSERT INTO `wr_log_oper_detail` VALUES ('49840434a59b4831ad0610e83064460f', '59cce389676546eca7a39af5871ca168', '16', '{\"createBy\":\"1\",\"createId\":\"1\",\"createTime\":1598410471000,\"id\":\"16\",\"sysPermissionId\":\"1\",\"sysRoleId\":\"6\"}', null);
INSERT INTO `wr_log_oper_detail` VALUES ('4b410301c1d143038de91f1370d9b820', 'ea501e974aba4cb58dc858e937ccdf12', 'ffed5baab6974910808f7535c432c8fe', null, '{\"accessProtocol\":\"1\",\"accessPwd\":\"12345\",\"accessUser\":\"admin\",\"createBy\":\"lisi\",\"createId\":\"1\",\"deviceLocation\":\"E\",\"deviceName\":\"摄像机1(前)\",\"deviceType\":\"1\",\"flvGetUrl\":\"/live/ZJCMXY_XSXQ_JXL1_1F_102_E.flv\",\"hlsGetUrl\":\"/live/ZJCMXY_XSXQ_JXL1_1F_102_E.m3u8\",\"id\":\"ffed5baab6974910808f7535c432c8fe\",\"ipAddr\":\"192.168.2.69\",\"isEnableControl\":\"1\",\"isSupportAbsoluteMove\":\"0\",\"isSupportContinuousMove\":\"0\",\"isSupportControl\":\"1\",\"onvifPwd\":\"12345\",\"onvifUser\":\"admin\",\"rtmpGetUrl\":\"/live/ZJCMXY_XSXQ_JXL1_1F_102_E\",\"rtspUrlMain\":\"rtsp://admin:12345@192.168.2.69:554/h264/ch1/main/av_stream\",\"rtspUrlSub\":\"rtsp://admin:12345@192.168.2.69:554/h264/ch1/sub/av_stream\",\"schSpaceId\":\"11\",\"serialNumber\":\"11111111111\"}');
INSERT INTO `wr_log_oper_detail` VALUES ('4b6c1233059d4eb98f17cd541033a0c1', '721184bf34834a2ab02149b419a4b419', 'd2ff0977b5d9431897eddf41a2693576', '{\"answer\":\"不知道2\",\"basicAuthId\":\"2\",\"createBy\":\"lisi\",\"createId\":\"1\",\"createTime\":1606096592000,\"createWay\":\"0\",\"id\":\"d2ff0977b5d9431897eddf41a2693576\",\"isDelete\":\"0\",\"isLocked\":\"0\",\"rank\":2,\"securityQuestionId\":\"5\"}', null);
INSERT INTO `wr_log_oper_detail` VALUES ('4ba4ac14c1be487e97a303ff1b26a97f', 'c2a74379c0374541b38dc7efa32efe39', '3c7c13c4fd994234964d45924c448624', '{\"createBy\":\"lisi\",\"createId\":\"1\",\"createTime\":1606038616000,\"createWay\":\"0\",\"examAbnormal\":\"0\",\"examinationHallCode\":\"xs0002\",\"examinationHallId\":\"7a3abc6a61e64bac9cf83f952e536256\",\"exitTime\":1606038594000,\"id\":\"3c7c13c4fd994234964d45924c448624\",\"isDelete\":\"0\",\"liveAddressPull\":\"/live/xs0002_XS00004.flv\",\"liveAddressPush\":\"/live/xs0002_XS00004\",\"loginTime\":1606038591000,\"studentCode\":\"XS20180180\",\"studentName\":\"王五\",\"studentStatus\":\"0\"}', null);
INSERT INTO `wr_log_oper_detail` VALUES ('4ba4d3a69257434ca6f91e73c5d4ffe9', '98cc3b3b8db84917aaaf518524489e28', 'f2418d0da6294f998ac4f8d9244178d5', '{\"className\":\"9999\",\"createBy\":\"lisi\",\"createId\":\"1\",\"createTime\":1606814218000,\"createWay\":\"0\",\"gradeName\":9,\"gradeYear\":9999,\"id\":\"f2418d0da6294f998ac4f8d9244178d5\",\"isDelete\":\"0\"}', null);
INSERT INTO `wr_log_oper_detail` VALUES ('4bca69210d7a4c74bd9a75a99750984a', '8c82d467e57d457289e4d128ee2d5ae8', '25', '{\"ascriptionType\":\"1\",\"createBy\":\"1\",\"createId\":\"0\",\"createTime\":1573108029000,\"iconStyle\":\"\",\"iconUrl\":\"\",\"id\":\"25\",\"isDelete\":\"0\",\"isLocked\":\"0\",\"name\":\"用户查询\",\"parentId\":\"21\",\"parentIds\":\"/0/1/2/21/\",\"percode\":\"user:query\",\"remark\":\"\",\"sortNum\":4,\"type\":\"button\",\"url\":\"/user/query.action\"}', null);
INSERT INTO `wr_log_oper_detail` VALUES ('4be5ce4096014096bd1005ef8b505d25', '5bdef45d2d0d46ca8366ae76958c7ca8', '0d266986bf8641f1a888a6e1fe9d1740', null, '{\"accessProtocol\":\"1\",\"accessPwd\":\"12345\",\"accessUser\":\"admin\",\"createBy\":\"lisi\",\"createId\":\"1\",\"deviceLocation\":\"E\",\"deviceName\":\"摄像机1(前)\",\"deviceType\":\"1\",\"flvGetUrl\":\"/live/ZJCMXY_XSXQ_JXL1_1F_101_E.flv\",\"hlsGetUrl\":\"/live/ZJCMXY_XSXQ_JXL1_1F_101_E.m3u8\",\"id\":\"0d266986bf8641f1a888a6e1fe9d1740\",\"ipAddr\":\"192.168.1.66\",\"isEnableControl\":\"1\",\"isSupportControl\":\"1\",\"onvifPwd\":\"12345\",\"onvifUser\":\"admin\",\"rtmpGetUrl\":\"/live/ZJCMXY_XSXQ_JXL1_1F_101_E\",\"rtspUrlMain\":\"rtsp://admin:12345@192.168.1.66:554/h264/ch1/main/av_stream\",\"rtspUrlSub\":\"rtsp://admin:12345@192.168.1.66:554/h264/ch1/sub/av_stream\",\"schoolSpaceId\":\"10\",\"serialNumber\":\"11111111111\"}');
INSERT INTO `wr_log_oper_detail` VALUES ('4be7b9cc9f4c4e1c87300951bc14a9c2', '554bd90fb0a64085a055162178c1d65f', '37', '{\"ascriptionType\":\"2\",\"createBy\":\"1\",\"createId\":\"1\",\"createTime\":1606360177000,\"deleteTime\":1606361327000,\"iconStyle\":\"\",\"iconUrl\":\"\",\"id\":\"37\",\"isDelete\":\"0\",\"isLocked\":\"0\",\"name\":\"XXX\",\"parentId\":\"36\",\"parentIds\":\"/0/1/35/36/\",\"percode\":\"xxx:XX\",\"remark\":\"\",\"sortNum\":1,\"type\":\"button\",\"url\":\"/xxx/xxx.action\"}', null);
INSERT INTO `wr_log_oper_detail` VALUES ('4c300f330392441d9c3316160739d730', 'eeae8af8d5e843ad92273b2aa13ed564', '10a84c4a33784a4cb3b2a1c04fbccb4a', '{\"ascriptionType\":\"1\",\"createBy\":\"lisi\",\"createId\":\"1\",\"createTime\":1606464417000,\"iconStyle\":\"class\",\"iconUrl\":\"/icons/menuIcon/5bbf1f7c6fc0260157070964c407f179.png\",\"id\":\"10a84c4a33784a4cb3b2a1c04fbccb4a\",\"isDelete\":\"0\",\"isLocked\":\"1\",\"name\":\"菜单名称\",\"parentId\":\"1\",\"parentIds\":\"/0/1/\",\"percode\":\"10000\",\"remark\":\"备注\",\"sortNum\":1,\"type\":\"2\",\"url\":\"/*/*\"}', '{\"ascriptionType\":\"1\",\"iconStyle\":\"1\",\"iconUrl\":\"1\",\"id\":\"10a84c4a33784a4cb3b2a1c04fbccb4a\",\"isLocked\":\"1\",\"name\":\"1\",\"parentId\":\"1\",\"percode\":\"1\",\"remark\":\"1\",\"sortNum\":1,\"type\":\"2\",\"url\":\"1\"}');
INSERT INTO `wr_log_oper_detail` VALUES ('4d0f8a379a0f4c6586722cce49d15eaa', '74b7fa77fe9d48f0b35b3302a46f0524', '6f448f08020a42ecb8437cbafc9d0743', '{\"createBy\":\"lisi\",\"createId\":\"1\",\"createTime\":1596013997000,\"createWay\":\"0\",\"id\":\"6f448f08020a42ecb8437cbafc9d0743\",\"isDelete\":\"0\",\"isLocked\":\"0\",\"isRegistered\":\"0\",\"personName\":\"爱丽丝\",\"personNum\":\"111111\"}', '{\"id\":\"6f448f08020a42ecb8437cbafc9d0743\",\"isRegistered\":\"1\"}');
INSERT INTO `wr_log_oper_detail` VALUES ('4d1eb19e357546618449d2acc247fccb', '952c0256c1d349f1a347e08e5f38b12c', '9ef6d53433044f5fb7e3a0e573e9e587', '{\"accessProtocol\":\"\",\"accessPwd\":\"\",\"accessUser\":\"\",\"connectStatus\":\"0\",\"createBy\":\"lisi\",\"createId\":\"1\",\"createTime\":1605866812000,\"deviceLocation\":\"讲台\",\"deviceName\":\"讲台计算机4\",\"deviceType\":\"2\",\"flvGetUrl\":\"/live/ZJCMXY_XSXQ_JXL1_1F_104_VGA.flv\",\"hlsGetUrl\":\"/live/ZJCMXY_XSXQ_JXL1_1F_104_VGA.m3u8\",\"id\":\"9ef6d53433044f5fb7e3a0e573e9e587\",\"ipAddr\":\"192.168.1.71\",\"isActive\":\"1\",\"isDelete\":\"0\",\"isEnableControl\":\"0\",\"isSupportControl\":\"0\",\"onvifPwd\":\"\",\"onvifUser\":\"\",\"rtmpGetUrl\":\"/live/ZJCMXY_XSXQ_JXL1_1F_104_VGA\",\"rtspUrlMain\":\"2\",\"rtspUrlSub\":\"2\",\"schoolSpaceId\":\"13\",\"serialNumber\":\"22222222\"}', null);
INSERT INTO `wr_log_oper_detail` VALUES ('4ee1236b24934df18266f0d037ce1e1e', '25aa10b7f7b74cd7a91cf7eedff78def', 'ab93a3b6e4364a029c4dfe4a5500e432', null, '{\"accessProtocol\":\"1\",\"accessPwd\":\"12345\",\"accessUser\":\"admin\",\"createBy\":\"lisi\",\"createId\":\"1\",\"deviceLocation\":\"E\",\"deviceName\":\"摄像机1(前)\",\"deviceType\":\"1\",\"flvGetUrl\":\"/live/ZJCMXY_XSXQ_JXL1_1F_101_E.flv\",\"hlsGetUrl\":\"/live/ZJCMXY_XSXQ_JXL1_1F_101_E.m3u8\",\"id\":\"ab93a3b6e4364a029c4dfe4a5500e432\",\"ipAddr\":\"192.168.1.65\",\"isEnableControl\":\"1\",\"isSupportControl\":\"1\",\"onvifPwd\":\"12345\",\"onvifUser\":\"admin\",\"rtmpGetUrl\":\"/live/ZJCMXY_XSXQ_JXL1_1F_101_E\",\"rtspUrlMain\":\"rtsp://admin:12345@192.168.1.65:554/h264/ch1/main/av_stream\",\"rtspUrlSub\":\"rtsp://admin:12345@192.168.1.65:554/h264/ch1/sub/av_stream\",\"schoolSpaceId\":\"10\",\"serialNumber\":\"11111111111\"}');
INSERT INTO `wr_log_oper_detail` VALUES ('4f3280131dd44c32878135b07f402b59', 'f460e07b2940428f9462cfc0d517edd8', '9ef6d53433044f5fb7e3a0e573e9e587', '{\"accessProtocol\":\"\",\"accessPwd\":\"\",\"accessUser\":\"\",\"connectStatus\":\"0\",\"createBy\":\"lisi\",\"createId\":\"1\",\"createTime\":1605955480000,\"deviceLocation\":\"讲台\",\"deviceName\":\"讲台计算机3\",\"deviceType\":\"2\",\"flvGetUrl\":\"/live/ZJCMXY_XSXQ_JXL1_1F_109_VGA.flv\",\"hlsGetUrl\":\"/live/ZJCMXY_XSXQ_JXL1_1F_109_VGA.m3u8\",\"id\":\"9ef6d53433044f5fb7e3a0e573e9e587\",\"ipAddr\":\"192.168.1.70\",\"isActive\":\"1\",\"isDelete\":\"0\",\"isEnableControl\":\"0\",\"isSupportControl\":\"0\",\"onvifPwd\":\"\",\"onvifUser\":\"\",\"rtmpGetUrl\":\"/live/ZJCMXY_XSXQ_JXL1_1F_109_VGA\",\"rtspUrlMain\":\"1\",\"rtspUrlSub\":\"1\",\"schoolSpaceId\":\"403acee6098e41b8ba1237feadac1906\",\"serialNumber\":\"3333333333\"}', null);
INSERT INTO `wr_log_oper_detail` VALUES ('50034029b1ec4c4396232490a0348a21', '2f59babf0333468280dfee3d5dcc6229', '4b4a2e9769964b5392c2f189d99275f0', null, '{\"createBy\":\"lisi\",\"createId\":\"1\",\"createTime\":1615896212682,\"createWay\":\"0\",\"dateForWeeks\":1609257600000,\"id\":\"4b4a2e9769964b5392c2f189d99275f0\",\"isCancel\":\"0\",\"isRecord\":\"0\",\"planCreator\":\"李四\",\"planForm\":\"1_1\",\"schCourseTableBaseId\":\"3\",\"weeks\":18}');
INSERT INTO `wr_log_oper_detail` VALUES ('516e99d94a5d44948e5c25d5c3d06f57', 'b4432366d9ed4a8f968d3619bad905cb', 'cb12b5f13ac24ad3ba2880f81305a4e2', null, '{\"age\":12,\"birthday\":1549382400000,\"createBy\":\"lisi\",\"createId\":\"1\",\"createTime\":1612500804217,\"createWay\":\"1\",\"headImgUrl\":\"/headImg/defaultHeadImg.jpg\",\"id\":\"cb12b5f13ac24ad3ba2880f81305a4e2\",\"isRegistered\":\"0\",\"nickname\":\"测试昵称1\",\"personName\":\"测试姓名1\",\"personNum\":\"100000001\",\"position\":\"测试职位1\",\"profile\":\"测试个人简介1\",\"sex\":\"1\"}');
INSERT INTO `wr_log_oper_detail` VALUES ('5218e57482064ba198c5d12af9e426b8', '40ef57af9b8b4feb962f7a7f234fd128', '18d0100214c949b19fd51b2e0c847015', null, '{\"id\":\"18d0100214c949b19fd51b2e0c847015\",\"passWord\":\"c2f60e53d2f4c95c193670bc53b1ad34\",\"personNum\":\"111111\",\"salt\":\"111111\",\"sysUserId\":\"f2b2607f3dea41509bdef1e2ab1882ce\",\"userName\":\"111111\"}');
INSERT INTO `wr_log_oper_detail` VALUES ('522812faa04e4432934ea07e8411f0db', 'c9445f977215420e90ff5f4b9ddcd4fe', '6070271afb5b45c6a5288d026c563a85', null, '{\"createBy\":\"lisi\",\"createId\":\"1\",\"createTime\":1612506603290,\"createWay\":\"1\",\"headImgUrl\":\"/headImg/defaultHeadImg.jpg\",\"id\":\"6070271afb5b45c6a5288d026c563a85\",\"isRegistered\":\"0\",\"personName\":\"赵六\",\"personNum\":\"100000003\",\"sex\":\"0\"}');
INSERT INTO `wr_log_oper_detail` VALUES ('52839e7a211f40988bc6622cf1be29bb', 'd00bf99169954dc693ff760c6c3e012c', '1', '{\"createBy\":\"lisi\",\"createId\":\"1\",\"createTime\":1596530833000,\"createWay\":\"0\",\"deleteTime\":1596597926000,\"examinationHallCode\":\"xs0002\",\"examinationHallId\":\"2\",\"id\":\"1\",\"isDelete\":\"0\",\"liveAddressPull\":\"http://192.168.1.110:8080/live/xs0001_XS00001.flv\",\"liveAddressPush\":\"rtmp://192.168.1.110:1935/live/xs0001_XS00001\",\"studentCode\":\"XS00001\",\"studentName\":\"李四\",\"studentStatus\":\"0\"}', '{\"deleteTime\":1596714846760,\"id\":\"1\",\"isDelete\":\"1\"}');
INSERT INTO `wr_log_oper_detail` VALUES ('52ff36e1e4c84dae99017fb5e27a8d20', '50d8979c82da4d34a69835639267276a', '9ef6d53433044f5fb7e3a0e573e9e589', null, '{\"createBy\":\"lisi\",\"createId\":\"1\",\"deviceLocation\":\"讲台\",\"deviceName\":\"讲台计算机\",\"deviceType\":\"2\",\"flvGetUrl\":\"/live/ZJCMXY_XSXQ_JXL1_1F_101_VGA.flv\",\"hlsGetUrl\":\"/live/ZJCMXY_XSXQ_JXL1_1F_101_VGA.m3u8\",\"id\":\"9ef6d53433044f5fb7e3a0e573e9e589\",\"ipAddr\":\"192.168.1.68\",\"rtmpGetUrl\":\"/live/ZJCMXY_XSXQ_JXL1_1F_101_VGA\",\"schoolSpaceId\":\"10\",\"serialNumber\":\"11111111111\"}');
INSERT INTO `wr_log_oper_detail` VALUES ('5321a676163b4068badd8a0024e7e410', '642c91319e1648c19041522c99f8deb1', '3f5f786b2bd24f81b1e54e9a6d685325', null, '{\"createBy\":\"lisi\",\"createId\":\"1\",\"createTime\":1614678141460,\"createWay\":\"1\",\"id\":\"3f5f786b2bd24f81b1e54e9a6d685325\",\"parentId\":\"5877fea1b40049758dd5789391ca1ecc\",\"parentIds\":\"/0/1/5877fea1b40049758dd5789391ca1ecc/\",\"parentSpaceCode\":\"XSXQ\",\"parentSpaceCodes\":\"/ZJCMXY/XSXQ/\",\"parentSpaceName\":\"下沙校区\",\"parentSpaceNames\":\"/浙江传媒学院/下沙校区/\",\"remark\":\"楼宇节点\",\"sortNum\":3,\"spaceCode\":\"JXLC\",\"spaceName\":\"教学楼C\",\"spaceType\":\"3\"}');
INSERT INTO `wr_log_oper_detail` VALUES ('5390b489be124f5197026a71a595f5c2', '247ca030204043459277e3fe5fb134e3', 'fd040404cb344e0e8d7dc098668e8cbf', null, '{\"createBy\":\"记得填充\",\"createId\":\"记得填充\",\"id\":\"fd040404cb344e0e8d7dc098668e8cbf\",\"sysPermissionId\":\"29\",\"sysRoleId\":\"3\"}');
INSERT INTO `wr_log_oper_detail` VALUES ('5472eed8f50d4b88941eb7b14e0fd824', '468ecf6698444934a5e8a57c42058268', '0cbd5bd2f6b845e982181e262b2e1ca5', null, '{\"createBy\":\"lisi\",\"createId\":\"1\",\"createTime\":1615279809384,\"createWay\":\"1\",\"id\":\"0cbd5bd2f6b845e982181e262b2e1ca5\",\"parentId\":\"21\",\"parentIds\":\"/0/1/3/16/21/\",\"parentSpaceCode\":\"3F\",\"parentSpaceCodes\":\"/ZJCMXY/TXXQ/JXLA/3F/\",\"parentSpaceName\":\"3F\",\"parentSpaceNames\":\"/浙江传媒学院/桐乡校区/教学楼A区/3F/\",\"remark\":\"教室节点\",\"sortNum\":1,\"spaceCode\":\"301\",\"spaceName\":\"301\",\"spaceType\":\"5\"}');
INSERT INTO `wr_log_oper_detail` VALUES ('550d857553c14ffdb3488b258569cfb2', '483c61340a1b4488a15c5054c72ee25b', '9e07954dbe3341499c899890a40a6e0b', null, '{\"createBy\":\"记得填充\",\"createId\":\"记得填充\",\"id\":\"9e07954dbe3341499c899890a40a6e0b\",\"sysPermissionId\":\"5\",\"sysRoleId\":\"6\"}');
INSERT INTO `wr_log_oper_detail` VALUES ('559603bbc57b4794b76622e8ad437596', 'c7882fdf72c2418a9b97b4dd454a1586', '2d3a760b9c884488b1e23c70b42605c7', null, '{\"createBy\":\"lisi\",\"createId\":\"1\",\"createTime\":1614676122203,\"createWay\":\"1\",\"id\":\"2d3a760b9c884488b1e23c70b42605c7\",\"parentId\":\"9\",\"parentIds\":\"/0/1/2/4/9/\",\"parentSpaceCode\":\"3F\",\"parentSpaceCodes\":\"/ZJCMXY/XSXQ/JXL1/3F/\",\"parentSpaceName\":\"3F\",\"parentSpaceNames\":\"/浙江传媒学院/下沙校区/第一教学楼/3F/\",\"remark\":\"教室节点\",\"sortNum\":2,\"spaceCode\":\"402\",\"spaceName\":\"402\",\"spaceType\":\"5\"}');
INSERT INTO `wr_log_oper_detail` VALUES ('568d6dc225a146139652a77c1cd69435', '5bfbac81f66748d2ab1b963d16c9ce7e', 'f4fb6844765547628da451ac7415d059', null, '{\"createBy\":\"lisi\",\"createId\":\"1\",\"deviceLocation\":\"OT\",\"deviceName\":\"设备合成流\",\"deviceType\":\"overlay\",\"flvGetUrl\":\"/live/ZJCMXY_BBXQ_OVERLAY.flv\",\"hlsGetUrl\":\"/live/ZJCMXY_BBXQ_OVERLAY.m3u8\",\"id\":\"f4fb6844765547628da451ac7415d059\",\"rtmpGetUrl\":\"/live/ZJCMXY_BBXQ_OVERLAY\",\"schSpaceId\":\"c658f2fce1164aafb13b98dfb5d97406\"}');
INSERT INTO `wr_log_oper_detail` VALUES ('57ac5e298ef749a192d43327daa582f6', '2d71563975614e26bceb7d913f1604c2', 'a51a0a33ff6d4fb39cd7f17a3e879ad9', null, '{\"createBy\":\"lisi\",\"createId\":\"1\",\"createTime\":1615863330935,\"createWay\":\"0\",\"dateForWeeks\":1609862400000,\"id\":\"a51a0a33ff6d4fb39cd7f17a3e879ad9\",\"isCancel\":\"0\",\"isRecord\":\"0\",\"planForm\":\"李四\",\"schCourseTableBaseId\":\"3\",\"weeks\":19}');
INSERT INTO `wr_log_oper_detail` VALUES ('5831a717eb184317ae750d704e52c260', 'a7163be129d54b1cbaf2600e3fa4c2b3', '1', '{\"age\":18,\"birthday\":1594569600000,\"createBy\":\"admin\",\"createId\":\"0\",\"createTime\":1573107331000,\"createWay\":\"0\",\"headImgUrl\":\"headImg/1/99d0f78e5456e9f9d9ee3bcc989d4044.png\",\"id\":\"1\",\"isDelete\":\"0\",\"isLocked\":\"0\",\"nickname\":\"隔壁大老李\",\"personName\":\"李四\",\"personNum\":\"XS20180112\",\"profile\":\"你好，我是李四\",\"sex\":\"1\"}', '{\"headImgUrl\":\"headImg/1/99d0f78e5456e9f9d9ee3bcc989d4044.png\",\"id\":\"1\"}');
INSERT INTO `wr_log_oper_detail` VALUES ('5896e26883d144db946bacc4d3b44fbd', '66d3cf94a2ac4b979a9811cb65afa5a8', '17', '{\"createBy\":\"1\",\"createId\":\"1\",\"createTime\":1598410476000,\"id\":\"17\",\"sysPermissionId\":\"2\",\"sysRoleId\":\"6\"}', null);
INSERT INTO `wr_log_oper_detail` VALUES ('59d7f3a1afe84757b8e50db1194ecb24', 'acfe7d81999e40eea1e79c9e03ec8127', '222', '{\"createBy\":\"1\",\"createId\":\"1\",\"createTime\":1606115946000,\"id\":\"222\",\"sysRoleId\":\"222\",\"sysUserId\":\"222\"}', null);
INSERT INTO `wr_log_oper_detail` VALUES ('5b241dcb88b046fc9ef3d9ffb0fc8f6b', '350e146a9cb343b893a8b08db132e2c0', '11', '{\"ascriptionType\":\"1\",\"createBy\":\"1\",\"createId\":\"0\",\"createTime\":1573108029000,\"iconStyle\":\"\",\"iconUrl\":\"\",\"id\":\"11\",\"isDelete\":\"0\",\"isLocked\":\"0\",\"name\":\"商品管理\",\"parentId\":\"2\",\"parentIds\":\"/0/1/2/\",\"percode\":\"\",\"remark\":\"\",\"sortNum\":1,\"type\":\"2\",\"url\":\"/item/queryItem.action\"}', null);
INSERT INTO `wr_log_oper_detail` VALUES ('5b655c3f2911469cbd52b0fd2ceae784', '20a07b78315c4220bd86a2dffd4749e5', '12', '{\"ascriptionType\":\"1\",\"createBy\":\"1\",\"createId\":\"0\",\"createTime\":1573108029000,\"id\":\"12\",\"isDelete\":\"0\",\"isLocked\":\"0\",\"name\":\"商品新增\",\"parentId\":\"11\",\"parentIds\":\"/0/1/2/11/\",\"percode\":\"item:create\",\"sortNum\":1,\"type\":\"button\",\"url\":\"/item/add.action\"}', null);
INSERT INTO `wr_log_oper_detail` VALUES ('5b9d141ac9344395b36a9f209b54f693', '5b830a7067a049f5b15cd708cca41b48', '222', '{\"birthday\":1606060800000,\"createBy\":\"lisi\",\"createId\":\"0\",\"createTime\":1606116001000,\"createWay\":\"0\",\"headImgUrl\":\"\",\"id\":\"222\",\"isDelete\":\"0\",\"isLocked\":\"0\",\"isRegistered\":\"-1\",\"nickname\":\"\",\"personName\":\"爱丽丝\",\"personNum\":\"1111112\",\"position\":\"\",\"profile\":\"\",\"sex\":\"\"}', null);
INSERT INTO `wr_log_oper_detail` VALUES ('5c125e30e3ce4ed3a8166b5f549995b7', 'e1c3e22b9b5e4d33af22c894881f263a', '9b4ac0e0441a4340b541276c8a5a1d29', null, '{\"createBy\":\"lisi\",\"createId\":\"1\",\"createTime\":1615890551256,\"createWay\":\"0\",\"dateForWeeks\":1609344000000,\"id\":\"9b4ac0e0441a4340b541276c8a5a1d29\",\"isCancel\":\"0\",\"isRecord\":\"1\",\"planForm\":\"李四\",\"schCourseTableBaseId\":\"4\",\"weeks\":18}');
INSERT INTO `wr_log_oper_detail` VALUES ('5cc7d936c3134d7a91cbdc586a5c52c4', '39e1559c069b4525bce8b88162a2724c', '3aeccf04e19f4983a67548bb809f5a58', null, '{\"createBy\":\"lisi\",\"createId\":\"1\",\"createTime\":1614675927647,\"createWay\":\"1\",\"id\":\"3aeccf04e19f4983a67548bb809f5a58\",\"parentId\":\"9\",\"parentIds\":\"/0/1/2/4/9/\",\"parentSpaceCode\":\"3F\",\"parentSpaceCodes\":\"/ZJCMXY/XSXQ/JXL1/3F/\",\"parentSpaceName\":\"3F\",\"parentSpaceNames\":\"/浙江传媒学院/下沙校区/第一教学楼/3F/\",\"remark\":\"教室节点\",\"sortNum\":1,\"spaceCode\":\"401\",\"spaceName\":\"401\",\"spaceType\":\"5\"}');
INSERT INTO `wr_log_oper_detail` VALUES ('5cf05dfc27e34a25a65ac58e6ce1b03f', 'c9445f977215420e90ff5f4b9ddcd4fe', '61fc360e2e064a1f81d4e012b93287d1', null, '{\"age\":23,\"birthday\":1516636800000,\"createBy\":\"lisi\",\"createId\":\"1\",\"createTime\":1612506604439,\"createWay\":\"1\",\"headImgUrl\":\"/headImg/defaultHeadImg.jpg\",\"id\":\"61fc360e2e064a1f81d4e012b93287d1\",\"isRegistered\":\"0\",\"nickname\":\"测试昵称2\",\"personName\":\"测试姓名2\",\"personNum\":\"100000002\",\"position\":\"测试职位2\",\"profile\":\"测试个人简介2\",\"sex\":\"2\"}');
INSERT INTO `wr_log_oper_detail` VALUES ('5cfab5a95ed64f029a496d539e4acf65', '10287f606bbf48019e26e80e3330f672', '222', '{\"birthday\":1606060800000,\"createBy\":\"lisi\",\"createId\":\"0\",\"createTime\":1606127710000,\"createWay\":\"0\",\"headImgUrl\":\"\",\"id\":\"222\",\"isDelete\":\"0\",\"isLocked\":\"0\",\"isRegistered\":\"0\",\"nickname\":\"\",\"personName\":\"爱丽丝\",\"personNum\":\"1111112\",\"position\":\"\",\"profile\":\"\",\"sex\":\"\"}', '{\"id\":\"222\",\"isRegistered\":\"-1\"}');
INSERT INTO `wr_log_oper_detail` VALUES ('5d262f78127642c5b6d6c23c5d016084', 'c2a74379c0374541b38dc7efa32efe39', '3c7c13c4fd994234964d45924c448623', '{\"createBy\":\"lisi\",\"createId\":\"1\",\"createTime\":1606038612000,\"createWay\":\"0\",\"examAbnormal\":\"0\",\"examinationHallCode\":\"xs0002\",\"examinationHallId\":\"7a3abc6a61e64bac9cf83f952e536255\",\"exitTime\":1606038594000,\"id\":\"3c7c13c4fd994234964d45924c448623\",\"isDelete\":\"0\",\"liveAddressPull\":\"/live/xs0002_XS00004.flv\",\"liveAddressPush\":\"/live/xs0002_XS00004\",\"loginTime\":1606038591000,\"studentCode\":\"XS20180180\",\"studentName\":\"王五\",\"studentStatus\":\"0\"}', null);
INSERT INTO `wr_log_oper_detail` VALUES ('5d689acc709741ec82c3bae7f65dad24', 'e86b4828396545df8b561c9ff25e2896', 'batchInsert', null, '[{\"createBy\":\"lisi\",\"createId\":\"1\",\"id\":\"1b379bb416054318ba9d723bdb4e9606\",\"sysRoleId\":\"7\",\"sysUserId\":\"f2b2607f3dea41509bdef1e2ab1882ce\"},{\"createBy\":\"lisi\",\"createId\":\"1\",\"id\":\"016bc6bdc2964e3dad1b891a93d56d44\",\"sysRoleId\":\"8\",\"sysUserId\":\"f2b2607f3dea41509bdef1e2ab1882ce\"},{\"createBy\":\"lisi\",\"createId\":\"1\",\"id\":\"dba24924389445429be9669b2d2ba4af\",\"sysRoleId\":\"7\",\"sysUserId\":\"f2b2607f3dea41509bdef1e2ab1882c1\"},{\"createBy\":\"lisi\",\"createId\":\"1\",\"id\":\"3ea6e742964b4272a1318fe41073cf1b\",\"sysRoleId\":\"8\",\"sysUserId\":\"f2b2607f3dea41509bdef1e2ab1882c1\"}]');
INSERT INTO `wr_log_oper_detail` VALUES ('5e4eec857e9b46458e097f1aba07d125', '947e3dbf35194f298a6fff3f152545ba', 'b9126edbc8df4361ad7ae6644f7da8b8', '{\"createBy\":\"lisi\",\"createId\":\"1\",\"createTime\":1605576682000,\"id\":\"b9126edbc8df4361ad7ae6644f7da8b8\",\"isDelete\":\"0\",\"parentId\":\"0\",\"parentIds\":\"/0/\",\"parentSpaceCode\":\"/\",\"parentSpaceCodes\":\"/\",\"parentSpaceName\":\"/\",\"parentSpaceNames\":\"/\",\"sortNum\":1,\"spaceCode\":\"HBZFZYXY\",\"spaceName\":\"河北政法职业学院\",\"spaceType\":\"1\"}', '{\"id\":\"b9126edbc8df4361ad7ae6644f7da8b8\",\"parentId\":\"0\",\"sortNum\":1,\"spaceCode\":\"HBZFZYXY\",\"spaceName\":\"河北政法职业学院\",\"spaceType\":\"1\"}');
INSERT INTO `wr_log_oper_detail` VALUES ('5e7547f497354bd4a206479694b785f6', '328332adc3e64410a51d00180bf5073a', '3e4286bd3f4d40db91b0c7c08d62e5d2', null, '{\"createBy\":\"lisi\",\"createId\":\"1\",\"id\":\"3e4286bd3f4d40db91b0c7c08d62e5d2\",\"sysRoleId\":\"55\",\"sysUserId\":\"23\"}');
INSERT INTO `wr_log_oper_detail` VALUES ('5f6e8651bfd74da994e6e39091abb6ef', '546e01bb6426421088fd21d467cb6266', '403acee6098e41b8ba1237feadac1905', '{\"createBy\":\"lisi\",\"createId\":\"1\",\"createTime\":1605954322000,\"id\":\"403acee6098e41b8ba1237feadac1905\",\"isDelete\":\"0\",\"parentId\":\"6635bcab1cc94652a90dcc68be315513\",\"parentIds\":\"/0/b9126edbc8df4361ad7ae6644f7da8b8/485d7943066f41a28261a2a4274da1af/6635bcab1cc94652a90dcc68be315513/\",\"parentSpaceCode\":\"AQ1\",\"parentSpaceCodes\":\"/HBZFZYXY/BBXQ/AQ1/\",\"parentSpaceName\":\"A区1\",\"parentSpaceNames\":\"/河北政法职业学院/本部校区/A区1/\",\"sortNum\":1,\"spaceAlias\":\"\",\"spaceCode\":\"A_104\",\"spaceName\":\"A_104\",\"spaceType\":\"4\"}', null);
INSERT INTO `wr_log_oper_detail` VALUES ('60644c2e5b0e4c519e2992116670503c', 'cc97064a1ccf4533b2b9b682afbee2fe', '92b38b1fdf1e42ee85bf8c56e3f0b58c', '{\"ascriptionType\":\"1\",\"createBy\":\"lisi\",\"createId\":\"1\",\"createTime\":1606730376000,\"createWay\":\"0\",\"depCode\":\"2222\",\"depDesc\":\"2222\",\"depName\":\"2222\",\"depType\":\"1_3\",\"id\":\"92b38b1fdf1e42ee85bf8c56e3f0b58c\",\"isDelete\":\"0\",\"parentId\":\"14\",\"parentIds\":\"/0/1/12/13/\",\"sortNum\":2}', null);
INSERT INTO `wr_log_oper_detail` VALUES ('613ee455c04b474e925fb33c91b67aae', '04201668ddef4be5b1e2c9f9870e4255', 'cbb07c67b2574384b60ff226d7e3f9c6', null, '{\"connectStatus\":\"0\",\"createBy\":\"lisi\",\"createId\":\"1\",\"createTime\":1615280065831,\"createWay\":\"1\",\"deviceLocation\":\"OT\",\"deviceName\":\"设备合成流\",\"deviceType\":\"overlay\",\"flvGetUrl\":\"/live/ZJCMXY_TXXQ_JXLA_3F_301_OVERLAY.flv\",\"hlsGetUrl\":\"/live/ZJCMXY_TXXQ_JXLA_3F_301_OVERLAY.m3u8\",\"id\":\"cbb07c67b2574384b60ff226d7e3f9c6\",\"isActive\":\"0\",\"isEnableControl\":\"0\",\"isSupportAbsoluteMove\":\"0\",\"isSupportContinuousMove\":\"0\",\"isSupportControl\":\"0\",\"rtmpGetUrl\":\"/live/ZJCMXY_TXXQ_JXLA_3F_301_OVERLAY\",\"schSpaceId\":\"0cbd5bd2f6b845e982181e262b2e1ca5\"}');
INSERT INTO `wr_log_oper_detail` VALUES ('622b4413d1e84050979b89b02bdfa830', '554bd90fb0a64085a055162178c1d65f', '39', '{\"ascriptionType\":\"2\",\"createBy\":\"1\",\"createId\":\"1\",\"createTime\":1606378872000,\"iconStyle\":\"\",\"iconUrl\":\"\",\"id\":\"39\",\"isDelete\":\"0\",\"isLocked\":\"0\",\"name\":\"XX\",\"parentId\":\"35\",\"parentIds\":\"/0/1/38/\",\"percode\":\"xxx:XXxX\",\"sortNum\":1,\"type\":\"2\",\"url\":\"/xxx/xxx.action\"}', null);
INSERT INTO `wr_log_oper_detail` VALUES ('624f60184b2e403f94d7c70c5976f925', '8c82d467e57d457289e4d128ee2d5ae8', '23', '{\"ascriptionType\":\"1\",\"createBy\":\"1\",\"createId\":\"0\",\"createTime\":1573108029000,\"iconStyle\":\"\",\"iconUrl\":\"\",\"id\":\"23\",\"isDelete\":\"0\",\"isLocked\":\"0\",\"name\":\"用户修改\",\"parentId\":\"21\",\"parentIds\":\"/0/1/2/21/\",\"percode\":\"user:update\",\"remark\":\"\",\"sortNum\":2,\"type\":\"button\",\"url\":\"/user/editItem.action\"}', null);
INSERT INTO `wr_log_oper_detail` VALUES ('62ac78f6279f4d4c83ab7808142788d0', '48d162a4d9c648199bfd4e922eccd663', 'f34e1f2c3561433293766c90fa213641', null, '{\"className\":\"一年级\",\"createBy\":\"lisi\",\"createId\":\"1\",\"gradeYear\":2012,\"id\":\"f34e1f2c3561433293766c90fa213641\"}');
INSERT INTO `wr_log_oper_detail` VALUES ('62c5c210b7db4abfb3ea3361bed302b0', '18650841aeeb4d6db83f234f75c8cacf', '14', '{\"createBy\":\"李四\",\"createId\":\"1\",\"createTime\":1604563776000,\"createWay\":\"0\",\"id\":\"14\",\"isDelete\":\"0\",\"parentId\":\"9\",\"parentIds\":\"/0/1/2/4/9/\",\"parentSpaceCode\":\"3F\",\"parentSpaceCodes\":\"/ZJCMXY/XSXQ/JXL1/3F/\",\"parentSpaceName\":\"3F\",\"parentSpaceNames\":\"/浙江传媒学院/下沙校区/第一教学楼/3F/\",\"sortNum\":5,\"spaceAlias\":\"\",\"spaceCode\":\"301\",\"spaceName\":\"301\",\"spaceType\":\"5\"}', null);
INSERT INTO `wr_log_oper_detail` VALUES ('6310938d7e694984ac6216a12208e429', '374c263a1a7348b78de7807801d48b8f', '42ee5175d01449ba8763f1651db744dd', null, '{\"createBy\":\"lisi\",\"createId\":\"1\",\"examinationHallCode\":\"xs0002\",\"examinationHallId\":\"2\",\"id\":\"42ee5175d01449ba8763f1651db744dd\",\"liveAddress\":\"http://192.168.1.136:8080/live/xs0002/XS00002.flv\",\"studentCode\":\"XS00002\",\"studentName\":\"李四2\"}');
INSERT INTO `wr_log_oper_detail` VALUES ('6395e622796f496fa41b7ceb19d0d4e9', '3b3ee51dcb1c43e6901e078f9f779f07', 'f870c6b3c5df4ce8a5c4534669837b26', null, '{\"createBy\":\"lisi\",\"createId\":\"1\",\"id\":\"f870c6b3c5df4ce8a5c4534669837b26\",\"sysRoleId\":\"1\",\"sysUserId\":\"01dbacd5df904b28bb98e68fa303b854\"}');
INSERT INTO `wr_log_oper_detail` VALUES ('64ae0b2575ed4f9dad4097c0353efd7e', '10d85950d0dd4fe9afd5ea96c3883c32', '2', '{\"albumImgUrl\":\"albumImg/defaultAlbumImg.png\",\"createBy\":\"lisi\",\"createId\":\"1\",\"createTime\":1596425390000,\"createWay\":\"0\",\"deleteTime\":1596597954000,\"endTime\":1596425374000,\"examStatus\":\"1\",\"examSubjectsName\":\"高等数学2\",\"examineeCount\":50,\"hallCode\":\"xs0002_\",\"id\":\"2\",\"invigilatorsLoginTime\":30,\"isDelete\":\"0\",\"showAlbum\":\"1\",\"startTime\":1596425370000,\"studentLoginTime\":10}', '{\"albumImgUrl\":\"albumImg/defaultAlbumImg.png\",\"hallCode\":\"xs0002\",\"id\":\"2\"}');
INSERT INTO `wr_log_oper_detail` VALUES ('6628e55f68894d4d9c012818a065cd0a', '2f59babf0333468280dfee3d5dcc6229', 'b957e0a29eb3426789a0208545ba95da', null, '{\"createBy\":\"lisi\",\"createId\":\"1\",\"createTime\":1615896212682,\"createWay\":\"0\",\"dateForWeeks\":1609948800000,\"id\":\"b957e0a29eb3426789a0208545ba95da\",\"isCancel\":\"0\",\"isRecord\":\"1\",\"planCreator\":\"李四\",\"planForm\":\"1_1\",\"schCourseTableBaseId\":\"4\",\"weeks\":19}');
INSERT INTO `wr_log_oper_detail` VALUES ('663c86cf3a644831a54806711b9ecdb2', '845037e843074e799e19a030fe8d69ad', 'b9126edbc8df4361ad7ae6644f7da8b8', '{\"createBy\":\"lisi\",\"createId\":\"1\",\"createTime\":1605576682000,\"id\":\"b9126edbc8df4361ad7ae6644f7da8b8\",\"isDelete\":\"0\",\"parentId\":\"0\",\"parentIds\":\"/0/\",\"parentSpaceCode\":\"/\",\"parentSpaceCodes\":\"/\",\"parentSpaceName\":\"/\",\"parentSpaceNames\":\"/\",\"sortNum\":1,\"spaceCode\":\"HBZFZYXY\",\"spaceName\":\"河北政法职业学院\",\"spaceType\":\"1\"}', '{\"id\":\"b9126edbc8df4361ad7ae6644f7da8b8\",\"parentId\":\"0\",\"sortNum\":1,\"spaceCode\":\"HBZFZYXY\",\"spaceName\":\"河北政法职业学院\",\"spaceType\":\"1\"}');
INSERT INTO `wr_log_oper_detail` VALUES ('676ebfe63d434aa2b1219debf9ff0ab5', '2d71563975614e26bceb7d913f1604c2', '5ad1dc7a7dea43129fc35bc98519416a', null, '{\"createBy\":\"lisi\",\"createId\":\"1\",\"createTime\":1615863330935,\"createWay\":\"0\",\"dateForWeeks\":1609257600000,\"id\":\"5ad1dc7a7dea43129fc35bc98519416a\",\"isCancel\":\"0\",\"isRecord\":\"0\",\"planForm\":\"李四\",\"schCourseTableBaseId\":\"3\",\"weeks\":18}');
INSERT INTO `wr_log_oper_detail` VALUES ('6838020e26514a5dafbe73350b29f4a3', 'eb6ac63856fc4ab79e6bc9aede6ce733', 'f1cbc1f6fd5340f9a20375c983269789', null, '{\"createBy\":\"lisi\",\"createId\":\"1\",\"createTime\":1614678276013,\"createWay\":\"1\",\"id\":\"f1cbc1f6fd5340f9a20375c983269789\",\"parentId\":\"b17653ea6227498e90c69e2a9634e7ab\",\"parentIds\":\"/0/1/b17653ea6227498e90c69e2a9634e7ab/\",\"parentSpaceCode\":\"TXXQ\",\"parentSpaceCodes\":\"/ZJCMXY/TXXQ/\",\"parentSpaceName\":\"桐乡校区\",\"parentSpaceNames\":\"/浙江传媒学院/桐乡校区/\",\"remark\":\"楼宇节点\",\"sortNum\":1,\"spaceCode\":\"BXL\",\"spaceName\":\"博学楼\",\"spaceType\":\"3\"}');
INSERT INTO `wr_log_oper_detail` VALUES ('685d120b72a54a74a306127aead727d6', 'eef02c5cc7f54793b95da424b8f4318a', '3cb41614cb8f4481ae46d241a69d28f2', null, '{\"accessProtocol\":\"1\",\"accessPwd\":\"12345\",\"accessUser\":\"admin\",\"createBy\":\"lisi\",\"createId\":\"1\",\"deviceLocation\":\"S\",\"deviceName\":\"摄像机1(前)\",\"deviceType\":\"1\",\"flvGetUrl\":\"/live/ZJCMXY_XSXQ_JXL1_1F_101_S.flv\",\"hlsGetUrl\":\"/live/ZJCMXY_XSXQ_JXL1_1F_101_S.m3u8\",\"id\":\"3cb41614cb8f4481ae46d241a69d28f2\",\"ipAddr\":\"192.168.1.67\",\"isEnableControl\":\"1\",\"isSupportControl\":\"1\",\"onvifPwd\":\"12345\",\"onvifUser\":\"admin\",\"rtmpGetUrl\":\"/live/ZJCMXY_XSXQ_JXL1_1F_101_S\",\"rtspUrlMain\":\"rtsp://admin:12345@192.168.1.67:554/h264/ch1/main/av_stream\",\"rtspUrlSub\":\"rtsp://admin:12345@192.168.1.67:554/h264/ch1/sub/av_stream\",\"schoolSpaceId\":\"10\",\"serialNumber\":\"11111111111\"}');
INSERT INTO `wr_log_oper_detail` VALUES ('68b95d8e94ee4ed4b4399316cca7f839', 'ba3b7c55a83c44f4a7f99e817accf1b4', 'c658f2fce1164aafb13b98dfb5d97406', null, '{\"createBy\":\"lisi\",\"createId\":\"1\",\"id\":\"c658f2fce1164aafb13b98dfb5d97406\",\"parentId\":\"1\",\"parentIds\":\"/0/1/\",\"parentSpaceCode\":\"ZJCMXY\",\"parentSpaceCodes\":\"/ZJCMXY/\",\"parentSpaceName\":\"浙江传媒学院\",\"parentSpaceNames\":\"/浙江传媒学院/\",\"sortNum\":2,\"spaceCode\":\"BBXQ\",\"spaceName\":\"本部校区\",\"spaceType\":\"5\"}');
INSERT INTO `wr_log_oper_detail` VALUES ('68c06401255e4364ae3ecd614f4e9a3c', '8df94a2714f6446b97ad60a5852ca2c3', '3cb41614cb8f4481ae46d241a69d28f5', '{\"accessProtocol\":\"1\",\"accessPwd\":\"12345\",\"accessUser\":\"admin\",\"connectStatus\":\"0\",\"createBy\":\"lisi\",\"createId\":\"1\",\"createTime\":1605954958000,\"deviceLocation\":\"S\",\"deviceName\":\"摄像机8(前)\",\"deviceType\":\"1\",\"flvGetUrl\":\"/live/ZJCMXY_XSXQ_JXL1_1F_108_S.flv\",\"hlsGetUrl\":\"/live/ZJCMXY_XSXQ_JXL1_1F_108_S.m3u8\",\"id\":\"3cb41614cb8f4481ae46d241a69d28f5\",\"ipAddr\":\"192.168.1.75\",\"isActive\":\"1\",\"isDelete\":\"0\",\"isEnableControl\":\"1\",\"isSupportControl\":\"1\",\"onvifPwd\":\"12345\",\"onvifUser\":\"admin\",\"rtmpGetUrl\":\"/live/ZJCMXY_XSXQ_JXL1_1F_108_S\",\"rtspUrlMain\":\"rtsp://admin:12345@192.168.1.75:554/h264/ch1/main/av_stream\",\"rtspUrlSub\":\"rtsp://admin:12345@192.168.1.75:554/h264/ch1/sub/av_stream\",\"schoolSpaceId\":\"403acee6098e41b8ba1237feadac1904\",\"serialNumber\":\"8888888888\"}', null);
INSERT INTO `wr_log_oper_detail` VALUES ('693c70a6a28f4289abe6829052eda55c', 'f978afb6451e49c38a3d3df5caa3d408', 'b9126edbc8df4361ad7ae6644f7da8b8', '{\"createBy\":\"lisi\",\"createId\":\"1\",\"createTime\":1605576682000,\"id\":\"b9126edbc8df4361ad7ae6644f7da8b8\",\"isDelete\":\"0\",\"parentId\":\"0\",\"parentIds\":\"/0/\",\"parentSpaceCode\":\"/\",\"parentSpaceCodes\":\"/\",\"parentSpaceName\":\"/\",\"parentSpaceNames\":\"/\",\"sortNum\":1,\"spaceCode\":\"HBZFZYXY\",\"spaceName\":\"河北政法职业学院\",\"spaceType\":\"1\"}', '{\"id\":\"b9126edbc8df4361ad7ae6644f7da8b8\",\"parentId\":\"0\",\"sortNum\":1,\"spaceCode\":\"HBZFZYXY\",\"spaceName\":\"河北政法职业学院\",\"spaceType\":\"1\"}');
INSERT INTO `wr_log_oper_detail` VALUES ('696242d00b164c7e9f520c5d399c449c', '511edfa924fc495c8e60c628360518d5', '14', '{\"createBy\":\"李四\",\"createId\":\"1\",\"createTime\":1604563776000,\"createWay\":\"0\",\"id\":\"14\",\"isDelete\":\"0\",\"parentId\":\"9\",\"parentIds\":\"/0/1/2/4/9/\",\"parentSpaceCode\":\"3F\",\"parentSpaceCodes\":\"/ZJCMXY/XSXQ/JXL1/3F/\",\"parentSpaceName\":\"3F\",\"parentSpaceNames\":\"/浙江传媒学院/下沙校区/第一教学楼/3F/\",\"sortNum\":5,\"spaceCode\":\"301\",\"spaceName\":\"301\",\"spaceType\":\"5\"}', null);
INSERT INTO `wr_log_oper_detail` VALUES ('69d88b577c3b460ab1709a682b161177', '464ebfe738bc4bff83566ffc70763ba3', 'e1c27171646a4899bd1a6f3eedcd9d86', null, '{\"createBy\":\"记得填充\",\"createId\":\"记得填充\",\"id\":\"e1c27171646a4899bd1a6f3eedcd9d86\",\"sysPermissionId\":\"31\",\"sysRoleId\":\"3\"}');
INSERT INTO `wr_log_oper_detail` VALUES ('6abbff60b2a6476788d1a3e9995a77b0', '75f553b33bb84f8a991a626c12ffb26a', '10', '{\"createBy\":\"李四\",\"createId\":\"1\",\"createTime\":1604563727000,\"id\":\"10\",\"isDelete\":\"0\",\"parentId\":\"7\",\"parentIds\":\"/0/1/2/4/7/\",\"parentSpaceCode\":\"1F\",\"parentSpaceCodes\":\"/ZJCMXY/XSXQ/JXL1/1F/\",\"parentSpaceName\":\"1F\",\"parentSpaceNames\":\"/浙江传媒学院/下沙校区/第一教学楼/1F/\",\"sortNum\":1,\"spaceCode\":\"101\",\"spaceName\":\"101\",\"spaceType\":\"5\"}', '{\"id\":\"10\",\"parentId\":\"7\",\"sortNum\":1,\"spaceCode\":\"103\",\"spaceName\":\"103\",\"spaceType\":\"5\"}');
INSERT INTO `wr_log_oper_detail` VALUES ('6b74fa58ad0d429a996c48ea508e9a61', '393a9dee96ea4fb2a118fea38f723cdf', 'b9126edbc8df4361ad7ae6644f7da8b8', '{\"createBy\":\"lisi\",\"createId\":\"1\",\"createTime\":1605576682000,\"id\":\"b9126edbc8df4361ad7ae6644f7da8b8\",\"isDelete\":\"0\",\"parentId\":\"0\",\"parentIds\":\"/0/\",\"parentSpaceCode\":\"/\",\"parentSpaceCodes\":\"/\",\"parentSpaceName\":\"/\",\"parentSpaceNames\":\"/\",\"sortNum\":1,\"spaceCode\":\"HBZFZYXY1\",\"spaceName\":\"河北政法职业学院1\",\"spaceType\":\"1\"}', '{\"id\":\"b9126edbc8df4361ad7ae6644f7da8b8\",\"parentId\":\"0\",\"sortNum\":1,\"spaceCode\":\"HBZFZYXY2\",\"spaceName\":\"河北政法职业学院2\",\"spaceType\":\"1\"}');
INSERT INTO `wr_log_oper_detail` VALUES ('6b7514d1393447f4b8430e938fb772e1', '28472c6033f747a08397005d6b1e9985', '48680c8514d94e498e4a087a8e4f54c8', null, '{\"createBy\":\"lisi\",\"createId\":\"1\",\"id\":\"48680c8514d94e498e4a087a8e4f54c8\",\"isCurrentSem\":\"1\",\"schoolYearEnd\":2013,\"schoolYearStart\":2012,\"semCode\":\"2012-2013-1\",\"semDateEnd\":1358870400000,\"semDateStart\":1346428800000,\"semNum\":1,\"totalWeeks\":11}');
INSERT INTO `wr_log_oper_detail` VALUES ('6b9ba435f90547caa8cadf318ec0fb37', '761ac3d8588248ceb62e614c60093f94', '1', '{\"age\":18,\"birthday\":1594569600000,\"createBy\":\"admin\",\"createId\":\"0\",\"createTime\":1573107331000,\"createWay\":\"0\",\"headImgUrl\":\"headImg/defaultHeadImg.jpg\",\"id\":\"1\",\"isDelete\":\"0\",\"isLocked\":\"0\",\"isRegistered\":\"1\",\"nickname\":\"隔壁大老李\",\"personName\":\"李四\",\"personNum\":\"XS20180112\",\"profile\":\"你好，我是李四\",\"sex\":\"1\"}', '{\"birthday\":770083200000,\"id\":\"1\"}');
INSERT INTO `wr_log_oper_detail` VALUES ('6c65940267c34e31a10a829571f84c35', '8df94a2714f6446b97ad60a5852ca2c3', '9ef6d53433044f5fb7e3a0e573e9e585', '{\"accessProtocol\":\"\",\"accessPwd\":\"\",\"accessUser\":\"\",\"connectStatus\":\"0\",\"createBy\":\"lisi\",\"createId\":\"1\",\"createTime\":1605954658000,\"deviceLocation\":\"讲台\",\"deviceName\":\"讲台计算机5\",\"deviceType\":\"2\",\"flvGetUrl\":\"/live/ZJCMXY_XSXQ_JXL1_1F_105_VGA.flv\",\"hlsGetUrl\":\"/live/ZJCMXY_XSXQ_JXL1_1F_105_VGA.m3u8\",\"id\":\"9ef6d53433044f5fb7e3a0e573e9e585\",\"ipAddr\":\"192.168.1.72\",\"isActive\":\"1\",\"isDelete\":\"0\",\"isEnableControl\":\"0\",\"isSupportControl\":\"0\",\"onvifPwd\":\"\",\"onvifUser\":\"\",\"rtmpGetUrl\":\"/live/ZJCMXY_XSXQ_JXL1_1F_105_VGA\",\"rtspUrlMain\":\"3\",\"rtspUrlSub\":\"3\",\"schoolSpaceId\":\"403acee6098e41b8ba1237feadac1904\",\"serialNumber\":\"5555555555\"}', null);
INSERT INTO `wr_log_oper_detail` VALUES ('6d45f55c70024cef83936d16f7bfa4ff', 'e1c3e22b9b5e4d33af22c894881f263a', '4e53d1747d71469fa1ebb27b52ef9c04', null, '{\"createBy\":\"lisi\",\"createId\":\"1\",\"createTime\":1615890551256,\"createWay\":\"0\",\"dateForWeeks\":1609257600000,\"id\":\"4e53d1747d71469fa1ebb27b52ef9c04\",\"isCancel\":\"0\",\"isRecord\":\"0\",\"planForm\":\"李四\",\"schCourseTableBaseId\":\"3\",\"weeks\":18}');
INSERT INTO `wr_log_oper_detail` VALUES ('6e5b7fd51abc4a8d90e5603622563051', 'bca6bde2fc624b8bb9783fd6a2ee3140', '8', '{\"createBy\":\"1\",\"createId\":\"0\",\"createTime\":1591179399000,\"id\":\"8\",\"sysPermissionId\":\"2\",\"sysRoleId\":\"2\"}', null);
INSERT INTO `wr_log_oper_detail` VALUES ('6e7848b5cb3547dea4f7758c395c0cce', '6535f794bccb4252a21a5e4bb5657fa1', '91ae32830eb743f5823d649e99e0f058', '{\"createBy\":\"lisi\",\"createId\":\"1\",\"createTime\":1594865582000,\"createWay\":\"0\",\"id\":\"91ae32830eb743f5823d649e99e0f058\",\"isDelete\":\"0\",\"isLocked\":\"0\",\"questionCode\":\"8\",\"questionDesc\":\"测试222222222222\"}', '{\"deleteTime\":1594865803455,\"id\":\"91ae32830eb743f5823d649e99e0f058\",\"isDelete\":\"1\"}');
INSERT INTO `wr_log_oper_detail` VALUES ('6f1f4eea78f24b1fae86d293a2d98a34', '2bfc9ffc34024044aada7538ddb3f4f6', 'batchInsert', null, '[{\"id\":\"7cad62e7d5c440ea85dcc94b14222be6\",\"passWord\":\"b75190ba58c5d5d4187725863faa1465\",\"personNum\":\"XS201\",\"salt\":\"XS201\",\"sysUserId\":\"3\",\"userName\":\"XS201\"},{\"id\":\"a99b507fa8034cc081a05e5494e951e0\",\"passWord\":\"973583344d33f4e8f8d6cccbffef1fe7\",\"personNum\":\"XS20180180\",\"salt\":\"XS20180180\",\"sysUserId\":\"ad84c30d089744d9b1630e10d23e3fc7\",\"userName\":\"XS20180180\"},{\"id\":\"cd1f4d0d1d0c4d14b0d4c740cdf6db22\",\"passWord\":\"c2f60e53d2f4c95c193670bc53b1ad34\",\"personNum\":\"111111\",\"salt\":\"111111\",\"sysUserId\":\"f2b2607f3dea41509bdef1e2ab1882ce\",\"userName\":\"111111\"}]');
INSERT INTO `wr_log_oper_detail` VALUES ('6f48f488f3d444d4a8f206606fe2f501', 'abe84a1887c049fb907f2d4198547be6', '36', '{\"ascriptionType\":\"2\",\"createBy\":\"1\",\"createId\":\"1\",\"createTime\":1606360116000,\"iconStyle\":\"\",\"iconUrl\":\"\",\"id\":\"36\",\"isDelete\":\"0\",\"isLocked\":\"0\",\"name\":\"XX\",\"parentId\":\"35\",\"parentIds\":\"/0/1/35/\",\"percode\":\"xxx:X\",\"sortNum\":1,\"type\":\"2\",\"url\":\"/xxx/xxx.action\"}', null);
INSERT INTO `wr_log_oper_detail` VALUES ('6f619d2adbe24dde854914d1597bd4ba', 'fcdf3160e003489290fa1aa97c011906', '22', '{\"createBy\":\"lisi\",\"createId\":\"1\",\"createTime\":1606115145000,\"id\":\"22\",\"sysPermissionId\":\"1111\",\"sysRoleId\":\"22\"}', null);
INSERT INTO `wr_log_oper_detail` VALUES ('713711bb46d84db8b78b9a18e18cbfd2', 'e1c3e22b9b5e4d33af22c894881f263a', '2466a4c94de84e9ba6b26e1c82d40f1b', null, '{\"createBy\":\"lisi\",\"createId\":\"1\",\"createTime\":1615890550811,\"createWay\":\"0\",\"dateForWeeks\":1609862400000,\"id\":\"2466a4c94de84e9ba6b26e1c82d40f1b\",\"isCancel\":\"0\",\"isRecord\":\"0\",\"planForm\":\"李四\",\"schCourseTableBaseId\":\"3\",\"weeks\":19}');
INSERT INTO `wr_log_oper_detail` VALUES ('71ffc964bbf84949b665f9f29feec87d', '451239c9d33c413880923a58c82fefeb', 'e1708e5ce6bf46eeb1c4bea3bb849d00', null, '{\"createBy\":\"lisi\",\"createId\":\"1\",\"createTime\":1615864266046,\"createWay\":\"0\",\"dateForWeeks\":1602000000000,\"id\":\"e1708e5ce6bf46eeb1c4bea3bb849d00\",\"isCancel\":\"0\",\"isRecord\":\"0\",\"planForm\":\"李四\",\"schCourseTableBaseId\":\"3\",\"weeks\":6}');
INSERT INTO `wr_log_oper_detail` VALUES ('72609859427b43548299193a5531b15c', 'e05fe1ef8de04f2593ad3a6b5f2f04a2', 'f36b67ddef7a417480fb1a5f16488002', null, '{\"ascriptionType\":\"1\",\"createBy\":\"lisi\",\"createId\":\"1\",\"iconStyle\":\"iconStyle\",\"iconUrl\":\"iconUrl\",\"id\":\"f36b67ddef7a417480fb1a5f16488002\",\"isLocked\":\"0\",\"name\":\"测试菜单\",\"parentId\":\"29\",\"parentIds\":\"0/1/29\",\"percode\":\"ceshi:query\",\"sortNum\":3,\"type\":\"2\",\"url\":\"/ceshi/ceshi.action\"}');
INSERT INTO `wr_log_oper_detail` VALUES ('729956e531634431966faf1fa26bcef8', '764839f602e14d148550bba00eab3749', 'b9126edbc8df4361ad7ae6644f7da8b8', null, '{\"createBy\":\"lisi\",\"createId\":\"1\",\"id\":\"b9126edbc8df4361ad7ae6644f7da8b8\",\"parentId\":\"0\",\"parentIds\":\"/0/\",\"parentSpaceCode\":\"/\",\"parentSpaceCodes\":\"/\",\"parentSpaceName\":\"/\",\"parentSpaceNames\":\"/\",\"sortNum\":1,\"spaceCode\":\"ZJCMXY\",\"spaceName\":\"浙江传媒学院\",\"spaceType\":\"1\"}');
INSERT INTO `wr_log_oper_detail` VALUES ('72e6145ddbdb4b5590253535bbf766b2', 'f18cc234c474454ab6f749495b7fb5cf', '3', '{\"createBy\":\"李四\",\"createId\":\"1\",\"createTime\":1604563303000,\"id\":\"3\",\"isDelete\":\"0\",\"parentId\":\"1\",\"parentIds\":\"/0/1/\",\"parentSpaceCode\":\"ZJCMXY\",\"parentSpaceCodes\":\"/ZJCMXY/\",\"parentSpaceName\":\"浙江传媒学院\",\"parentSpaceNames\":\"/浙江传媒学院/\",\"sortNum\":1,\"spaceCode\":\"TXXQ\",\"spaceName\":\"桐乡校区\",\"spaceType\":\"2\"}', '{\"id\":\"3\",\"parentId\":\"1\",\"sortNum\":1,\"spaceCode\":\"TXXQ\",\"spaceName\":\"桐乡校区\",\"spaceType\":\"2\"}');
INSERT INTO `wr_log_oper_detail` VALUES ('73367637799d48a78c72254dd085600e', 'c44b73dac8674782bc1e12a3a432ea7b', '33', '{\"createBy\":\"33\",\"createId\":\"33\",\"createTime\":1606101227000,\"id\":\"33\",\"sysPermissionId\":\"33\",\"sysRoleId\":\"66\"}', null);
INSERT INTO `wr_log_oper_detail` VALUES ('7485bd8d76ea43efada98cdeaba08f64', 'b5893af5102c4ec1b1fc11714d0927bf', '8199854f6fb2421fb4024d5ddb9f4f91', null, '{\"createBy\":\"lisi\",\"createId\":\"1\",\"createTime\":1614738004449,\"createWay\":\"1\",\"id\":\"8199854f6fb2421fb4024d5ddb9f4f91\",\"parentId\":\"9\",\"parentIds\":\"/0/1/2/4/9/\",\"parentSpaceCode\":\"3F\",\"parentSpaceCodes\":\"/ZJCMXY/XSXQ/JXL1/3F/\",\"parentSpaceName\":\"3F\",\"parentSpaceNames\":\"/浙江传媒学院/下沙校区/第一教学楼/3F/\",\"remark\":\"教室节点\",\"sortNum\":2,\"spaceCode\":\"402\",\"spaceName\":\"402\",\"spaceType\":\"5\"}');
INSERT INTO `wr_log_oper_detail` VALUES ('74aa09590d0b4a42a41184e40a9c0c51', '239d77bbf7154bc0bbaec1e65ce9349b', '6635bcab1cc94652a90dcc68be315513', null, '{\"createBy\":\"lisi\",\"createId\":\"1\",\"id\":\"6635bcab1cc94652a90dcc68be315513\",\"parentId\":\"485d7943066f41a28261a2a4274da1af\",\"parentIds\":\"/0/b9126edbc8df4361ad7ae6644f7da8b8/485d7943066f41a28261a2a4274da1af/\",\"parentSpaceCode\":\"TXXQ\",\"parentSpaceCodes\":\"/ZJCMXY/TXXQ/\",\"parentSpaceName\":\"桐乡校区\",\"parentSpaceNames\":\"/浙江传媒学院/桐乡校区/\",\"sortNum\":1,\"spaceCode\":\"JXLA\",\"spaceName\":\"教学楼A\",\"spaceType\":\"3\"}');
INSERT INTO `wr_log_oper_detail` VALUES ('750ad66234d347f7bdcc85232b09e32c', '143cb19bc7044cebbc674dfcfa475301', 'fd040404cb344e0e8d7dc098668e8cbf', '{\"createBy\":\"记得填充\",\"createId\":\"记得填充\",\"createTime\":1592061622000,\"id\":\"fd040404cb344e0e8d7dc098668e8cbf\",\"sysPermissionId\":\"29\",\"sysRoleId\":\"3\"}', null);
INSERT INTO `wr_log_oper_detail` VALUES ('75269324121244f09abc8364fc4498ef', '642c91319e1648c19041522c99f8deb1', '62cf5a44818747719fd60c7e53f4a304', null, '{\"createBy\":\"lisi\",\"createId\":\"1\",\"createTime\":1614678141460,\"createWay\":\"1\",\"id\":\"62cf5a44818747719fd60c7e53f4a304\",\"parentId\":\"5877fea1b40049758dd5789391ca1ecc\",\"parentIds\":\"/0/1/5877fea1b40049758dd5789391ca1ecc/\",\"parentSpaceCode\":\"XSXQ\",\"parentSpaceCodes\":\"/ZJCMXY/XSXQ/\",\"parentSpaceName\":\"下沙校区\",\"parentSpaceNames\":\"/浙江传媒学院/下沙校区/\",\"remark\":\"楼宇节点\",\"sortNum\":1,\"spaceCode\":\"JXLA\",\"spaceName\":\"教学楼A\",\"spaceType\":\"3\"}');
INSERT INTO `wr_log_oper_detail` VALUES ('75a020a66cab4d6e9149306993618e13', '5c3b8ea715ff4e5d8b7a707d43775a80', '7a3abc6a61e64bac9cf83f952e536254', '{\"albumImgUrl\":\"albumImg/defaultAlbumImg.png\",\"classId\":\"161\",\"createBy\":\"lisi\",\"createId\":\"1\",\"createTime\":1606038514000,\"createWay\":\"0\",\"djsTime\":0,\"endTime\":1596338970000,\"examStatus\":\"0\",\"examSubjectsName\":\"熠彤.白\",\"examineeCount\":661,\"hallCode\":\"87709\",\"id\":\"7a3abc6a61e64bac9cf83f952e536254\",\"invigilatorsLoginTime\":319,\"isDelete\":\"0\",\"showAlbum\":\"1\",\"startTime\":1596252570000,\"studentLoginTime\":278}', null);
INSERT INTO `wr_log_oper_detail` VALUES ('75acf1bdcbef49369070248a8b56e101', '2f59babf0333468280dfee3d5dcc6229', '4b793aac5a8a448a9f54045236f6bf4b', null, '{\"createBy\":\"lisi\",\"createId\":\"1\",\"createTime\":1615896212682,\"createWay\":\"0\",\"dateForWeeks\":1609862400000,\"id\":\"4b793aac5a8a448a9f54045236f6bf4b\",\"isCancel\":\"0\",\"isRecord\":\"0\",\"planCreator\":\"李四\",\"planForm\":\"1_1\",\"schCourseTableBaseId\":\"3\",\"weeks\":19}');
INSERT INTO `wr_log_oper_detail` VALUES ('76c5714faf744cefb3c46f9aef89d4a6', 'cdee9a877b8c4cfba68dab0799d59082', '6', '{\"createBy\":\"1\",\"createId\":\"0\",\"createTime\":1591179399000,\"id\":\"6\",\"sysPermissionId\":\"13\",\"sysRoleId\":\"1\"}', null);
INSERT INTO `wr_log_oper_detail` VALUES ('771f5d8c43fc4bd58238730c9bdb35e9', 'cec40f38210a4d409cff5d440eef1b94', 'ad84c30d089744d9b1630e10d23e3fc7', null, '{\"age\":16,\"createBy\":\"记得填充\",\"createId\":\"记得填充\",\"email\":\"wangwu@xo.com\",\"headImgUrl\":\"group1/M00/00/00/wKisFFpBG9eAHaQvAAAWKd1hQR4158_big.jpg\",\"id\":\"ad84c30d089744d9b1630e10d23e3fc7\",\"passWord\":\"jfsljfjejgfjwgdkjsbfsjekfes\",\"personName\":\"王五\",\"personNum\":\"XS20180180\",\"profile\":\"你好，我是王五\",\"sex\":\"1\",\"telephone\":\"15920145652\",\"userName\":\"wangwu\"}');
INSERT INTO `wr_log_oper_detail` VALUES ('788ba8403b3b47dabfc8c22d78ac47de', 'ac78318c72884188b2216a6302befb38', '222', '{\"birthday\":1606060800000,\"createBy\":\"lisi\",\"createId\":\"0\",\"createTime\":1606127710000,\"createWay\":\"0\",\"headImgUrl\":\"\",\"id\":\"222\",\"isDelete\":\"0\",\"isLocked\":\"0\",\"isRegistered\":\"-1\",\"nickname\":\"\",\"personName\":\"爱丽丝\",\"personNum\":\"1111112\",\"position\":\"\",\"profile\":\"\",\"sex\":\"\"}', '{\"id\":\"222\",\"isRegistered\":\"-1\"}');
INSERT INTO `wr_log_oper_detail` VALUES ('789e1c9373dd46c3a72a08460ec30a88', '188ee7edbf324837ac8e2f0223c66277', 'f36b67ddef7a417480fb1a5f16488007', '{\"ascriptionType\":\"0\",\"createBy\":\"0\",\"createId\":\"0\",\"createTime\":1606098471000,\"iconStyle\":\"\",\"iconUrl\":\"\",\"id\":\"f36b67ddef7a417480fb1a5f16488007\",\"isDelete\":\"0\",\"isLocked\":\"0\",\"name\":\"0\",\"parentId\":\"35\",\"parentIds\":\"0\",\"percode\":\"0\",\"sortNum\":0,\"type\":\"0\",\"url\":\"0\"}', null);
INSERT INTO `wr_log_oper_detail` VALUES ('78fe3aa0aa7041d985f50a61cd0fa216', 'e1c3e22b9b5e4d33af22c894881f263a', 'b84846e37fa04ee99d18ddff5de86719', null, '{\"createBy\":\"lisi\",\"createId\":\"1\",\"createTime\":1615890550811,\"createWay\":\"0\",\"dateForWeeks\":1602086400000,\"id\":\"b84846e37fa04ee99d18ddff5de86719\",\"isCancel\":\"0\",\"isRecord\":\"1\",\"planForm\":\"李四\",\"schCourseTableBaseId\":\"4\",\"weeks\":6}');
INSERT INTO `wr_log_oper_detail` VALUES ('7a68425e4ae04a3a96bd660e22ab6bc2', '350e146a9cb343b893a8b08db132e2c0', '21', '{\"ascriptionType\":\"1\",\"createBy\":\"1\",\"createId\":\"0\",\"createTime\":1573108029000,\"iconStyle\":\"\",\"iconUrl\":\"\",\"id\":\"21\",\"isDelete\":\"0\",\"isLocked\":\"0\",\"name\":\"用户管理\",\"parentId\":\"2\",\"parentIds\":\"/0/1/2/\",\"percode\":\"1\",\"remark\":\"\",\"sortNum\":2,\"type\":\"2\",\"url\":\"/user/query.action\"}', null);
INSERT INTO `wr_log_oper_detail` VALUES ('7c5cef753a68454d8c215acadde62f6c', 'bca6bde2fc624b8bb9783fd6a2ee3140', '1', '{\"createBy\":\"1\",\"createId\":\"0\",\"createTime\":1591179399000,\"id\":\"1\",\"sysPermissionId\":\"12\",\"sysRoleId\":\"1\"}', null);
INSERT INTO `wr_log_oper_detail` VALUES ('7c69264bdabf4c1798de5530fa8268d4', '020c3c03b3204d0b889abca58b3c44b2', 'a281ca7b2a034fa59d112c43605dec01', '{\"courseCode\":\"XXXXX\",\"courseName\":\"XXXXX\",\"courseType\":\"2\",\"createBy\":\"lisi\",\"createId\":\"1\",\"createTime\":1606987108000,\"createWay\":\"0\",\"endTime\":1606961644000,\"id\":\"a281ca7b2a034fa59d112c43605dec01\",\"isDelete\":\"0\",\"peopleNum\":10,\"schCourseCategoryId\":\"x\",\"schSpaceId\":\"x\",\"sectionNum\":\"/X/X/\",\"startTime\":1606961639000,\"sysDepartmentId\":\"x\",\"sysUserId\":\"x\",\"week\":5,\"weeks\":\"/X/X/X/X/\"}', '{\"courseCode\":\"-\",\"courseName\":\"-\",\"courseType\":\"-\",\"endTime\":1606961644000,\"id\":\"a281ca7b2a034fa59d112c43605dec01\",\"peopleNum\":10,\"schCourseCategoryId\":\"-\",\"schSpaceId\":\"-\",\"sectionNum\":\"/-/-/\",\"startTime\":1606961639000,\"sysDepartmentId\":\"-\",\"sysUserId\":\"-\",\"week\":5,\"weeks\":\"-\"}');
INSERT INTO `wr_log_oper_detail` VALUES ('7cc5a27581714909af33a3d5a967c490', '2f59babf0333468280dfee3d5dcc6229', 'a85f31cd1d1448cc8545bc87e1eb5bdd', null, '{\"createBy\":\"lisi\",\"createId\":\"1\",\"createTime\":1615896212682,\"createWay\":\"0\",\"dateForWeeks\":1602000000000,\"id\":\"a85f31cd1d1448cc8545bc87e1eb5bdd\",\"isCancel\":\"0\",\"isRecord\":\"0\",\"planCreator\":\"李四\",\"planForm\":\"1_1\",\"schCourseTableBaseId\":\"3\",\"weeks\":6}');
INSERT INTO `wr_log_oper_detail` VALUES ('7d2f49aa75664de1898d0157f695d664', 'a616698d03224c049cd70dbb7f0c9431', '6d862bb69d6a42348bac7180e0e61bc9', null, '{\"createBy\":\"lisi\",\"createId\":\"1\",\"createTime\":1615803141656,\"createWay\":\"0\",\"dateForWeeks\":1599494400000,\"id\":\"6d862bb69d6a42348bac7180e0e61bc9\",\"isCancel\":\"0\",\"isRecord\":\"1\",\"planForm\":\"李四\",\"schCourseTableBaseId\":\"2\",\"weeks\":2}');
INSERT INTO `wr_log_oper_detail` VALUES ('7fa921542eb54a239eac78ca63d32d3c', '8451e52f8e0e4ea19b6e32d94e8b8c49', '1', '{\"createTime\":1594606436000,\"id\":\"1\",\"isDelete\":\"0\",\"isLocked\":\"0\",\"passWord\":\"0c1b64535abaa1e871009019c6bcde0e\",\"personNum\":\"XS20180112\",\"remark\":\"\",\"salt\":\"lisi\",\"sysUserId\":\"1\",\"userEmail\":\"workmail2018@126.com\",\"userMobile\":\"\",\"userName\":\"lisi\"}', '{\"id\":\"1\",\"userEmail\":\"\"}');
INSERT INTO `wr_log_oper_detail` VALUES ('7fcb35ddaa614b6dad25273c29d2a24e', '85a1d62b0a74478db38593f8fe090a58', '558330104331416aba3f09b75c557597', '{\"abnormalMillis\":\"\",\"abnormalTime\":1606032740000,\"createBy\":\"lisi\",\"createId\":\"1\",\"createTime\":1606038678000,\"createWay\":\"0\",\"examAbnormal\":\"0\",\"examinationHallCode\":\"xs0003\",\"examinationHallId\":\"7a3abc6a61e64bac9cf83f952e536256\",\"examineeId\":\"3c7c13c4fd994234964d45924c448624\",\"id\":\"558330104331416aba3f09b75c557597\",\"isDelete\":\"0\",\"originalFile\":\"\",\"studentCode\":\"JJJJJJJJJ\",\"videoCoverImg\":\"\",\"videoDuration\":\"\",\"videoName\":\"\",\"videoPath\":\"\",\"videoStatus\":\"\",\"watchCount\":26}', null);
INSERT INTO `wr_log_oper_detail` VALUES ('7fe330cca2454949a1e21c13b1ead204', '554bd90fb0a64085a055162178c1d65f', '42', '{\"ascriptionType\":\"2\",\"createBy\":\"1\",\"createId\":\"1\",\"createTime\":1606379023000,\"iconStyle\":\"\",\"iconUrl\":\"\",\"id\":\"42\",\"isDelete\":\"0\",\"isLocked\":\"0\",\"name\":\"XX\",\"parentId\":\"35\",\"parentIds\":\"/0/1/41/\",\"percode\":\"xxx:XXxXx\",\"sortNum\":1,\"type\":\"2\",\"url\":\"/xxx/xxx.action\"}', null);
INSERT INTO `wr_log_oper_detail` VALUES ('7fff036354d24ce286527c3f2ca6dbce', '0efbf02574164ba98d13b35e3a3eb19b', 'f2418d0da6294f998ac4f8d9244178d5', '{\"className\":\"一年级\",\"createBy\":\"lisi\",\"createId\":\"1\",\"createTime\":1606814218000,\"createWay\":\"0\",\"gradeName\":1,\"gradeYear\":2012,\"id\":\"f2418d0da6294f998ac4f8d9244178d5\",\"isDelete\":\"0\"}', '{\"className\":\"9999\",\"gradeName\":9,\"gradeYear\":9999,\"id\":\"f2418d0da6294f998ac4f8d9244178d5\"}');
INSERT INTO `wr_log_oper_detail` VALUES ('80289ded473546da9444283a974739e6', '767022a2e7ad41a39233aa432c1fb542', 'b9126edbc8df4361ad7ae6644f7da8b8', '{\"createBy\":\"lisi\",\"createId\":\"1\",\"createTime\":1605576682000,\"id\":\"b9126edbc8df4361ad7ae6644f7da8b8\",\"isDelete\":\"0\",\"parentId\":\"0\",\"parentIds\":\"/0/\",\"parentSpaceCode\":\"/\",\"parentSpaceCodes\":\"/\",\"parentSpaceName\":\"/\",\"parentSpaceNames\":\"/\",\"sortNum\":1,\"spaceCode\":\"HBZFZYXY\",\"spaceName\":\"河北政法职业学院\",\"spaceType\":\"1\"}', '{\"id\":\"b9126edbc8df4361ad7ae6644f7da8b8\",\"parentId\":\"0\",\"sortNum\":1,\"spaceCode\":\"HBZFZYXY\",\"spaceName\":\"河北政法职业学院\",\"spaceType\":\"1\"}');
INSERT INTO `wr_log_oper_detail` VALUES ('816b1a275155421fb3e4d1792e9e3d54', '56780fcfeea64a20801f985d2d0a515d', '11', '{\"createBy\":\"1\",\"createId\":\"1\",\"createTime\":1592059009000,\"id\":\"11\",\"sysPermissionId\":\"27\",\"sysRoleId\":\"3\"}', null);
INSERT INTO `wr_log_oper_detail` VALUES ('8178a889a89a476289936b5f7926b219', '07a86eaa6631424ba9bae660a05f0512', '1', '{\"createTime\":1594606436000,\"id\":\"1\",\"isDelete\":\"0\",\"isLocked\":\"0\",\"passWord\":\"0c1b64535abaa1e871009019c6bcde0e\",\"personNum\":\"XS20180112\",\"remark\":\"\",\"salt\":\"lisi\",\"sysUserId\":\"1\",\"userEmail\":\"1111\",\"userMobile\":\"\",\"userName\":\"lisi\"}', '{\"id\":\"1\",\"userEmail\":\"NULL\"}');
INSERT INTO `wr_log_oper_detail` VALUES ('8305bdb9909c48408ee49b24ffae99bb', '4bf8a6d4d3f44577ba11a6d19abd0da3', '558330104331416aba3f09b75c557594', '{\"abnormalMillis\":\"\",\"abnormalTime\":1606032740000,\"createBy\":\"lisi\",\"createId\":\"1\",\"createTime\":1606035960000,\"createWay\":\"0\",\"examAbnormal\":\"0\",\"examinationHallCode\":\"xs0003\",\"examinationHallId\":\"3\",\"examineeId\":\"4273f8f3314d4668b56e0b1ba6ca8c71\",\"id\":\"558330104331416aba3f09b75c557594\",\"isDelete\":\"0\",\"originalFile\":\"\",\"studentCode\":\"JJJJJJJJJ\",\"videoCoverImg\":\"\",\"videoDuration\":\"\",\"videoName\":\"\",\"videoPath\":\"\",\"videoStatus\":\"\",\"watchCount\":26}', null);
INSERT INTO `wr_log_oper_detail` VALUES ('849aeb90c201454e9b302885c4e9922c', 'b84237457aad4c0aadffd7d6be3e1cb0', '39aaa2f73fdc4add9ce3d1addeaab44a', null, '{\"createBy\":\"lisi\",\"createId\":\"1\",\"id\":\"39aaa2f73fdc4add9ce3d1addeaab44a\",\"parentId\":\"7\",\"parentIds\":\"0/1/2/4/7\",\"sortNum\":1,\"spaceAlias\":\"我是别名哦\",\"spaceCode\":\"JX102645\",\"spaceName\":\"测试空间名称\",\"spaceType\":\"5\"}');
INSERT INTO `wr_log_oper_detail` VALUES ('8502ff97d4b544719af39ee4b224140a', 'bca6bde2fc624b8bb9783fd6a2ee3140', '91909ae053db4880a5b19192e369d9d1', '{\"createBy\":\"记得填充\",\"createId\":\"记得填充\",\"createTime\":1592061927000,\"id\":\"91909ae053db4880a5b19192e369d9d1\",\"sysPermissionId\":\"21\",\"sysRoleId\":\"3\"}', null);
INSERT INTO `wr_log_oper_detail` VALUES ('85c2d69f80dc46eaaecf40fd1a1678da', '554bd90fb0a64085a055162178c1d65f', '40', '{\"ascriptionType\":\"2\",\"createBy\":\"1\",\"createId\":\"1\",\"createTime\":1606378951000,\"iconStyle\":\"\",\"iconUrl\":\"\",\"id\":\"40\",\"isDelete\":\"0\",\"isLocked\":\"0\",\"name\":\"XXX\",\"parentId\":\"36\",\"parentIds\":\"/0/1/38/39/\",\"percode\":\"xxx:XXX\",\"sortNum\":1,\"type\":\"button\",\"url\":\"/xxx/xxx.action\"}', null);
INSERT INTO `wr_log_oper_detail` VALUES ('869d113c340b460ba40fc9b6c758824a', '64e50443f7e74846b2468907974d8b34', '1', '{\"createTime\":1594606436000,\"id\":\"1\",\"isDelete\":\"0\",\"isLocked\":\"0\",\"passWord\":\"0c1b64535abaa1e871009019c6bcde0e\",\"personNum\":\"XS20180112\",\"remark\":\"\",\"salt\":\"lisi\",\"sysUserId\":\"1\",\"userEmail\":\"1workmail2018@126.com\",\"userMobile\":\"\",\"userName\":\"lisi\"}', '{\"id\":\"1\",\"userEmail\":\"workmail2018@126.com\"}');
INSERT INTO `wr_log_oper_detail` VALUES ('880ee8633cc04bf6ab4b131a43e6f485', '328332adc3e64410a51d00180bf5073a', '1dc1e4166284434ea527f22923b14e11', null, '{\"createBy\":\"lisi\",\"createId\":\"1\",\"id\":\"1dc1e4166284434ea527f22923b14e11\",\"sysRoleId\":\"44\",\"sysUserId\":\"23\"}');
INSERT INTO `wr_log_oper_detail` VALUES ('88c70001e8cf4b3d8ca80251a87f30c9', '123e95b8a5b74477acf2b631d78a4c16', 'f559ee229d64409498d971d02129ed0d', null, '{\"age\":12,\"birthday\":1549382400000,\"createBy\":\"lisi\",\"createId\":\"1\",\"createTime\":1612499931793,\"createWay\":\"1\",\"headImgUrl\":\"/headImg/defaultHeadImg.jpg\",\"id\":\"f559ee229d64409498d971d02129ed0d\",\"nickname\":\"测试昵称1\",\"personName\":\"测试姓名1\",\"personNum\":\"100000001\",\"position\":\"测试职位1\",\"profile\":\"测试个人简介1\",\"sex\":\"1\"}');
INSERT INTO `wr_log_oper_detail` VALUES ('8b2799e8c85042a1985f95e955859cf7', '0db9b732002f4738b61e4670058f58f3', '38', '{\"ascriptionType\":\"2\",\"createBy\":\"1\",\"createId\":\"1\",\"createTime\":1606378854000,\"iconStyle\":\"\",\"iconUrl\":\"\",\"id\":\"38\",\"isDelete\":\"0\",\"isLocked\":\"0\",\"name\":\"X\",\"parentId\":\"1\",\"parentIds\":\"/0/1/\",\"percode\":\"X\",\"sortNum\":1,\"type\":\"1\",\"url\":\"/xxx/xxx\"}', null);
INSERT INTO `wr_log_oper_detail` VALUES ('8b44b85026fc4748b431cfe09ca9c6b0', 'c65159ad22224f999c574267e5a5304b', 'b9126edbc8df4361ad7ae6644f7da8b8', '{\"createBy\":\"lisi\",\"createId\":\"1\",\"createTime\":1605576682000,\"id\":\"b9126edbc8df4361ad7ae6644f7da8b8\",\"isDelete\":\"0\",\"parentId\":\"0\",\"parentIds\":\"/0/\",\"parentSpaceCode\":\"/\",\"parentSpaceCodes\":\"/\",\"parentSpaceName\":\"/\",\"parentSpaceNames\":\"/\",\"sortNum\":1,\"spaceCode\":\"HBZFZYXY\",\"spaceName\":\"河北政法职业学院\",\"spaceType\":\"1\"}', '{\"id\":\"b9126edbc8df4361ad7ae6644f7da8b8\",\"parentId\":\"0\",\"sortNum\":1,\"spaceCode\":\"HBZFZYXY\",\"spaceName\":\"河北政法职业学院\",\"spaceType\":\"1\"}');
INSERT INTO `wr_log_oper_detail` VALUES ('8b88583518594104994d145a74f9c6fe', 'cc48d8cdaf6c4cd3b428e80575f25ca6', '2e5443e12f254102b18615cc02952175', null, '{\"createBy\":\"lisi\",\"createId\":\"1\",\"id\":\"2e5443e12f254102b18615cc02952175\",\"sysRoleId\":\"1\",\"sysUserId\":\"bf9532b3bc3940b88c9aebb3e6c7a2fe\"}');
INSERT INTO `wr_log_oper_detail` VALUES ('8be7256c1ff148b4807c3c89b8a3dc3f', 'fc6b3460d35749e48204a3634385f16d', '05bd50854da04551b7221ab16fd3ef48', null, '{\"accessPwd\":\"12345\",\"accessUser\":\"admin\",\"connectStatus\":\"1\",\"createBy\":\"lisi\",\"createId\":\"1\",\"deviceName\":\"讲台计算机\",\"deviceType\":\"2\",\"flvGetUrl\":\"/live/101_3.flv\",\"hlsGetUrl\":\"/live/101_3.m3u8\",\"id\":\"05bd50854da04551b7221ab16fd3ef48\",\"ipAddr\":\"192.168.1.100\",\"isActive\":\"1\",\"isEnableControl\":\"0\",\"isSupportControl\":\"0\",\"rtmpGetUrl\":\"/live/101_3\",\"schoolSpaceId\":\"10\",\"serialNumber\":\"76481-640-8834005-12569\"}');
INSERT INTO `wr_log_oper_detail` VALUES ('8bfa2b9460a9481098bebcbdbc3de947', 'edf9bff908e94d959b562998ba33184d', 'fa7a004648324c8d9c7e9728aa22bf7a', null, '{\"createBy\":\"lisi\",\"createId\":\"1\",\"createTime\":1614740812354,\"createWay\":\"1\",\"id\":\"fa7a004648324c8d9c7e9728aa22bf7a\",\"parentId\":\"9\",\"parentIds\":\"/0/1/2/4/9/\",\"parentSpaceCode\":\"3F\",\"parentSpaceCodes\":\"/ZJCMXY/XSXQ/JXL1/3F/\",\"parentSpaceName\":\"3F\",\"parentSpaceNames\":\"/浙江传媒学院/下沙校区/第一教学楼/3F/\",\"remark\":\"教室节点\",\"sortNum\":1,\"spaceCode\":\"401\",\"spaceName\":\"401\",\"spaceType\":\"5\"}');
INSERT INTO `wr_log_oper_detail` VALUES ('8c345e4f51b541338eaa697083902e79', 'bca6bde2fc624b8bb9783fd6a2ee3140', '4', '{\"createBy\":\"1\",\"createId\":\"0\",\"createTime\":1591179399000,\"id\":\"4\",\"sysPermissionId\":\"15\",\"sysRoleId\":\"1\"}', null);
INSERT INTO `wr_log_oper_detail` VALUES ('8c6fab74df3448489eedfdf6e1a5f165', '90fb95e2dfd14ebdb0ea73cb1d139066', 'b9126edbc8df4361ad7ae6644f7da8b8', '{\"createBy\":\"lisi\",\"createId\":\"1\",\"createTime\":1605576682000,\"id\":\"b9126edbc8df4361ad7ae6644f7da8b8\",\"isDelete\":\"0\",\"parentId\":\"0\",\"parentIds\":\"/0/\",\"parentSpaceCode\":\"/\",\"parentSpaceCodes\":\"/\",\"parentSpaceName\":\"/\",\"parentSpaceNames\":\"/\",\"sortNum\":1,\"spaceCode\":\"HBZFZYXY\",\"spaceName\":\"河北政法职业学院\",\"spaceType\":\"1\"}', '{\"id\":\"b9126edbc8df4361ad7ae6644f7da8b8\",\"parentId\":\"0\",\"sortNum\":1,\"spaceCode\":\"HBZFZYXY\",\"spaceName\":\"河北政法职业学院\",\"spaceType\":\"1\"}');
INSERT INTO `wr_log_oper_detail` VALUES ('8cc719e1605645f1a88c7feef8d00426', 'd12c68b708d34c99a966d5ab77de941d', '3d429848f1564d44b66f389e734a8bad', null, '{\"createBy\":\"lisi\",\"createId\":\"1\",\"id\":\"3d429848f1564d44b66f389e734a8bad\",\"parentId\":\"1\",\"parentIds\":\"/0/1/\",\"parentSpaceCode\":\"ZJCMXY\",\"parentSpaceCodes\":\"/ZJCMXY/\",\"parentSpaceName\":\"浙江传媒学院\",\"parentSpaceNames\":\"/浙江传媒学院/\",\"sortNum\":2,\"spaceCode\":\"BBXQ\",\"spaceName\":\"本部校区\",\"spaceType\":\"2\"}');
INSERT INTO `wr_log_oper_detail` VALUES ('8cddf7c44ca44e91b17081136e6499ca', '19896a3bbc984647892eca6f2b530988', '6cedc90a83044f2d9d6397b765df2ddb', null, '{\"createBy\":\"lisi\",\"createId\":\"1\",\"id\":\"6cedc90a83044f2d9d6397b765df2ddb\",\"sysRoleId\":\"44\",\"sysUserId\":\"22\"}');
INSERT INTO `wr_log_oper_detail` VALUES ('8cf1e5e88c804b31ac834e1f7ce2f09c', '1d8c30e63629412bade0a26a27dbfd54', '3c7c13c4fd994234964d45924c44862d', '{\"createBy\":\"lisi\",\"createId\":\"1\",\"createTime\":1597146450000,\"createWay\":\"0\",\"examinationHallCode\":\"xs0002\",\"examinationHallId\":\"2\",\"id\":\"3c7c13c4fd994234964d45924c44862d\",\"isDelete\":\"0\",\"liveAddressPull\":\"http://192.168.1.136:8080/live/xs0002_XS00004.flv\",\"liveAddressPush\":\"rtmp://192.168.1.136:1935/live/xs0002_XS00004\",\"studentCode\":\"XS00004\",\"studentName\":\"李四4\",\"studentStatus\":\"0\"}', '{\"id\":\"3c7c13c4fd994234964d45924c44862d\",\"studentCode\":\"XS00005\",\"studentName\":\"李四5\"}');
INSERT INTO `wr_log_oper_detail` VALUES ('8d955f8cad11483a805bad50ec271473', 'cc48d8cdaf6c4cd3b428e80575f25ca6', '5be26d4f080f47b0959adc5f39f936c6', null, '{\"createBy\":\"lisi\",\"createId\":\"1\",\"id\":\"5be26d4f080f47b0959adc5f39f936c6\",\"sysRoleId\":\"2\",\"sysUserId\":\"bf9532b3bc3940b88c9aebb3e6c7a2fe\"}');
INSERT INTO `wr_log_oper_detail` VALUES ('8da52d802c9f4bbeb401c9bcfc94935d', '8c82d467e57d457289e4d128ee2d5ae8', '15', '{\"ascriptionType\":\"1\",\"createBy\":\"1\",\"createId\":\"0\",\"createTime\":1573108029000,\"iconStyle\":\"\",\"iconUrl\":\"\",\"id\":\"15\",\"isDelete\":\"0\",\"isLocked\":\"0\",\"name\":\"商品查询\",\"parentId\":\"11\",\"parentIds\":\"/0/1/2/11/\",\"percode\":\"item:query\",\"remark\":\"\",\"sortNum\":4,\"type\":\"button\",\"url\":\"/item/queryItem.action\"}', null);
INSERT INTO `wr_log_oper_detail` VALUES ('8db1950952b149f888a3f42b8c8f3db5', 'acaf15fbe315455ea9cd488cc302575f', '558330104331416aba3f09b75c557596', null, '{\"createBy\":\"lisi\",\"createId\":\"1\",\"examinationHallCode\":\"xs0003\",\"examinationHallId\":\"3\",\"examineeId\":\"067a07316db14a79b04c36f72bc9adab\",\"id\":\"558330104331416aba3f09b75c557596\",\"studentCode\":\"JJJJJJJJJ\"}');
INSERT INTO `wr_log_oper_detail` VALUES ('8db946fed10f4caead8edcbb28280eb9', '20f06c6fc0044e34b5f549149cdeb471', '91ae32830eb743f5823d649e99e0f058', '{\"createBy\":\"lisi\",\"createId\":\"1\",\"createTime\":1594865582000,\"createWay\":\"0\",\"id\":\"91ae32830eb743f5823d649e99e0f058\",\"isDelete\":\"0\",\"isLocked\":\"0\",\"questionCode\":\"8\",\"questionDesc\":\"测试\"}', '{\"id\":\"91ae32830eb743f5823d649e99e0f058\",\"questionCode\":\"8\",\"questionDesc\":\"测试222222222222\"}');
INSERT INTO `wr_log_oper_detail` VALUES ('8f88392351b1497ba1a2210e60ba78b3', 'a184d49e26654e7c8a7ea10afc69ed20', 'c2ab26e2987c4d5ebc1621b1fd696be0', null, '{\"id\":\"c2ab26e2987c4d5ebc1621b1fd696be0\",\"passWord\":\"1454382458861808f1237297e9c72fd4\",\"personNum\":\"100000003\",\"salt\":\"100000003\",\"sysUserId\":\"697c166d34c94be9a7c99ea5d68c70d8\",\"userName\":\"100000003\"}');
INSERT INTO `wr_log_oper_detail` VALUES ('8fadd402fa5645a5a6916ee50fef4c8e', '2d85c8236d9b46c3b7ce92251925d7e4', '3c7c13c4fd994234964d45924c448622', '{\"createBy\":\"lisi\",\"createId\":\"1\",\"createTime\":1606038595000,\"createWay\":\"0\",\"examAbnormal\":\"0\",\"examinationHallCode\":\"xs0002\",\"examinationHallId\":\"7a3abc6a61e64bac9cf83f952e536254\",\"exitTime\":1606038594000,\"id\":\"3c7c13c4fd994234964d45924c448622\",\"isDelete\":\"0\",\"liveAddressPull\":\"/live/xs0002_XS00004.flv\",\"liveAddressPush\":\"/live/xs0002_XS00004\",\"loginTime\":1606038591000,\"studentCode\":\"XS20180180\",\"studentName\":\"王五\",\"studentStatus\":\"0\"}', null);
INSERT INTO `wr_log_oper_detail` VALUES ('90a7129b186c4ca695757b22daf6642d', 'a616698d03224c049cd70dbb7f0c9431', '6710d85a823b44d1a8416091ac892657', null, '{\"createBy\":\"lisi\",\"createId\":\"1\",\"createTime\":1615803141656,\"createWay\":\"0\",\"dateForWeeks\":1601913600000,\"id\":\"6710d85a823b44d1a8416091ac892657\",\"isCancel\":\"0\",\"isRecord\":\"1\",\"planForm\":\"李四\",\"schCourseTableBaseId\":\"2\",\"weeks\":6}');
INSERT INTO `wr_log_oper_detail` VALUES ('91b7e7a392804d93b256d079fc7f96b9', '7173a28243f04f34856ee9c1ed91bb40', '22', '{\"createBy\":\"lisi\",\"createId\":\"1\",\"createTime\":1606112080000,\"id\":\"22\",\"sysRoleId\":\"22\",\"sysUserId\":\"22\"}', null);
INSERT INTO `wr_log_oper_detail` VALUES ('92da6e167fe84287b924d74c0958e059', '20a07b78315c4220bd86a2dffd4749e5', '21', '{\"ascriptionType\":\"1\",\"createBy\":\"1\",\"createId\":\"0\",\"createTime\":1573108029000,\"id\":\"21\",\"isDelete\":\"0\",\"isLocked\":\"0\",\"name\":\"用户管理\",\"parentId\":\"2\",\"parentIds\":\"/0/1/2/\",\"sortNum\":2,\"type\":\"2\",\"url\":\"/user/query.action\"}', null);
INSERT INTO `wr_log_oper_detail` VALUES ('92e288954548452898a5c2ca405c42c6', '04201668ddef4be5b1e2c9f9870e4255', '879a5bf2852446ff8345ed69af80334a', null, '{\"connectStatus\":\"0\",\"createBy\":\"lisi\",\"createId\":\"1\",\"createTime\":1615280090734,\"createWay\":\"1\",\"deviceLocation\":\"OT\",\"deviceName\":\"设备合成流\",\"deviceType\":\"overlay\",\"flvGetUrl\":\"/live/ZJCMXY_TXXQ_JXLA_3F_303_OVERLAY.flv\",\"hlsGetUrl\":\"/live/ZJCMXY_TXXQ_JXLA_3F_303_OVERLAY.m3u8\",\"id\":\"879a5bf2852446ff8345ed69af80334a\",\"isActive\":\"0\",\"isEnableControl\":\"0\",\"isSupportAbsoluteMove\":\"0\",\"isSupportContinuousMove\":\"0\",\"isSupportControl\":\"0\",\"rtmpGetUrl\":\"/live/ZJCMXY_TXXQ_JXLA_3F_303_OVERLAY\",\"schSpaceId\":\"d27a14449ba342fbae6232ccc3f9753c\"}');
INSERT INTO `wr_log_oper_detail` VALUES ('935ae83095bb47be9d6da3cbdd7a1c36', '13e7213dc66e4746ae9e8d709b8ced00', '039c2137fcdc479a8c6d4ec6d949cff1', '{\"createBy\":\"记得填充\",\"createId\":\"记得填充\",\"createTime\":1592061622000,\"id\":\"039c2137fcdc479a8c6d4ec6d949cff1\",\"sysPermissionId\":\"28\",\"sysRoleId\":\"3\"}', null);
INSERT INTO `wr_log_oper_detail` VALUES ('9424186b87134a69b86d5d6e379ca670', '952c0256c1d349f1a347e08e5f38b12c', '9ef6d53433044f5fb7e3a0e573e9e586', '{\"accessProtocol\":\"\",\"accessPwd\":\"\",\"accessUser\":\"\",\"connectStatus\":\"0\",\"createBy\":\"lisi\",\"createId\":\"1\",\"createTime\":1605866854000,\"deviceLocation\":\"讲台\",\"deviceName\":\"讲台计算机5\",\"deviceType\":\"2\",\"flvGetUrl\":\"/live/ZJCMXY_XSXQ_JXL1_1F_105_VGA.flv\",\"hlsGetUrl\":\"/live/ZJCMXY_XSXQ_JXL1_1F_105_VGA.m3u8\",\"id\":\"9ef6d53433044f5fb7e3a0e573e9e586\",\"ipAddr\":\"192.168.1.72\",\"isActive\":\"1\",\"isDelete\":\"0\",\"isEnableControl\":\"0\",\"isSupportControl\":\"0\",\"onvifPwd\":\"\",\"onvifUser\":\"\",\"rtmpGetUrl\":\"/live/ZJCMXY_XSXQ_JXL1_1F_105_VGA\",\"rtspUrlMain\":\"3\",\"rtspUrlSub\":\"3\",\"schoolSpaceId\":\"14\",\"serialNumber\":\"22222222\"}', null);
INSERT INTO `wr_log_oper_detail` VALUES ('946136ebbf764620895e03c82d29bb35', 'dcdce67f582b4a97a9e2e29bed3189fd', '558330104331416aba3f09b75c557595', '{\"abnormalMillis\":\"\",\"abnormalTime\":1606032740000,\"createBy\":\"lisi\",\"createId\":\"1\",\"createTime\":1606038668000,\"createWay\":\"0\",\"examAbnormal\":\"0\",\"examinationHallCode\":\"xs0003\",\"examinationHallId\":\"7a3abc6a61e64bac9cf83f952e536254\",\"examineeId\":\"3c7c13c4fd994234964d45924c448622\",\"id\":\"558330104331416aba3f09b75c557595\",\"isDelete\":\"0\",\"originalFile\":\"\",\"studentCode\":\"JJJJJJJJJ\",\"videoCoverImg\":\"\",\"videoDuration\":\"\",\"videoName\":\"\",\"videoPath\":\"\",\"videoStatus\":\"\",\"watchCount\":26}', null);
INSERT INTO `wr_log_oper_detail` VALUES ('967dce50535840d2b8219e39ec24bc87', '185e694744734911b75a6839361c0005', '10a84c4a33784a4cb3b2a1c04fbccb4a', null, '{\"ascriptionType\":\"1\",\"createBy\":\"lisi\",\"createId\":\"1\",\"iconStyle\":\"class\",\"iconUrl\":\"/icons/menuIcon/5bbf1f7c6fc0260157070964c407f179.png\",\"id\":\"10a84c4a33784a4cb3b2a1c04fbccb4a\",\"isLocked\":\"1\",\"name\":\"菜单名称\",\"parentId\":\"1\",\"parentIds\":\"/0/1/\",\"percode\":\"10000\",\"remark\":\"备注\",\"sortNum\":1,\"type\":\"2\",\"url\":\"/*/*\"}');
INSERT INTO `wr_log_oper_detail` VALUES ('975bf5c6a1bd44728de4a73421ba0d56', 'f3af19a206824a1eb90b88932a7e1a7e', '211de64b94cb40158598191baba08cc6', null, '{\"connectStatus\":\"0\",\"createBy\":\"lisi\",\"createId\":\"1\",\"createTime\":1615256190340,\"createWay\":\"1\",\"deviceLocation\":\"PF\",\"deviceName\":\"讲台计算机\",\"deviceType\":\"2\",\"flvGetUrl\":\"/live/ZJCMXY_XSXQ_JXL1_1F_102_VGA.flv\",\"hlsGetUrl\":\"/live/ZJCMXY_XSXQ_JXL1_1F_102_VGA.m3u8\",\"id\":\"211de64b94cb40158598191baba08cc6\",\"ipAddr\":\"192.168.1.129\",\"isActive\":\"1\",\"isEnableControl\":\"0\",\"isSupportAbsoluteMove\":\"0\",\"isSupportContinuousMove\":\"0\",\"isSupportControl\":\"0\",\"remark\":\"讲台计算机设备\",\"rtmpGetUrl\":\"/live/ZJCMXY_XSXQ_JXL1_1F_102_VGA\",\"schSpaceId\":\"11\",\"serialNumber\":\"\"}');
INSERT INTO `wr_log_oper_detail` VALUES ('97905d5c34114266bd5754ba45922c14', '20a07b78315c4220bd86a2dffd4749e5', '13', '{\"ascriptionType\":\"1\",\"createBy\":\"1\",\"createId\":\"0\",\"createTime\":1573108029000,\"id\":\"13\",\"isDelete\":\"0\",\"isLocked\":\"0\",\"name\":\"商品修改\",\"parentId\":\"11\",\"parentIds\":\"/0/1/2/11/\",\"percode\":\"item:update\",\"sortNum\":2,\"type\":\"button\",\"url\":\"/item/editItem.action\"}', null);
INSERT INTO `wr_log_oper_detail` VALUES ('97c4c2f615204349b5e13e8ff969301c', '721184bf34834a2ab02149b419a4b419', 'd2ff0977b5d9431897eddf41a2693577', '{\"answer\":\"不知道2\",\"basicAuthId\":\"2\",\"createBy\":\"lisi\",\"createId\":\"1\",\"createTime\":1606096585000,\"createWay\":\"0\",\"id\":\"d2ff0977b5d9431897eddf41a2693577\",\"isDelete\":\"0\",\"isLocked\":\"0\",\"rank\":2,\"securityQuestionId\":\"5\"}', null);
INSERT INTO `wr_log_oper_detail` VALUES ('9aefa74a963b4188b9d08935dd638a37', 'eeedc5554fcc4fee90a55e67ca4d03d7', 'b9126edbc8df4361ad7ae6644f7da8b8', '{\"createBy\":\"lisi\",\"createId\":\"1\",\"createTime\":1605576682000,\"id\":\"b9126edbc8df4361ad7ae6644f7da8b8\",\"isDelete\":\"0\",\"parentId\":\"0\",\"parentIds\":\"/0/\",\"parentSpaceCode\":\"/\",\"parentSpaceCodes\":\"/\",\"parentSpaceName\":\"/\",\"parentSpaceNames\":\"/\",\"sortNum\":1,\"spaceCode\":\"HBZFZYXY\",\"spaceName\":\"河北政法职业学院\",\"spaceType\":\"1\"}', '{\"id\":\"b9126edbc8df4361ad7ae6644f7da8b8\",\"parentId\":\"0\",\"sortNum\":1,\"spaceCode\":\"HBZFZYXY\",\"spaceName\":\"河北政法职业学院\",\"spaceType\":\"1\"}');
INSERT INTO `wr_log_oper_detail` VALUES ('9b5a8533b2d94a2a92f78a83cb567b0f', '4aaca4b278084bc39243972e35fa1db0', 'batch', null, '[{\"answer\":\"不知道1\",\"basicAuthId\":\"1\",\"createBy\":\"lisi\",\"createId\":\"1\",\"id\":\"9100f13bf2084244a885560817d6456b\",\"rank\":1,\"securityQuestionId\":\"4\"},{\"answer\":\"不知道2\",\"basicAuthId\":\"1\",\"createBy\":\"lisi\",\"createId\":\"1\",\"id\":\"d2ff0977b5d9431897eddf41a2693579\",\"rank\":2,\"securityQuestionId\":\"5\"}]');
INSERT INTO `wr_log_oper_detail` VALUES ('9cc07b50aedd4ad59379b21c8161c49f', 'e61810982bdf4359a62c6c16f13c700a', '92b38b1fdf1e42ee85bf8c56e3f0b58b', '{\"ascriptionType\":\"1\",\"createBy\":\"lisi\",\"createId\":\"1\",\"createTime\":1606720220000,\"createWay\":\"0\",\"depCode\":\"11111\",\"depDesc\":\"1111\",\"depName\":\"1111\",\"depType\":\"1_3\",\"id\":\"92b38b1fdf1e42ee85bf8c56e3f0b58b\",\"isDelete\":\"0\",\"parentId\":\"14\",\"parentIds\":\"/0/1/12/13/\",\"sortNum\":2}', null);
INSERT INTO `wr_log_oper_detail` VALUES ('a0944aac7a854194b001c0f917e4fd1f', '7fd1dbc947924b1e8306c218d331ab14', 'b875f5ff13cf415ba1e9717a65d108a7', null, '{\"createBy\":\"记得填充\",\"createId\":\"记得填充\",\"id\":\"b875f5ff13cf415ba1e9717a65d108a7\",\"sysPermissionId\":\"6\",\"sysRoleId\":\"6\"}');
INSERT INTO `wr_log_oper_detail` VALUES ('a12d226065fc46039ff0a5b05056c96f', 'bca6bde2fc624b8bb9783fd6a2ee3140', '2', '{\"createBy\":\"1\",\"createId\":\"0\",\"createTime\":1591179399000,\"id\":\"2\",\"sysPermissionId\":\"11\",\"sysRoleId\":\"1\"}', null);
INSERT INTO `wr_log_oper_detail` VALUES ('a311479dc168446a973ba2e390af7725', '0e82efea4feb40d79080d5a720bdd3c9', '424febb138c545eea4de6a76f81ccb72', null, '{\"createBy\":\"lisi\",\"createId\":\"1\",\"id\":\"424febb138c545eea4de6a76f81ccb72\",\"parentId\":\"3\",\"parentIds\":\"0/1/3\",\"sortNum\":4,\"spaceAlias\":\"\",\"spaceCode\":\"JXLD\",\"spaceName\":\"教学楼D区\",\"spaceType\":\"3\"}');
INSERT INTO `wr_log_oper_detail` VALUES ('a33e44abf03840058f79f230f09009eb', '52d55e3c952d4f75a7a62d6e93f0501e', 'b17653ea6227498e90c69e2a9634e7ab', null, '{\"createBy\":\"lisi\",\"createId\":\"1\",\"createTime\":1614677977933,\"createWay\":\"1\",\"id\":\"b17653ea6227498e90c69e2a9634e7ab\",\"parentId\":\"1\",\"parentIds\":\"/0/1/\",\"parentSpaceCode\":\"ZJCMXY\",\"parentSpaceCodes\":\"/ZJCMXY/\",\"parentSpaceName\":\"浙江传媒学院\",\"parentSpaceNames\":\"/浙江传媒学院/\",\"remark\":\"校区节点\",\"sortNum\":2,\"spaceCode\":\"TXXQ\",\"spaceName\":\"桐乡校区\",\"spaceType\":\"2\"}');
INSERT INTO `wr_log_oper_detail` VALUES ('a48cd20012684edaa36fdb7d1918d277', '728f19eccaf3430196a4dfd4fdabe678', '1', '{\"createTime\":1594606436000,\"deleteTime\":1595407583000,\"id\":\"1\",\"isDelete\":\"0\",\"isLocked\":\"0\",\"passWord\":\"0c1b64535abaa1e871009019c6bcde0e\",\"personNum\":\"XS20180112\",\"remark\":\"\",\"salt\":\"lisi\",\"sysUserId\":\"1\",\"userEmail\":\"1459953826@qq.com\",\"userMobile\":\"13051028127\",\"userName\":\"lisi\"}', '{\"id\":\"1\",\"userMobile\":\"NULL\"}');
INSERT INTO `wr_log_oper_detail` VALUES ('a5b13cdca85143cd957aed4af4ebc34b', 'eb6ac63856fc4ab79e6bc9aede6ce733', 'd693c0a37932431da3313a84c51b950c', null, '{\"createBy\":\"lisi\",\"createId\":\"1\",\"createTime\":1614678276013,\"createWay\":\"1\",\"id\":\"d693c0a37932431da3313a84c51b950c\",\"parentId\":\"b17653ea6227498e90c69e2a9634e7ab\",\"parentIds\":\"/0/1/b17653ea6227498e90c69e2a9634e7ab/\",\"parentSpaceCode\":\"TXXQ\",\"parentSpaceCodes\":\"/ZJCMXY/TXXQ/\",\"parentSpaceName\":\"桐乡校区\",\"parentSpaceNames\":\"/浙江传媒学院/桐乡校区/\",\"remark\":\"楼宇节点\",\"sortNum\":2,\"spaceCode\":\"FDL\",\"spaceName\":\"奋斗楼\",\"spaceType\":\"3\"}');
INSERT INTO `wr_log_oper_detail` VALUES ('a5c3eb6054d14e92820c34e062192be2', '8c82d467e57d457289e4d128ee2d5ae8', '24', '{\"ascriptionType\":\"1\",\"createBy\":\"1\",\"createId\":\"0\",\"createTime\":1573108029000,\"iconStyle\":\"\",\"iconUrl\":\"\",\"id\":\"24\",\"isDelete\":\"0\",\"isLocked\":\"0\",\"name\":\"用户删除\",\"parentId\":\"21\",\"parentIds\":\"/0/1/2/21/\",\"percode\":\"user:delete\",\"remark\":\"\",\"sortNum\":3,\"type\":\"button\",\"url\":\"/user/delete.action\"}', null);
INSERT INTO `wr_log_oper_detail` VALUES ('a6b6141d5b3a4e3cb01ea0d4dd5f351e', '2cdcca27a63d4b4d9fa1bb0d807d8e5c', '10', '{\"createBy\":\"1\",\"createId\":\"1\",\"createTime\":1592058997000,\"id\":\"10\",\"sysPermissionId\":\"26\",\"sysRoleId\":\"3\"}', null);
INSERT INTO `wr_log_oper_detail` VALUES ('a753873d41414683879df84f7d642b0c', '695de1e65ca24eeea974d9e3f943a209', '7', '{\"createBy\":\"李四\",\"createId\":\"1\",\"createTime\":1604563405000,\"id\":\"7\",\"isDelete\":\"0\",\"parentId\":\"4\",\"parentIds\":\"/0/1/2/4/\",\"parentSpaceCode\":\"JXL1\",\"parentSpaceCodes\":\"/ZJCMXY/XSXQ/JXL1/\",\"parentSpaceName\":\"第一教学楼\",\"parentSpaceNames\":\"/浙江传媒学院/下沙校区/第一教学楼/\",\"sortNum\":1,\"spaceCode\":\"4F\",\"spaceName\":\"4F\",\"spaceType\":\"4\"}', '{\"id\":\"7\",\"parentId\":\"4\",\"sortNum\":1,\"spaceCode\":\"4F\",\"spaceName\":\"4F\",\"spaceType\":\"4\"}');
INSERT INTO `wr_log_oper_detail` VALUES ('a78082f22848434ca73180c138b11e60', 'a459bd4590bd4a91aff05e1ca7210a6c', '2', '{\"ascriptionType\":\"1\",\"createBy\":\"1\",\"createId\":\"0\",\"createTime\":1573203992000,\"id\":\"2\",\"isDelete\":\"0\",\"isLocked\":\"0\",\"name\":\"系统管理\",\"parentId\":\"1\",\"parentIds\":\"/0/1/\",\"sortNum\":1,\"type\":\"1\"}', null);
INSERT INTO `wr_log_oper_detail` VALUES ('a83f0bd11f89427e9300e17fd620943c', '2423246bc39543789162b01dc86ab11f', 'b3e9af199cf74194ad8c7be9359ddc3d', null, '{\"createBy\":\"lisi\",\"createId\":\"1\",\"createTime\":1615189680163,\"createWay\":\"1\",\"deviceLocation\":\"PF\",\"deviceName\":\"讲台计算机\",\"deviceType\":\"2\",\"flvGetUrl\":\"/live/ZJCMXY_XSXQ_JXL1_1F_102_VGA.flv\",\"hlsGetUrl\":\"/live/ZJCMXY_XSXQ_JXL1_1F_102_VGA.m3u8\",\"id\":\"b3e9af199cf74194ad8c7be9359ddc3d\",\"ipAddr\":\"192.168.1.129\",\"isActive\":\"1\",\"remark\":\"讲台计算机设备\",\"rtmpGetUrl\":\"/live/ZJCMXY_XSXQ_JXL1_1F_102_VGA\",\"schSpaceId\":\"11\",\"serialNumber\":\"\"}');
INSERT INTO `wr_log_oper_detail` VALUES ('a908ba9e148746a3b562fd989ed2b0b7', '703d1e32ab804e74b72b7e76ab61e178', '701f69d4c5b54b5aaeb30e6f278e14a0', null, '{\"createBy\":\"lisi\",\"createId\":\"1\",\"deviceLocation\":\"讲台\",\"deviceName\":\"讲台计算机\",\"deviceType\":\"2\",\"flvGetUrl\":\"/live/ZJCMXY_XSXQ_JXL1_1F_101_vga.flv\",\"hlsGetUrl\":\"/live/ZJCMXY_XSXQ_JXL1_1F_101_vga.m3u8\",\"id\":\"701f69d4c5b54b5aaeb30e6f278e14a0\",\"ipAddr\":\"192.168.1.68\",\"rtmpGetUrl\":\"/live/ZJCMXY_XSXQ_JXL1_1F_101_vga\",\"schoolSpaceId\":\"10\",\"serialNumber\":\"11111111111\"}');
INSERT INTO `wr_log_oper_detail` VALUES ('a918d461a9a44d1394b7b089faab146d', '90c5b74cfa4f4b1891225eba9d51f946', '24', '{\"ascriptionType\":\"1\",\"createBy\":\"admin\",\"createId\":\"1\",\"createTime\":1606784425000,\"createWay\":\"0\",\"depCode\":\"ceshiyu\",\"depDesc\":\"测试语1\",\"depName\":\"测试语1\",\"depType\":\"1_3\",\"id\":\"24\",\"isDelete\":\"0\",\"parentId\":\"23\",\"parentIds\":\"/0/1/12/23/\",\"sortNum\":1}', null);
INSERT INTO `wr_log_oper_detail` VALUES ('a9ad499620cc4a6fbb7fa7958d726731', '49a277eafa6e4b98a50a52663ac6701c', '2e20710f87214d1db8dc34ab97813616', null, '{\"createBy\":\"lisi\",\"createId\":\"1\",\"examinationHallCode\":\"xs0002\",\"examinationHallId\":\"2\",\"examineeId\":\"3c7c13c4fd994234964d45924c44862d\",\"id\":\"2e20710f87214d1db8dc34ab97813616\",\"studentCode\":\"XS00004\"}');
INSERT INTO `wr_log_oper_detail` VALUES ('a9cacbf9f3c349dea69933005647d344', 'd149eb5f0cc04943837a58b4ddc75cff', '3', '{\"createBy\":\"lisi\",\"createId\":\"1\",\"createTime\":1596705734000,\"createWay\":\"0\",\"examinationHallCode\":\"xs0001\",\"examinationHallId\":\"1\",\"examineeId\":\"1\",\"id\":\"3\",\"isDelete\":\"0\",\"originalName\":\"fqff5few61gt6r.flv\",\"remark\":\"\",\"studentCode\":\"XS00001\",\"videoCoverImg\":\"697/img/thumbnail.png\",\"videoDuration\":\"00:38:20\",\"videoName\":\"2020-08-03_xs0001_高等数学1_XS00001\",\"videoPath\":\"697/chunk/index.m3u8\",\"videoSize\":68.0,\"videoStatus\":\"4\"}', '{\"deleteTime\":1596710798642,\"id\":\"3\",\"isDelete\":\"1\"}');
INSERT INTO `wr_log_oper_detail` VALUES ('aacef439949a458bb33a71dcf36a7e1b', 'c3eca118694d4d29a4c0c36678b92abf', '35', '{\"ascriptionType\":\"2\",\"createBy\":\"1\",\"createId\":\"1\",\"createTime\":1606359891000,\"iconStyle\":\"\",\"iconUrl\":\"\",\"id\":\"35\",\"isDelete\":\"0\",\"isLocked\":\"0\",\"name\":\"X\",\"parentId\":\"1\",\"parentIds\":\"/0/1/\",\"percode\":\"\",\"sortNum\":1,\"type\":\"1\",\"url\":\"/xxx/xxx\"}', null);
INSERT INTO `wr_log_oper_detail` VALUES ('aadeca8d65b642ee8685227baada5fd2', '5aeb0b5cb5b3429dbbbd7cf0164f106a', 'a281ca7b2a034fa59d112c43605dec01', null, '{\"courseCode\":\"XXXXX\",\"courseName\":\"XXXXX\",\"courseType\":\"2\",\"createBy\":\"lisi\",\"createId\":\"1\",\"endTime\":1606961644000,\"id\":\"a281ca7b2a034fa59d112c43605dec01\",\"peopleNum\":10,\"schCourseCategoryId\":\"x\",\"schSpaceId\":\"x\",\"sectionNum\":\"/X/X/\",\"startTime\":1606961639000,\"sysDepartmentId\":\"x\",\"sysUserId\":\"x\",\"week\":5,\"weeks\":\"/X/X/X/X/\"}');
INSERT INTO `wr_log_oper_detail` VALUES ('ab4c13f99ecd485a8eb3da7a9a9832c3', 'f7663d26d1c247e6b3db4bd348d15521', 'f2418d0da6294f998ac4f8d9244178d5', null, '{\"className\":\"一年级\",\"createBy\":\"lisi\",\"createId\":\"1\",\"gradeName\":1,\"gradeYear\":2012,\"id\":\"f2418d0da6294f998ac4f8d9244178d5\"}');
INSERT INTO `wr_log_oper_detail` VALUES ('ab8c20efdee748b585a1d114ded40857', '53a9df315b034a6a9e285aa963f847c8', '48680c8514d94e498e4a087a8e4f54c9', '{\"createBy\":\"lisi\",\"createId\":\"1\",\"createTime\":1607064191000,\"createWay\":\"0\",\"id\":\"48680c8514d94e498e4a087a8e4f54c9\",\"isCurrentSem\":\"1\",\"isDelete\":\"0\",\"schoolYearEnd\":2013,\"schoolYearStart\":2012,\"semCode\":\"2012-2013-2\",\"semDateEnd\":1358870400000,\"semDateStart\":1346428800000,\"semNum\":1,\"totalWeeks\":11}', null);
INSERT INTO `wr_log_oper_detail` VALUES ('ab9851c324684a6b9301204637f90d19', 'ee1bd854f9ac403eaf77eaa635b87bab', 'd73a382ec53d41df92f2d3805859b45e', null, '{\"createBy\":\"记得填充\",\"createId\":\"记得填充\",\"id\":\"d73a382ec53d41df92f2d3805859b45e\",\"sysPermissionId\":\"28\",\"sysRoleId\":\"3\"}');
INSERT INTO `wr_log_oper_detail` VALUES ('ac4f1225d65b42898868a67e2cb555d9', '33faa9c72bb64f138c43cff83c5eb63e', '558330104331416aba3f09b75c557595', '{\"abnormalMillis\":\"\",\"abnormalTime\":1606032682000,\"createBy\":\"lisi\",\"createId\":\"1\",\"createTime\":1606032690000,\"createWay\":\"0\",\"examAbnormal\":\"0\",\"examinationHallCode\":\"xs0003\",\"examinationHallId\":\"3\",\"examineeId\":\"067a07316db14a79b04c36f72bc9adab\",\"id\":\"558330104331416aba3f09b75c557595\",\"isDelete\":\"0\",\"originalFile\":\"\",\"studentCode\":\"JJJJJJJJJ\",\"videoCoverImg\":\"\",\"videoDuration\":\"\",\"videoName\":\"\",\"videoPath\":\"\",\"videoStatus\":\"\",\"watchCount\":26}', null);
INSERT INTO `wr_log_oper_detail` VALUES ('acbde3890a124044a6565a2580eddaec', 'bfbdeab9fbc747898ed115482019e97b', 'b9126edbc8df4361ad7ae6644f7da8b8', '{\"createBy\":\"lisi\",\"createId\":\"1\",\"createTime\":1605576682000,\"id\":\"b9126edbc8df4361ad7ae6644f7da8b8\",\"isDelete\":\"0\",\"parentId\":\"0\",\"parentIds\":\"/0/\",\"parentSpaceCode\":\"/\",\"parentSpaceCodes\":\"/\",\"parentSpaceName\":\"/\",\"parentSpaceNames\":\"/\",\"sortNum\":1,\"spaceCode\":\"HBZFZYXY\",\"spaceName\":\"河北政法职业学院\",\"spaceType\":\"1\"}', '{\"id\":\"b9126edbc8df4361ad7ae6644f7da8b8\",\"parentId\":\"0\",\"sortNum\":1,\"spaceCode\":\"HBZFZYXY\",\"spaceName\":\"河北政法职业学院\",\"spaceType\":\"1\"}');
INSERT INTO `wr_log_oper_detail` VALUES ('ae725865fb0c4e45b06c3ea60afef4f8', '75187e2796894cd1a09e97fc2526322f', '697c166d34c94be9a7c99ea5d68c70d8', null, '{\"createBy\":\"lisi\",\"createId\":\"1\",\"createTime\":1612507155463,\"createWay\":\"1\",\"headImgUrl\":\"/headImg/defaultHeadImg.jpg\",\"id\":\"697c166d34c94be9a7c99ea5d68c70d8\",\"isRegistered\":\"0\",\"personName\":\"赵六\",\"personNum\":\"100000003\",\"sex\":\"0\"}');
INSERT INTO `wr_log_oper_detail` VALUES ('aed19c554ee54ad2b6f1a5aecb25ca73', '3b3ee51dcb1c43e6901e078f9f779f07', '6c4ea717f81647f595569a727d1efd14', null, '{\"createBy\":\"lisi\",\"createId\":\"1\",\"id\":\"6c4ea717f81647f595569a727d1efd14\",\"sysRoleId\":\"1\",\"sysUserId\":\"134ac030088240ba8b8ba286d9ce8959\"}');
INSERT INTO `wr_log_oper_detail` VALUES ('af22a2773a0943dfb577b00059a24226', '00412fe325eb43f6b7e1bc181b2d7e62', 'batchInsert', null, '[{\"createBy\":\"lisi\",\"createId\":\"1\",\"examinationHallId\":\"7a3abc6a61e64bac9cf83f952e536253\",\"id\":\"12eff056fbd24eccba9fc614b6a6bf77\",\"sysUserId\":\"1\"},{\"createBy\":\"lisi\",\"createId\":\"1\",\"examinationHallId\":\"7a3abc6a61e64bac9cf83f952e536253\",\"id\":\"e9ce728f5d044101b0f67059caf23ff3\",\"sysUserId\":\"2\"}]');
INSERT INTO `wr_log_oper_detail` VALUES ('af6680fdfb624c459009362fcd1894f2', 'c972737906094c9eac039d39cbe6527a', '23', '{\"age\":16,\"birthday\":1594569600000,\"createBy\":\"admin\",\"createId\":\"0\",\"createTime\":1606117659000,\"createWay\":\"0\",\"headImgUrl\":\"headImg/defaultHeadImg.jpg\",\"id\":\"23\",\"isDelete\":\"0\",\"isLocked\":\"0\",\"isRegistered\":\"0\",\"nickname\":\"隔壁大老王\",\"personName\":\"王五\",\"personNum\":\"XS20180182\",\"position\":\"\",\"profile\":\"你好，我是王五\",\"sex\":\"1\"}', null);
INSERT INTO `wr_log_oper_detail` VALUES ('afb9c8fbe4c94ee5a7c2fcdf6e95aa92', 'cd9bc6ba04c940bea56971c9b7e8f512', '223', '{\"createTime\":1606128206000,\"id\":\"223\",\"isDelete\":\"0\",\"isLocked\":\"0\",\"lastLoginTime\":1606127744000,\"passWord\":\"1\",\"personNum\":\"XS20180114\",\"salt\":\"1\",\"sysUserId\":\"222\",\"userEmail\":\"\",\"userMobile\":\"\",\"userName\":\"XS20180113\"}', null);
INSERT INTO `wr_log_oper_detail` VALUES ('aff92306f35d47e49d63d9b87423a516', '2423246bc39543789162b01dc86ab11f', '18b1ef834bc840f6b910f218d7ac8e75', null, '{\"accessProtocol\":\"1\",\"accessPwd\":\"12345\",\"accessUser\":\"admin\",\"createBy\":\"lisi\",\"createId\":\"1\",\"createTime\":1615189682221,\"createWay\":\"1\",\"deviceLocation\":\"W\",\"deviceName\":\"摄像头后\",\"deviceType\":\"1\",\"flvGetUrl\":\"/live/ZJCMXY_XSXQ_JXL1_1F_102_W.flv\",\"hlsGetUrl\":\"/live/ZJCMXY_XSXQ_JXL1_1F_102_W.m3u8\",\"id\":\"18b1ef834bc840f6b910f218d7ac8e75\",\"ipAddr\":\"192.168.1.131\",\"isActive\":\"1\",\"isEnableControl\":\"1\",\"isSupportAbsoluteMove\":\"1\",\"isSupportContinuousMove\":\"1\",\"isSupportControl\":\"1\",\"onvifPwd\":\"12345\",\"onvifUser\":\"admin\",\"remark\":\"摄像机设备\",\"rtmpGetUrl\":\"/live/ZJCMXY_XSXQ_JXL1_1F_102_W\",\"rtspUrlMain\":\"rtsp://admin:12345@192.168.1.131:554/h264/ch1/main/av_stream\",\"rtspUrlSub\":\"rtsp://admin:12345@192.168.1.131:554/h264/ch1/sub/av_stream\",\"schSpaceId\":\"11\",\"serialNumber\":\"\"}');
INSERT INTO `wr_log_oper_detail` VALUES ('b01cc9e0189045599fcd14dab2b06116', '451239c9d33c413880923a58c82fefeb', 'b4d6f0c3d36e4c17b96269dfb3113c35', null, '{\"createBy\":\"lisi\",\"createId\":\"1\",\"createTime\":1615864266503,\"createWay\":\"0\",\"dateForWeeks\":1609948800000,\"id\":\"b4d6f0c3d36e4c17b96269dfb3113c35\",\"isCancel\":\"0\",\"isRecord\":\"1\",\"planForm\":\"李四\",\"schCourseTableBaseId\":\"4\",\"weeks\":19}');
INSERT INTO `wr_log_oper_detail` VALUES ('b075ac73a6734238854c6d2c6f9bb6ca', '20a07b78315c4220bd86a2dffd4749e5', '15', '{\"ascriptionType\":\"1\",\"createBy\":\"1\",\"createId\":\"0\",\"createTime\":1573108029000,\"iconStyle\":\"\",\"iconUrl\":\"\",\"id\":\"15\",\"isDelete\":\"0\",\"isLocked\":\"0\",\"name\":\"商品查询\",\"parentId\":\"11\",\"parentIds\":\"/0/1/2/11/\",\"percode\":\"item:query\",\"sortNum\":4,\"type\":\"button\",\"url\":\"/item/queryItem.action\"}', null);
INSERT INTO `wr_log_oper_detail` VALUES ('b1764c010c094387b3b4341dbaa33702', 'f4a225388c0a4b90a1ca89f8a90d5198', '7a3abc6a61e64bac9cf83f952e536255', '{\"albumImgUrl\":\"albumImg/defaultAlbumImg.png\",\"classId\":\"161\",\"createBy\":\"lisi\",\"createId\":\"1\",\"createTime\":1606038522000,\"createWay\":\"0\",\"djsTime\":0,\"endTime\":1596338970000,\"examStatus\":\"0\",\"examSubjectsName\":\"熠彤.白\",\"examineeCount\":661,\"hallCode\":\"87709\",\"id\":\"7a3abc6a61e64bac9cf83f952e536255\",\"invigilatorsLoginTime\":319,\"isDelete\":\"0\",\"showAlbum\":\"1\",\"startTime\":1596252570000,\"studentLoginTime\":278}', null);
INSERT INTO `wr_log_oper_detail` VALUES ('b19eae4e19fd492da838210ce82c7fdc', 'a2b9d63d00d54fe9b903151b88ce4de3', '3', '{\"createBy\":\"记得填充\",\"createId\":\"记得填充\",\"createTime\":1573107697000,\"id\":\"3\",\"isDelete\":\"0\",\"isLocked\":\"0\",\"roleCode\":\"SPGLY\",\"roleName\":\"商品管理员\"}', '{\"createBy\":\"1\",\"createId\":\"0\",\"id\":\"3\",\"roleCode\":\"测试\",\"roleDesc\":\"测试\",\"roleName\":\"测试\"}');
INSERT INTO `wr_log_oper_detail` VALUES ('b1b11a35339d448ab4d19e3f508d899e', '06de074abf0e4521974c305d9cab3ebe', '3', '{\"age\":16,\"birthday\":1594569600000,\"createBy\":\"admin\",\"createId\":\"0\",\"createTime\":1592203075000,\"createWay\":\"0\",\"headImgUrl\":\"headImg/defaultHeadImg.jpg\",\"id\":\"3\",\"isDelete\":\"0\",\"isLocked\":\"0\",\"isRegistered\":\"0\",\"nickname\":\"隔壁大老王\",\"personName\":\"XS20180181\",\"personNum\":\"XS201\",\"position\":\"\",\"profile\":\"你好，我是王五\",\"remark\":\"\",\"sex\":\"1\"}', '{\"id\":\"3\",\"isRegistered\":\"1\"}');
INSERT INTO `wr_log_oper_detail` VALUES ('b29b9dd4db7948cfa9c80942d20ad029', 'ded3f37e6040437f9f6ffba7d1771011', 'da2f9067a8c040a9bafc583535f9b6d2', null, '{\"createBy\":\"lisi\",\"createId\":\"1\",\"id\":\"da2f9067a8c040a9bafc583535f9b6d2\",\"parentId\":\"1\",\"parentIds\":\"/0/1/\",\"parentSpaceCode\":\"ZJCMXY\",\"parentSpaceCodes\":\"/ZJCMXY/\",\"parentSpaceName\":\"浙江传媒学院\",\"parentSpaceNames\":\"/浙江传媒学院/\",\"sortNum\":2,\"spaceCode\":\"BBXQ\",\"spaceName\":\"本部校区\",\"spaceType\":\"2\"}');
INSERT INTO `wr_log_oper_detail` VALUES ('b310e029913b40ee8458963517eb8068', '8439e351a7f14600b01f4fbb4efaa698', '1', '{\"createTime\":1594606436000,\"id\":\"1\",\"isDelete\":\"0\",\"isLocked\":\"0\",\"passWord\":\"0c1b64535abaa1e871009019c6bcde0e\",\"personNum\":\"XS20180112\",\"remark\":\"\",\"salt\":\"lisi\",\"sysUserId\":\"1\",\"userEmail\":\"workmail2011@126.com\",\"userMobile\":\"\",\"userName\":\"lisi\"}', '{\"id\":\"1\",\"userEmail\":\"workmail2018@126.com\"}');
INSERT INTO `wr_log_oper_detail` VALUES ('b397c6ea0f29489db1c67b273b5aa67a', '886b27e8c81f4dd880c82579a6655853', '9ef6d53433044f5fb7e3a0e573e9e588', '{\"accessProtocol\":\"\",\"accessPwd\":\"\",\"accessUser\":\"\",\"connectStatus\":\"0\",\"createBy\":\"lisi\",\"createId\":\"1\",\"createTime\":1605843973000,\"deviceLocation\":\"讲台\",\"deviceName\":\"讲台计算机3\",\"deviceType\":\"2\",\"flvGetUrl\":\"/live/ZJCMXY_XSXQ_JXL1_1F_103_VGA.flv\",\"hlsGetUrl\":\"/live/ZJCMXY_XSXQ_JXL1_1F_103_VGA.m3u8\",\"id\":\"9ef6d53433044f5fb7e3a0e573e9e588\",\"ipAddr\":\"192.168.1.70\",\"isActive\":\"1\",\"isDelete\":\"0\",\"isEnableControl\":\"0\",\"isSupportControl\":\"0\",\"onvifPwd\":\"\",\"onvifUser\":\"\",\"rtmpGetUrl\":\"/live/ZJCMXY_XSXQ_JXL1_1F_103_VGA\",\"rtspUrlMain\":\"\",\"rtspUrlSub\":\"\",\"schoolSpaceId\":\"13\",\"serialNumber\":\"22222222\"}', null);
INSERT INTO `wr_log_oper_detail` VALUES ('b471cdd536b94c65921aa769e9b286cc', '5291cee7f8974794bf2a53ca8bca1a1d', '22', '{\"createBy\":\"1\",\"createId\":\"1\",\"createTime\":1606114203000,\"id\":\"22\",\"sysRoleId\":\"6\",\"sysUserId\":\"22\"}', null);
INSERT INTO `wr_log_oper_detail` VALUES ('b64e549d81324182b16e6101d9aaf525', '20a07b78315c4220bd86a2dffd4749e5', '14', '{\"ascriptionType\":\"1\",\"createBy\":\"1\",\"createId\":\"0\",\"createTime\":1573108029000,\"id\":\"14\",\"isDelete\":\"0\",\"isLocked\":\"0\",\"name\":\"商品删除\",\"parentId\":\"11\",\"parentIds\":\"/0/1/2/11/\",\"percode\":\"item:delete\",\"sortNum\":3,\"type\":\"button\",\"url\":\"/item/delete.action\"}', null);
INSERT INTO `wr_log_oper_detail` VALUES ('b650ea8086734b76982f087a19f48a0b', '26d439540c7f453eb5def931fca7666a', '403acee6098e41b8ba1237feadac1906', '{\"createBy\":\"lisi\",\"createId\":\"1\",\"createTime\":1605954322000,\"id\":\"403acee6098e41b8ba1237feadac1906\",\"isDelete\":\"0\",\"parentId\":\"6635bcab1cc94652a90dcc68be315513\",\"parentIds\":\"/0/b9126edbc8df4361ad7ae6644f7da8b8/485d7943066f41a28261a2a4274da1af/6635bcab1cc94652a90dcc68be315513/\",\"parentSpaceCode\":\"AQ1\",\"parentSpaceCodes\":\"/HBZFZYXY/BBXQ/AQ1/\",\"parentSpaceName\":\"A区1\",\"parentSpaceNames\":\"/河北政法职业学院/本部校区/A区1/\",\"sortNum\":1,\"spaceAlias\":\"\",\"spaceCode\":\"A_103\",\"spaceName\":\"A_103\",\"spaceType\":\"4\"}', null);
INSERT INTO `wr_log_oper_detail` VALUES ('b7bec94010584b2e9da758c5c51db341', 'c972737906094c9eac039d39cbe6527a', '22', '{\"age\":16,\"birthday\":1594569600000,\"createBy\":\"admin\",\"createId\":\"0\",\"createTime\":1606117652000,\"createWay\":\"0\",\"headImgUrl\":\"headImg/defaultHeadImg.jpg\",\"id\":\"22\",\"isDelete\":\"0\",\"isLocked\":\"0\",\"isRegistered\":\"0\",\"nickname\":\"隔壁大老王\",\"personName\":\"王五\",\"personNum\":\"XS20180181\",\"position\":\"\",\"profile\":\"你好，我是王五\",\"sex\":\"1\"}', null);
INSERT INTO `wr_log_oper_detail` VALUES ('b7e2f24eb62440689a4cbf192a113450', '55704c0c1db54cfd846df9e2169ce43d', '23', '{\"ascriptionType\":\"1\",\"createBy\":\"admin\",\"createId\":\"1\",\"createTime\":1606784140000,\"createWay\":\"0\",\"depCode\":\"ceshixy\",\"depDesc\":\"测试学院\",\"depName\":\"测试学院\",\"depType\":\"1_2\",\"id\":\"23\",\"isDelete\":\"0\",\"parentId\":\"12\",\"parentIds\":\"/0/1/12/\",\"sortNum\":1}', null);
INSERT INTO `wr_log_oper_detail` VALUES ('b8fc71b78d9c4082a48177245410745d', '73bd5149246e4173aa67e5cc5853ea77', '4273f8f3314d4668b56e0b1ba6ca8c7f', null, '{\"createBy\":\"lisi\",\"createId\":\"1\",\"examinationHallCode\":\"xs0002\",\"examinationHallId\":\"2\",\"id\":\"4273f8f3314d4668b56e0b1ba6ca8c7f\",\"liveAddressPull\":\"http://192.168.1.136:8080/live/xs0002/XS00002.flv\",\"liveAddressPush\":\"rtmp://192.168.1.136:1935/live/xs0002/XS00002\",\"studentCode\":\"XS00002\",\"studentName\":\"李四2\"}');
INSERT INTO `wr_log_oper_detail` VALUES ('b93e9fbdacef44a99598bdb11b5819ee', '123e95b8a5b74477acf2b631d78a4c16', '9cc0eb8d107541f7b1018afd0d2c973b', null, '{\"age\":23,\"birthday\":1516636800000,\"createBy\":\"lisi\",\"createId\":\"1\",\"createTime\":1612499935660,\"createWay\":\"1\",\"headImgUrl\":\"/headImg/defaultHeadImg.jpg\",\"id\":\"9cc0eb8d107541f7b1018afd0d2c973b\",\"nickname\":\"测试昵称2\",\"personName\":\"测试姓名2\",\"personNum\":\"100000002\",\"position\":\"测试职位2\",\"profile\":\"测试个人简介2\",\"sex\":\"2\"}');
INSERT INTO `wr_log_oper_detail` VALUES ('b99d632f0085497d929fa9c5b02f5ae5', 'f71716e37fb0420fbfdf0bb877e508d2', 'batch', '[{\"answer\":\"1900-01-01\",\"basicAuthId\":\"1\",\"createBy\":\"lisi\",\"createId\":\"1\",\"createTime\":1594802434000,\"createWay\":\"0\",\"id\":\"1\",\"isDelete\":\"0\",\"isLocked\":\"0\",\"rank\":1,\"securityQuestionId\":\"1\"},{\"answer\":\"XS20180112\",\"basicAuthId\":\"1\",\"createBy\":\"lisi\",\"createId\":\"1\",\"createTime\":1594802479000,\"createWay\":\"0\",\"id\":\"2\",\"isDelete\":\"0\",\"isLocked\":\"0\",\"rank\":2,\"securityQuestionId\":\"3\"}]', null);
INSERT INTO `wr_log_oper_detail` VALUES ('b9bc043ce1cf466f8731aeabdc3d9e5d', '32d3376510914d8483d80cc49c2e62ca', 'ac3781adbb63463095c913637ff92f62', null, '{\"createBy\":\"记得填充\",\"createId\":\"记得填充\",\"id\":\"ac3781adbb63463095c913637ff92f62\",\"sysPermissionId\":\"30\",\"sysRoleId\":\"3\"}');
INSERT INTO `wr_log_oper_detail` VALUES ('ba0542919a524b799dd193b7a2ef7e92', '6ba986e2fb6f4b5393d31cb3696bae29', '9ef6d53433044f5fb7e3a0e573e9e587', '{\"accessProtocol\":\"\",\"accessPwd\":\"\",\"accessUser\":\"\",\"connectStatus\":\"0\",\"createBy\":\"lisi\",\"createId\":\"1\",\"createTime\":1605954432000,\"deviceLocation\":\"讲台\",\"deviceName\":\"讲台计算机3\",\"deviceType\":\"2\",\"flvGetUrl\":\"/live/ZJCMXY_XSXQ_JXL1_1F_103_VGA.flv\",\"hlsGetUrl\":\"/live/ZJCMXY_XSXQ_JXL1_1F_103_VGA.m3u8\",\"id\":\"9ef6d53433044f5fb7e3a0e573e9e587\",\"ipAddr\":\"192.168.1.70\",\"isActive\":\"1\",\"isDelete\":\"0\",\"isEnableControl\":\"0\",\"isSupportControl\":\"0\",\"onvifPwd\":\"\",\"onvifUser\":\"\",\"rtmpGetUrl\":\"/live/ZJCMXY_XSXQ_JXL1_1F_103_VGA\",\"rtspUrlMain\":\"1\",\"rtspUrlSub\":\"1\",\"schoolSpaceId\":\"403acee6098e41b8ba1237feadac1906\",\"serialNumber\":\"333333333\"}', null);
INSERT INTO `wr_log_oper_detail` VALUES ('ba0ff0ff207e458cb0e4008619d6fd60', '4d20f95341b14411afcb5d24f703c385', '137c488b4d4049739ec849e855309398', null, '{\"age\":16,\"createBy\":\"记得填充\",\"createId\":\"记得填充\",\"email\":\"wangwu@xo.com\",\"headImgUrl\":\"group1/M00/00/00/wKisFFpBG9eAHaQvAAAWKd1hQR4158_big.jpg\",\"id\":\"137c488b4d4049739ec849e855309398\",\"password\":\"wangwu\",\"personName\":\"王五\",\"personNum\":\"XS20180180\",\"profile\":\"你好，我是王五\",\"sex\":\"1\",\"telephone\":\"15920145652\",\"username\":\"wangwu\"}');
INSERT INTO `wr_log_oper_detail` VALUES ('ba1f082a862e4ebcb69a85010218f1cc', 'd219f1d483da4daf9f886911d51b0aee', '33', '{\"createBy\":\"1\",\"createId\":\"1\",\"createTime\":1606101172000,\"id\":\"33\",\"sysRoleId\":\"66\",\"sysUserId\":\"33\"}', null);
INSERT INTO `wr_log_oper_detail` VALUES ('ba45de94b4af4fe68cd4a3d543a8742e', '511edfa924fc495c8e60c628360518d5', '15', '{\"createBy\":\"李四\",\"createId\":\"1\",\"createTime\":1604563803000,\"createWay\":\"0\",\"id\":\"15\",\"isDelete\":\"0\",\"parentId\":\"9\",\"parentIds\":\"/0/1/2/4/9/\",\"parentSpaceCode\":\"3F\",\"parentSpaceCodes\":\"/ZJCMXY/XSXQ/JXL1/3F/\",\"parentSpaceName\":\"3F\",\"parentSpaceNames\":\"/浙江传媒学院/下沙校区/第一教学楼/3F/\",\"sortNum\":6,\"spaceCode\":\"302\",\"spaceName\":\"302\",\"spaceType\":\"5\"}', null);
INSERT INTO `wr_log_oper_detail` VALUES ('ba59309c5d2740fe9cb78f94204706fb', '451239c9d33c413880923a58c82fefeb', '4c96317f29a54972846458ab8d83eabd', null, '{\"createBy\":\"lisi\",\"createId\":\"1\",\"createTime\":1615864266980,\"createWay\":\"0\",\"dateForWeeks\":1609344000000,\"id\":\"4c96317f29a54972846458ab8d83eabd\",\"isCancel\":\"0\",\"isRecord\":\"1\",\"planForm\":\"李四\",\"schCourseTableBaseId\":\"4\",\"weeks\":18}');
INSERT INTO `wr_log_oper_detail` VALUES ('ba5a93b72c84476dbe180ebc9ad4ed57', '85a1d62b0a74478db38593f8fe090a58', '558330104331416aba3f09b75c557596', '{\"abnormalMillis\":\"\",\"abnormalTime\":1606032740000,\"createBy\":\"lisi\",\"createId\":\"1\",\"createTime\":1606038673000,\"createWay\":\"0\",\"examAbnormal\":\"0\",\"examinationHallCode\":\"xs0003\",\"examinationHallId\":\"7a3abc6a61e64bac9cf83f952e536255\",\"examineeId\":\"3c7c13c4fd994234964d45924c448623\",\"id\":\"558330104331416aba3f09b75c557596\",\"isDelete\":\"0\",\"originalFile\":\"\",\"studentCode\":\"JJJJJJJJJ\",\"videoCoverImg\":\"\",\"videoDuration\":\"\",\"videoName\":\"\",\"videoPath\":\"\",\"videoStatus\":\"\",\"watchCount\":26}', null);
INSERT INTO `wr_log_oper_detail` VALUES ('bb43fe43ccea4847b0b5216f3690f3b1', 'a2b6bfac294f453faeb958c2eed622d3', '8827ebeef353459c8a8020502abf369f', null, '{\"createBy\":\"lisi\",\"createId\":\"1\",\"deviceLocation\":\"OT\",\"deviceName\":\"设备合成流\",\"deviceType\":\"overlay\",\"flvGetUrl\":\"/live/ZJCMXY_XSXQ_JXL1_1F_103AA_OVERLAY.flv\",\"hlsGetUrl\":\"/live/ZJCMXY_XSXQ_JXL1_1F_103AA_OVERLAY.m3u8\",\"id\":\"8827ebeef353459c8a8020502abf369f\",\"rtmpGetUrl\":\"/live/ZJCMXY_XSXQ_JXL1_1F_103AA_OVERLAY\",\"schSpaceId\":\"d94a178dd88e4ec4bcdfd71609c5ec18\"}');
INSERT INTO `wr_log_oper_detail` VALUES ('bbca7503181646feb673cea38ccec6f2', '2f59babf0333468280dfee3d5dcc6229', '16d82535930c452a94b43a9b12bab3ce', null, '{\"createBy\":\"lisi\",\"createId\":\"1\",\"createTime\":1615896212682,\"createWay\":\"0\",\"dateForWeeks\":1609344000000,\"id\":\"16d82535930c452a94b43a9b12bab3ce\",\"isCancel\":\"0\",\"isRecord\":\"1\",\"planCreator\":\"李四\",\"planForm\":\"1_1\",\"schCourseTableBaseId\":\"4\",\"weeks\":18}');
INSERT INTO `wr_log_oper_detail` VALUES ('bc055079e2664a3e972e9f5cff77b131', '7de5bf93a7694f3ea4d007a134c69401', '02d4241918e5463a9b7d0b77454c012c', null, '{\"categoryCode\":\"X22222XX\",\"categoryName\":\"X22222XX类\",\"createBy\":\"lisi\",\"createId\":\"1\",\"id\":\"02d4241918e5463a9b7d0b77454c012c\"}');
INSERT INTO `wr_log_oper_detail` VALUES ('bcc61fb7fe9e438dbdb33fcb0edb0be8', '3ccf1ed9073c45a5b3e2703f966f880e', 'b9126edbc8df4361ad7ae6644f7da8b8', '{\"createBy\":\"lisi\",\"createId\":\"1\",\"createTime\":1605576682000,\"id\":\"b9126edbc8df4361ad7ae6644f7da8b8\",\"isDelete\":\"0\",\"parentId\":\"0\",\"parentIds\":\"/0/\",\"parentSpaceCode\":\"/\",\"parentSpaceCodes\":\"/\",\"parentSpaceName\":\"/\",\"parentSpaceNames\":\"/\",\"sortNum\":1,\"spaceCode\":\"HBZFZYXY\",\"spaceName\":\"河北政法职业学院\",\"spaceType\":\"1\"}', '{\"id\":\"b9126edbc8df4361ad7ae6644f7da8b8\",\"parentId\":\"0\",\"sortNum\":1,\"spaceCode\":\"HBZFZYXY\",\"spaceName\":\"河北政法职业学院\",\"spaceType\":\"1\"}');
INSERT INTO `wr_log_oper_detail` VALUES ('bcc887634b0843febf6d66b15e409185', '25bcf32657634e62b120ff4eff3db3bc', '2', '{\"albumImgUrl\":\"albumImg/defaultAlbumImg.png\",\"createBy\":\"lisi\",\"createId\":\"1\",\"createTime\":1596425390000,\"createWay\":\"0\",\"deleteTime\":1596597954000,\"endTime\":1596425374000,\"examStatus\":\"1\",\"examSubjectsName\":\"高等数学2\",\"examineeCount\":50,\"hallCode\":\"xs0002\",\"id\":\"2\",\"invigilatorsLoginTime\":30,\"isDelete\":\"0\",\"showAlbum\":\"1\",\"startTime\":1596425370000,\"studentLoginTime\":10}', '{\"albumImgUrl\":\"albumImg/defaultAlbumImg.png\",\"hallCode\":\"xs0002_\",\"id\":\"2\"}');
INSERT INTO `wr_log_oper_detail` VALUES ('bd19ebfe5be54a44900c97ee3ef97593', '0f5733c9b29b42fe9864a34a90f3e93c', 'e022c88d00c64dc0b497533a3d055ae7', null, '{\"accessProtocol\":\"1\",\"accessPwd\":\"12345\",\"accessUser\":\"admin\",\"createBy\":\"lisi\",\"createId\":\"1\",\"deviceLocation\":\"N\",\"deviceName\":\"摄像机2(前)\",\"deviceType\":\"1\",\"flvGetUrl\":\"/live/ZJCMXY_XSXQ_JXL1_1F_102_N.flv\",\"hlsGetUrl\":\"/live/ZJCMXY_XSXQ_JXL1_1F_102_N.m3u8\",\"id\":\"e022c88d00c64dc0b497533a3d055ae7\",\"ipAddr\":\"192.168.3.69\",\"isEnableControl\":\"1\",\"isSupportAbsoluteMove\":\"0\",\"isSupportContinuousMove\":\"0\",\"isSupportControl\":\"1\",\"onvifPwd\":\"12345\",\"onvifUser\":\"admin\",\"rtmpGetUrl\":\"/live/ZJCMXY_XSXQ_JXL1_1F_102_N\",\"rtspUrlMain\":\"rtsp://admin:12345@192.168.3.69:554/h264/ch1/main/av_stream\",\"rtspUrlSub\":\"rtsp://admin:12345@192.168.3.69:554/h264/ch1/sub/av_stream\",\"schSpaceId\":\"11\",\"serialNumber\":\"22222222222\"}');
INSERT INTO `wr_log_oper_detail` VALUES ('be09411562dd4b838afaf978240b789c', 'a5836d5f452246af9ff5e0a73790518c', 'f36b67ddef7a417480fb1a5f16488005', '{\"ascriptionType\":\"0\",\"createBy\":\"0\",\"createId\":\"0\",\"createTime\":1606098461000,\"iconStyle\":\"\",\"iconUrl\":\"\",\"id\":\"f36b67ddef7a417480fb1a5f16488005\",\"isDelete\":\"0\",\"isLocked\":\"0\",\"name\":\"0\",\"parentId\":\"35\",\"parentIds\":\"0\",\"percode\":\"0\",\"sortNum\":0,\"type\":\"0\",\"url\":\"0\"}', null);
INSERT INTO `wr_log_oper_detail` VALUES ('be3bed84f73b4b26a4b74f214c660c53', 'b5893af5102c4ec1b1fc11714d0927bf', 'e57310ba0c5b47f392195a4bbffa9101', null, '{\"createBy\":\"lisi\",\"createId\":\"1\",\"createTime\":1614738007089,\"createWay\":\"1\",\"id\":\"e57310ba0c5b47f392195a4bbffa9101\",\"parentId\":\"9\",\"parentIds\":\"/0/1/2/4/9/\",\"parentSpaceCode\":\"3F\",\"parentSpaceCodes\":\"/ZJCMXY/XSXQ/JXL1/3F/\",\"parentSpaceName\":\"3F\",\"parentSpaceNames\":\"/浙江传媒学院/下沙校区/第一教学楼/3F/\",\"remark\":\"教室节点\",\"sortNum\":3,\"spaceCode\":\"403\",\"spaceName\":\"403\",\"spaceType\":\"5\"}');
INSERT INTO `wr_log_oper_detail` VALUES ('bead9055bb944fa9834d651eb33bf500', '519d7dc6a7c34e12b7e85f204ab502f7', 'd1dea1ed66d341f199653532825cb8c0', null, '{\"createBy\":\"lisi\",\"createId\":\"1\",\"createTime\":1615805132377,\"createWay\":\"0\",\"dateForWeeks\":1602000000000,\"id\":\"d1dea1ed66d341f199653532825cb8c0\",\"isCancel\":\"0\",\"isRecord\":\"0\",\"planForm\":\"李四\",\"schCourseTableBaseId\":\"3\",\"weeks\":6}');
INSERT INTO `wr_log_oper_detail` VALUES ('c046dd5002d8406ea332d50f8e738ac8', '6e92afe123a4499ebf6ee62eaf123960', '7', '{\"createBy\":\"李四\",\"createId\":\"1\",\"createTime\":1604563405000,\"id\":\"7\",\"isDelete\":\"0\",\"parentId\":\"4\",\"parentIds\":\"/0/1/2/4/\",\"parentSpaceCode\":\"JXL1\",\"parentSpaceCodes\":\"/ZJCMXY/XSXQ/JXL1/\",\"parentSpaceName\":\"第一教学楼\",\"parentSpaceNames\":\"/浙江传媒学院/下沙校区/第一教学楼/\",\"sortNum\":1,\"spaceCode\":\"4F\",\"spaceName\":\"4F\",\"spaceType\":\"4\"}', '{\"id\":\"7\",\"parentId\":\"4\",\"sortNum\":1,\"spaceCode\":\"1F\",\"spaceName\":\"1F\",\"spaceType\":\"4\"}');
INSERT INTO `wr_log_oper_detail` VALUES ('c37a73b15b3147fd892504a946b6ae91', 'cc48d8cdaf6c4cd3b428e80575f25ca6', '0d93474921814d3da1afe4e088cc721b', null, '{\"createBy\":\"lisi\",\"createId\":\"1\",\"id\":\"0d93474921814d3da1afe4e088cc721b\",\"sysRoleId\":\"2\",\"sysUserId\":\"61fc360e2e064a1f81d4e012b93287d1\"}');
INSERT INTO `wr_log_oper_detail` VALUES ('c37ca97dcfe34b8ca8ebc3feab3bc502', 'e6232391def24c23a21a44aba9de6a8e', '10a84c4a33784a4cb3b2a1c04fbccb4a', '{\"ascriptionType\":\"1\",\"createBy\":\"lisi\",\"createId\":\"1\",\"createTime\":1606464417000,\"iconStyle\":\"1\",\"iconUrl\":\"1\",\"id\":\"10a84c4a33784a4cb3b2a1c04fbccb4a\",\"isDelete\":\"0\",\"isLocked\":\"1\",\"name\":\"1\",\"parentId\":\"1\",\"parentIds\":\"/0/1/\",\"percode\":\"1\",\"remark\":\"1\",\"sortNum\":1,\"type\":\"2\",\"url\":\"1\"}', '{\"ascriptionType\":\"1\",\"iconStyle\":\"1\",\"iconUrl\":\"/icons/menuIcon/6dd359abff2bf63187ad819046fb9555.png\",\"id\":\"10a84c4a33784a4cb3b2a1c04fbccb4a\",\"isLocked\":\"1\",\"name\":\"1\",\"parentId\":\"1\",\"percode\":\"1\",\"remark\":\"1\",\"sortNum\":1,\"type\":\"2\",\"url\":\"1\"}');
INSERT INTO `wr_log_oper_detail` VALUES ('c40812d1c5d246daa71c56166e477b26', '3b3ee51dcb1c43e6901e078f9f779f07', '444cdb8cfd9448b7b3f035f002bbe149', null, '{\"createBy\":\"lisi\",\"createId\":\"1\",\"id\":\"444cdb8cfd9448b7b3f035f002bbe149\",\"sysRoleId\":\"1\",\"sysUserId\":\"697c166d34c94be9a7c99ea5d68c70d8\"}');
INSERT INTO `wr_log_oper_detail` VALUES ('c4738fa3234649b4a194a92a9693e4e5', 'f460e07b2940428f9462cfc0d517edd8', '3cb41614cb8f4481ae46d241a69d28f3', '{\"accessProtocol\":\"1\",\"accessPwd\":\"12345\",\"accessUser\":\"admin\",\"connectStatus\":\"0\",\"createBy\":\"lisi\",\"createId\":\"1\",\"createTime\":1605955554000,\"deviceLocation\":\"S\",\"deviceName\":\"摄像机9(前)\",\"deviceType\":\"1\",\"flvGetUrl\":\"/live/ZJCMXY_XSXQ_JXL1_1F_110_S.flv\",\"hlsGetUrl\":\"/live/ZJCMXY_XSXQ_JXL1_1F_110_S.m3u8\",\"id\":\"3cb41614cb8f4481ae46d241a69d28f3\",\"ipAddr\":\"192.168.1.76\",\"isActive\":\"1\",\"isDelete\":\"0\",\"isEnableControl\":\"1\",\"isSupportControl\":\"1\",\"onvifPwd\":\"12345\",\"onvifUser\":\"admin\",\"rtmpGetUrl\":\"/live/ZJCMXY_XSXQ_JXL1_1F_110_S\",\"rtspUrlMain\":\"rtsp://admin:12345@192.168.1.76:554/h264/ch1/main/av_stream\",\"rtspUrlSub\":\"rtsp://admin:12345@192.168.1.76:554/h264/ch1/sub/av_stream\",\"schoolSpaceId\":\"403acee6098e41b8ba1237feadac1906\",\"serialNumber\":\"9999999999\"}', null);
INSERT INTO `wr_log_oper_detail` VALUES ('c478e4f608684fdc826d5a120d365e0e', '519d7dc6a7c34e12b7e85f204ab502f7', '6a8b3b5d3f724feaafdece181e53cc32', null, '{\"createBy\":\"lisi\",\"createId\":\"1\",\"createTime\":1615805130904,\"createWay\":\"0\",\"dateForWeeks\":1601308800000,\"id\":\"6a8b3b5d3f724feaafdece181e53cc32\",\"isCancel\":\"0\",\"isRecord\":\"1\",\"planForm\":\"李四\",\"schCourseTableBaseId\":\"2\",\"weeks\":5}');
INSERT INTO `wr_log_oper_detail` VALUES ('c56db79cd2c04b9faffb55bc8b219336', 'c08d4e315726465286082700bd1641cd', 'd681a360dbb64f0cb2de42e2633554e4', null, '{\"createBy\":\"lisi\",\"createId\":\"1\",\"id\":\"d681a360dbb64f0cb2de42e2633554e4\",\"parentId\":\"3\",\"parentIds\":\"0/1/3\",\"sortNum\":4,\"spaceAlias\":\"\",\"spaceCode\":\"JXLD\",\"spaceName\":\"教学楼D区\",\"spaceType\":\"3\"}');
INSERT INTO `wr_log_oper_detail` VALUES ('c59df66aa1944d7e91030ce682959174', '4ccab8c964324bdb9342150c5782e1aa', '39aaa2f73fdc4add9ce3d1addeaab44a', '{\"createBy\":\"lisi\",\"createId\":\"1\",\"createTime\":1604643930000,\"id\":\"39aaa2f73fdc4add9ce3d1addeaab44a\",\"isDelete\":\"0\",\"parentId\":\"0\",\"parentIds\":\"0/1/2/4/7\",\"sortNum\":0,\"spaceAlias\":\"0\",\"spaceCode\":\"0\",\"spaceName\":\"0\",\"spaceType\":\"0\"}', '{\"deleteBy\":\"lisi\",\"deleteId\":\"1\",\"deleteTime\":1604645003253,\"id\":\"39aaa2f73fdc4add9ce3d1addeaab44a\",\"isDelete\":\"1\"}');
INSERT INTO `wr_log_oper_detail` VALUES ('c5d9b1c7d0cc4e23a74fe91fbda42a28', 'ce57eb1f198c446ca9ae24ca066d743e', '403acee6098e41b8ba1237feadac1906', '{\"createBy\":\"lisi\",\"createId\":\"1\",\"createTime\":1605955389000,\"id\":\"403acee6098e41b8ba1237feadac1906\",\"isDelete\":\"0\",\"parentId\":\"6635bcab1cc94652a90dcc68be315513\",\"parentIds\":\"/0/b9126edbc8df4361ad7ae6644f7da8b8/485d7943066f41a28261a2a4274da1af/6635bcab1cc94652a90dcc68be315513/\",\"parentSpaceCode\":\"AQ1\",\"parentSpaceCodes\":\"/HBZFZYXY/BBXQ/AQ1/\",\"parentSpaceName\":\"A区1\",\"parentSpaceNames\":\"/河北政法职业学院/本部校区/A区1/\",\"sortNum\":1,\"spaceAlias\":\"\",\"spaceCode\":\"A_103\",\"spaceName\":\"A_103\",\"spaceType\":\"4\"}', null);
INSERT INTO `wr_log_oper_detail` VALUES ('c5ed0fbf123e4ba78388c58aef1e49da', '478ea931c83642c0b28f3de6e758d9e3', '067a07316db14a79b04c36f72bc9adab', null, '{\"createBy\":\"lisi\",\"createId\":\"1\",\"examinationHallCode\":\"xs0003\",\"examinationHallId\":\"3\",\"id\":\"067a07316db14a79b04c36f72bc9adab\",\"liveAddressPull\":\"/live/xs0003_JJJJJJJJJ.flv\",\"liveAddressPush\":\"/live/xs0003_JJJJJJJJJ\",\"studentCode\":\"JJJJJJJJJ\",\"studentName\":\"李四J\"}');
INSERT INTO `wr_log_oper_detail` VALUES ('c6452d9ade694d85a6296f28aabcfc6d', '55c3d307c6004881b21027c5c0e4a575', 'f2418d0da6294f998ac4f8d9244178d5', '{\"className\":\"9999\",\"createBy\":\"lisi\",\"createId\":\"1\",\"createTime\":1606814218000,\"createWay\":\"0\",\"gradeName\":9,\"gradeYear\":9999,\"id\":\"f2418d0da6294f998ac4f8d9244178d5\",\"isDelete\":\"0\"}', null);
INSERT INTO `wr_log_oper_detail` VALUES ('c6c8a261a69444f68916a2f887dc568c', 'ee791fc6877049e992ec6a3aa219c300', '6', '{\"createBy\":\"lisi\",\"createId\":\"1\",\"createTime\":1606093495000,\"createWay\":\"0\",\"id\":\"6\",\"isDelete\":\"0\",\"isLocked\":\"0\",\"questionCode\":\"6\",\"questionDesc\":\"你印象最深刻的人是？\"}', null);
INSERT INTO `wr_log_oper_detail` VALUES ('c719ce7a19454a9f9de16e1f58f52228', '07c47dd25b184abcb1153b036903ad6d', 'f2b2607f3dea41509bdef1e2ab1882ce', '{\"createBy\":\"lisi\",\"createId\":\"1\",\"createTime\":1596021144000,\"createWay\":\"0\",\"id\":\"f2b2607f3dea41509bdef1e2ab1882ce\",\"isDelete\":\"0\",\"isLocked\":\"0\",\"isRegistered\":\"0\",\"personName\":\"爱丽丝\",\"personNum\":\"111111\"}', '{\"id\":\"f2b2607f3dea41509bdef1e2ab1882ce\",\"isRegistered\":\"1\"}');
INSERT INTO `wr_log_oper_detail` VALUES ('c71be775c9b34417af79a03c560e21e5', '53a9df315b034a6a9e285aa963f847c8', '48680c8514d94e498e4a087a8e4f54c8', '{\"createBy\":\"lisi\",\"createId\":\"1\",\"createTime\":1607064115000,\"createWay\":\"0\",\"id\":\"48680c8514d94e498e4a087a8e4f54c8\",\"isCurrentSem\":\"1\",\"isDelete\":\"0\",\"schoolYearEnd\":2013,\"schoolYearStart\":2012,\"semCode\":\"2012-2013-1\",\"semDateEnd\":1358870400000,\"semDateStart\":1346428800000,\"semNum\":1,\"totalWeeks\":11}', null);
INSERT INTO `wr_log_oper_detail` VALUES ('c885d71894b841c6b193e5ac8347b956', '55386079cda74e4087730c680da5c4ef', '1', '{\"createTime\":1594606436000,\"id\":\"1\",\"isDelete\":\"0\",\"isLocked\":\"0\",\"passWord\":\"0c1b64535abaa1e871009019c6bcde0e\",\"personNum\":\"XS20180112\",\"salt\":\"lisi\",\"sysUserId\":\"1\",\"userEmail\":\"workmail2018@126.com\",\"userName\":\"lisi\"}', '{\"deleteTime\":1594798453906,\"id\":\"1\",\"isDelete\":\"1\"}');
INSERT INTO `wr_log_oper_detail` VALUES ('ca02e85681ab4b8b8bbd34bb3a1fa79f', '3a62a635fb0a4097847b2b39b95ebb94', '6635bcab1cc94652a90dcc68be315513', '{\"createBy\":\"lisi\",\"createId\":\"1\",\"createTime\":1605576906000,\"id\":\"6635bcab1cc94652a90dcc68be315513\",\"isDelete\":\"0\",\"parentId\":\"485d7943066f41a28261a2a4274da1af\",\"parentIds\":\"/0/b9126edbc8df4361ad7ae6644f7da8b8/485d7943066f41a28261a2a4274da1af/\",\"parentSpaceCode\":\"BBXQ\",\"parentSpaceCodes\":\"/HBZFZYXY/BBXQ/\",\"parentSpaceName\":\"本部校区\",\"parentSpaceNames\":\"/河北政法职业学院/本部校区/\",\"sortNum\":1,\"spaceCode\":\"AQ\",\"spaceName\":\"A区\",\"spaceType\":\"3\"}', '{\"id\":\"6635bcab1cc94652a90dcc68be315513\",\"parentId\":\"485d7943066f41a28261a2a4274da1af\",\"sortNum\":1,\"spaceCode\":\"AQ1\",\"spaceName\":\"A区1\",\"spaceType\":\"3\"}');
INSERT INTO `wr_log_oper_detail` VALUES ('ca7ecb2faf8540be9add6d5d51427724', '0eabd61160734d419472f8899761513b', '1', '{\"age\":18,\"birthday\":1594569600000,\"createBy\":\"admin\",\"createId\":\"0\",\"createTime\":1573107331000,\"createWay\":\"0\",\"headImgUrl\":\"a\",\"id\":\"1\",\"isDelete\":\"0\",\"isLocked\":\"0\",\"nickname\":\"隔壁大老李\",\"personName\":\"李四\",\"personNum\":\"XS20180112\",\"profile\":\"你好，我是李四\",\"sex\":\"1\"}', '{\"headImgUrl\":\"headImg/1/99d0f78e5456e9f9d9ee3bcc989d4044.png\",\"id\":\"1\"}');
INSERT INTO `wr_log_oper_detail` VALUES ('ca7fd67871444a0186d6b3e0c000d949', '12cf8ef36c97485591d06aeda2ad3f38', '2fbdaab27bed42229e6fc212151fcc41', null, '{\"createBy\":\"lisi\",\"createId\":\"1\",\"id\":\"2fbdaab27bed42229e6fc212151fcc41\",\"sysRoleId\":\"1\",\"sysUserId\":\"6f448f08020a42ecb8437cbafc9d0743\"}');
INSERT INTO `wr_log_oper_detail` VALUES ('cb2f2856ac8544fa99601d9825faad8e', '642c91319e1648c19041522c99f8deb1', '1e64f607eb6e4aa19c748ded0c8b4538', null, '{\"createBy\":\"lisi\",\"createId\":\"1\",\"createTime\":1614678141460,\"createWay\":\"1\",\"id\":\"1e64f607eb6e4aa19c748ded0c8b4538\",\"parentId\":\"5877fea1b40049758dd5789391ca1ecc\",\"parentIds\":\"/0/1/5877fea1b40049758dd5789391ca1ecc/\",\"parentSpaceCode\":\"XSXQ\",\"parentSpaceCodes\":\"/ZJCMXY/XSXQ/\",\"parentSpaceName\":\"下沙校区\",\"parentSpaceNames\":\"/浙江传媒学院/下沙校区/\",\"remark\":\"楼宇节点\",\"sortNum\":2,\"spaceCode\":\"JXLB\",\"spaceName\":\"教学楼B\",\"spaceType\":\"3\"}');
INSERT INTO `wr_log_oper_detail` VALUES ('cbaba49143b7497cb4a7fb7299dae5a5', 'b5893af5102c4ec1b1fc11714d0927bf', '794f78caa32e43bfa59dfa3938cb1190', null, '{\"createBy\":\"lisi\",\"createId\":\"1\",\"createTime\":1614738002090,\"createWay\":\"1\",\"id\":\"794f78caa32e43bfa59dfa3938cb1190\",\"parentId\":\"9\",\"parentIds\":\"/0/1/2/4/9/\",\"parentSpaceCode\":\"3F\",\"parentSpaceCodes\":\"/ZJCMXY/XSXQ/JXL1/3F/\",\"parentSpaceName\":\"3F\",\"parentSpaceNames\":\"/浙江传媒学院/下沙校区/第一教学楼/3F/\",\"remark\":\"教室节点\",\"sortNum\":1,\"spaceCode\":\"401\",\"spaceName\":\"401\",\"spaceType\":\"5\"}');
INSERT INTO `wr_log_oper_detail` VALUES ('ccd0cb84bb3347409ba8da319744c7e1', 'be69810d9341435da22af4af76f2ca96', '223', '{\"createTime\":1606127974000,\"id\":\"223\",\"isDelete\":\"0\",\"isLocked\":\"0\",\"lastLoginTime\":1606127744000,\"passWord\":\"1\",\"personNum\":\"XS20180114\",\"salt\":\"1\",\"sysUserId\":\"222\",\"userEmail\":\"\",\"userMobile\":\"\",\"userName\":\"XS20180113\"}', null);
INSERT INTO `wr_log_oper_detail` VALUES ('ccf82a753c9b44618d78f8358078f117', '9e778ab748de418384d49a1ba1ba45dc', 'd94a178dd88e4ec4bcdfd71609c5ec18', null, '{\"createBy\":\"lisi\",\"createId\":\"1\",\"id\":\"d94a178dd88e4ec4bcdfd71609c5ec18\",\"parentId\":\"7\",\"parentIds\":\"/0/1/2/4/7/\",\"parentSpaceCode\":\"1F\",\"parentSpaceCodes\":\"/ZJCMXY/XSXQ/JXL1/1F/\",\"parentSpaceName\":\"1F\",\"parentSpaceNames\":\"/浙江传媒学院/下沙校区/第一教学楼/1F/\",\"sortNum\":15,\"spaceCode\":\"103AA\",\"spaceName\":\"103AA\",\"spaceType\":\"5\"}');
INSERT INTO `wr_log_oper_detail` VALUES ('cd3dc6e6f480471daef9a054b6b34f17', '7609324807124de3b0d12fe4a3ad7677', '92b38b1fdf1e42ee85bf8c56e3f0b58b', '{\"ascriptionType\":\"1\",\"createBy\":\"lisi\",\"createId\":\"1\",\"createTime\":1606720220000,\"createWay\":\"0\",\"depCode\":\"kj1111\",\"depDesc\":\"会计1111\",\"depName\":\"会计1111\",\"depType\":\"1_3\",\"id\":\"92b38b1fdf1e42ee85bf8c56e3f0b58b\",\"isDelete\":\"0\",\"parentId\":\"13\",\"parentIds\":\"/0/1/12/13/\",\"sortNum\":1}', '{\"ascriptionType\":\"1\",\"depCode\":\"kj1111\",\"depDesc\":\"会计1111\",\"depName\":\"会计1111\",\"depType\":\"1_3\",\"id\":\"92b38b1fdf1e42ee85bf8c56e3f0b58b\",\"parentId\":\"13\",\"sortNum\":1}');
INSERT INTO `wr_log_oper_detail` VALUES ('cf4aab39141b49c18c6e6d208f763c3e', '3b3ee51dcb1c43e6901e078f9f779f07', 'b3ac88398be441a2b623ec8bdd4db3a4', null, '{\"createBy\":\"lisi\",\"createId\":\"1\",\"id\":\"b3ac88398be441a2b623ec8bdd4db3a4\",\"sysRoleId\":\"2\",\"sysUserId\":\"01dbacd5df904b28bb98e68fa303b854\"}');
INSERT INTO `wr_log_oper_detail` VALUES ('cf9218c65326442a8b4b08c3778d437b', 'bfe9b2ab7d914829bf27c295e69346fb', 'b9126edbc8df4361ad7ae6644f7da8b8', '{\"createBy\":\"lisi\",\"createId\":\"1\",\"createTime\":1605576682000,\"id\":\"b9126edbc8df4361ad7ae6644f7da8b8\",\"isDelete\":\"0\",\"parentId\":\"0\",\"parentIds\":\"/0/\",\"parentSpaceCode\":\"/\",\"parentSpaceCodes\":\"/\",\"parentSpaceName\":\"/\",\"parentSpaceNames\":\"/\",\"sortNum\":1,\"spaceCode\":\"HBZFZYXY1\",\"spaceName\":\"河北政法职业学院\",\"spaceType\":\"1\"}', '{\"id\":\"b9126edbc8df4361ad7ae6644f7da8b8\",\"parentId\":\"0\",\"sortNum\":1,\"spaceCode\":\"HBZFZYXY1\",\"spaceName\":\"河北政法职业学院1\",\"spaceType\":\"1\"}');
INSERT INTO `wr_log_oper_detail` VALUES ('cf9fce7ca69b4ad1a6102219bbe0d615', '9a648f88e8aa4e6bbbf6e8210e21e809', '266fabd8880b4876bb197675aae8b75f', null, '{\"createBy\":\"lisi\",\"createId\":\"1\",\"id\":\"266fabd8880b4876bb197675aae8b75f\",\"personName\":\"爱丽丝\",\"personNum\":\"111111\"}');
INSERT INTO `wr_log_oper_detail` VALUES ('d0369927c2034b78891a1a84690f4612', '554bd90fb0a64085a055162178c1d65f', '36', '{\"ascriptionType\":\"2\",\"createBy\":\"1\",\"createId\":\"1\",\"createTime\":1606360116000,\"deleteTime\":1606361324000,\"iconStyle\":\"\",\"iconUrl\":\"\",\"id\":\"36\",\"isDelete\":\"0\",\"isLocked\":\"0\",\"name\":\"XX\",\"parentId\":\"35\",\"parentIds\":\"/0/1/35/\",\"percode\":\"xxx:X\",\"remark\":\"\",\"sortNum\":1,\"type\":\"2\",\"url\":\"/xxx/xxx.action\"}', null);
INSERT INTO `wr_log_oper_detail` VALUES ('d0da8c7c09e54d8fa52c39caa4f3490f', 'eb6ac63856fc4ab79e6bc9aede6ce733', '42c32a061eec4a208c85d27dfceb2b71', null, '{\"createBy\":\"lisi\",\"createId\":\"1\",\"createTime\":1614678276013,\"createWay\":\"1\",\"id\":\"42c32a061eec4a208c85d27dfceb2b71\",\"parentId\":\"b17653ea6227498e90c69e2a9634e7ab\",\"parentIds\":\"/0/1/b17653ea6227498e90c69e2a9634e7ab/\",\"parentSpaceCode\":\"TXXQ\",\"parentSpaceCodes\":\"/ZJCMXY/TXXQ/\",\"parentSpaceName\":\"桐乡校区\",\"parentSpaceNames\":\"/浙江传媒学院/桐乡校区/\",\"remark\":\"楼宇节点\",\"sortNum\":3,\"spaceCode\":\"SJL\",\"spaceName\":\"上进楼\",\"spaceType\":\"3\"}');
INSERT INTO `wr_log_oper_detail` VALUES ('d1086ad6d201457fbe05d72489806fdc', 'b308ff256eb740cdb04630d354d8ff13', '7a3abc6a61e64bac9cf83f952e536253', null, '{\"createBy\":\"lisi\",\"createId\":\"1\",\"endTime\":1596425374000,\"examSubjectsName\":\"高等数学8\",\"examineeCount\":50,\"hallCode\":\"xs0008\",\"id\":\"7a3abc6a61e64bac9cf83f952e536253\",\"invigilatorIds\":\"1,2\",\"invigilatorsLoginTime\":30,\"startTime\":1596425370000,\"studentLoginTime\":10}');
INSERT INTO `wr_log_oper_detail` VALUES ('d13223010287471383f16c7a74dd14de', '2f8ce0415d8c480385e5a9bc55998343', '5301566b5bbd46fd9fac91415a9b51dd', '{\"createBy\":\"lisi\",\"createId\":\"1\",\"createTime\":1609303822000,\"createWay\":\"0\",\"id\":\"5301566b5bbd46fd9fac91415a9b51dd\",\"isCurrentSem\":\"0\",\"isDelete\":\"0\",\"schoolYearEnd\":2020,\"schoolYearStart\":2018,\"semCode\":\"2018-2020-1\",\"semDateEnd\":1579708800000,\"semDateStart\":1567267200000,\"semNum\":1,\"totalWeeks\":22}', '{\"id\":\"5301566b5bbd46fd9fac91415a9b51dd\",\"isCurrentSem\":\"0\",\"schoolYearEnd\":2020,\"schoolYearStart\":2018,\"semCode\":\"2018-2020-1\",\"semDateEnd\":1579708800000,\"semDateStart\":1567267200000,\"semNum\":1,\"totalWeeks\":22}');
INSERT INTO `wr_log_oper_detail` VALUES ('d141d274ed2340c28d9ab87bf9c01cec', 'c999ea0c1fb54ad38d8de252aa7a3b75', '2', '{\"createBy\":\"lisi\",\"createId\":\"1\",\"createTime\":1596425390000,\"createWay\":\"0\",\"endTime\":1596425374000,\"examStatus\":\"1\",\"examSubjectsName\":\"高等数学2\",\"examineeCount\":50,\"hallCode\":\"xs0002\",\"id\":\"2\",\"invigilatorsLoginTime\":30,\"isDelete\":\"0\",\"startTime\":1596425370000,\"studentLoginTime\":10}', '{\"deleteTime\":1596597664631,\"id\":\"2\",\"isDelete\":\"1\"}');
INSERT INTO `wr_log_oper_detail` VALUES ('d1e6f630c6424d1d9e7be32035c3cdf5', '2c58104fc324462c8035c657783c7675', '7090c03da7e34a2993d0f082881d14a6', null, '{\"createBy\":\"lisi\",\"createId\":\"1\",\"id\":\"7090c03da7e34a2993d0f082881d14a6\",\"parentId\":\"424febb138c545eea4de6a76f81ccb72\",\"parentIds\":\"0/1/3/424febb138c545eea4de6a76f81ccb72\",\"sortNum\":1,\"spaceAlias\":\"\",\"spaceCode\":\"1F\",\"spaceName\":\"1F\",\"spaceType\":\"4\"}');
INSERT INTO `wr_log_oper_detail` VALUES ('d255c7af7cb34ba79096c63040824f18', '98cc3b3b8db84917aaaf518524489e28', 'f34e1f2c3561433293766c90fa213641', '{\"className\":\"一年级\",\"createBy\":\"lisi\",\"createId\":\"1\",\"createTime\":1606814275000,\"createWay\":\"0\",\"gradeYear\":2012,\"id\":\"f34e1f2c3561433293766c90fa213641\",\"isDelete\":\"0\"}', null);
INSERT INTO `wr_log_oper_detail` VALUES ('d257befd2f5349afa10bd8aa9fed7cdd', '9f27a10546844f1b826c5ef0d9c456ea', '1', '{\"age\":18,\"birthday\":1594569600000,\"createBy\":\"admin\",\"createId\":\"0\",\"createTime\":1573107331000,\"createWay\":\"0\",\"headImgUrl\":\"http://192.168.1.110/static_resources/imgs/defaultHeadImg.jpg\",\"id\":\"1\",\"isDelete\":\"0\",\"isLocked\":\"0\",\"nickname\":\"隔壁大老李\",\"personName\":\"李四\",\"personNum\":\"XS20180112\",\"profile\":\"你好，我是李四\",\"sex\":\"1\"}', '{\"headImgUrl\":\"headImg/1/99d0f78e5456e9f9d9ee3bcc989d4044.png\",\"id\":\"1\"}');
INSERT INTO `wr_log_oper_detail` VALUES ('d2631dbb323245398570a4b1d74f2593', '704f48b890b74e3e801c8e95ea3f6a16', '7a3abc6a61e64bac9cf83f952e536253', '{\"createBy\":\"lisi\",\"createId\":\"1\",\"createTime\":1596445939000,\"createWay\":\"0\",\"endTime\":1596425374000,\"examStatus\":\"0\",\"examSubjectsName\":\"高等数学8\",\"examineeCount\":50,\"hallCode\":\"xs0008\",\"id\":\"7a3abc6a61e64bac9cf83f952e536253\",\"invigilatorsLoginTime\":30,\"isDelete\":\"0\",\"startTime\":1596425370000,\"studentLoginTime\":10}', '{\"classId\":\"161\",\"endTime\":1596338970000,\"examSubjectsName\":\"熠彤.白\",\"examineeCount\":661,\"hallCode\":\"87709\",\"id\":\"7a3abc6a61e64bac9cf83f952e536253\",\"invigilatorIds\":\"3,4\",\"invigilatorsLoginTime\":319,\"startTime\":1596252570000,\"studentLoginTime\":278}');
INSERT INTO `wr_log_oper_detail` VALUES ('d2de73b155154804915d5b33f0be4461', '8789b2641ffb4735b5677d6785fc7b0f', '78ee0a7e99744aaab4d00ac58b90ff22', null, '{\"id\":\"78ee0a7e99744aaab4d00ac58b90ff22\",\"passWord\":\"c2f60e53d2f4c95c193670bc53b1ad34\",\"personNum\":\"111111\",\"salt\":\"111111\",\"sysUserId\":\"266fabd8880b4876bb197675aae8b75f\",\"userName\":\"111111\"}');
INSERT INTO `wr_log_oper_detail` VALUES ('d3cb2b3731b24a1ca913ea093aeef064', '3e56775162f04a5cadda881cd3c452c8', '4', '{\"createTime\":1596187440000,\"id\":\"4\",\"isDelete\":\"0\",\"isLocked\":\"0\",\"lastLoginTime\":1596354370000,\"passWord\":\"1\",\"personNum\":\"XS20180103\",\"remark\":\"\",\"salt\":\"ahua\",\"sysUserId\":\"4\",\"userEmail\":\"\",\"userMobile\":\"\",\"userName\":\"ahua\"}', '{\"id\":\"4\",\"passWord\":\"a2f31bdb7b26d667ec4082881a74d66d\"}');
INSERT INTO `wr_log_oper_detail` VALUES ('d47266a0b0404f8b96b1f3394b17fca9', '39e1559c069b4525bce8b88162a2724c', 'ca0afdf0c5dc4388a958edbd385d9806', null, '{\"createBy\":\"lisi\",\"createId\":\"1\",\"createTime\":1614675931051,\"createWay\":\"1\",\"id\":\"ca0afdf0c5dc4388a958edbd385d9806\",\"parentId\":\"9\",\"parentIds\":\"/0/1/2/4/9/\",\"parentSpaceCode\":\"3F\",\"parentSpaceCodes\":\"/ZJCMXY/XSXQ/JXL1/3F/\",\"parentSpaceName\":\"3F\",\"parentSpaceNames\":\"/浙江传媒学院/下沙校区/第一教学楼/3F/\",\"remark\":\"教室节点\",\"sortNum\":2,\"spaceCode\":\"402\",\"spaceName\":\"402\",\"spaceType\":\"5\"}');
INSERT INTO `wr_log_oper_detail` VALUES ('d4c1f0be452049b09625a5fb005e6ef6', 'afe04415c17e4699a0097fe754b8fc67', 'fbc358e040ef4b6d9802c69ce5e86114', null, '{\"accessProtocol\":\"1\",\"accessPwd\":\"12345\",\"accessUser\":\"admin\",\"createBy\":\"lisi\",\"createId\":\"1\",\"deviceLocation\":\"Q\",\"deviceName\":\"摄像机3(前)\",\"deviceType\":\"1\",\"flvGetUrl\":\"/live/ZJCMXY_XSXQ_JXL1_1F_102_Q.flv\",\"hlsGetUrl\":\"/live/ZJCMXY_XSXQ_JXL1_1F_102_Q.m3u8\",\"id\":\"fbc358e040ef4b6d9802c69ce5e86114\",\"ipAddr\":\"192.168.4.69\",\"isEnableControl\":\"1\",\"isSupportAbsoluteMove\":\"0\",\"isSupportContinuousMove\":\"0\",\"isSupportControl\":\"1\",\"onvifPwd\":\"12345\",\"onvifUser\":\"admin\",\"rtmpGetUrl\":\"/live/ZJCMXY_XSXQ_JXL1_1F_102_Q\",\"rtspUrlMain\":\"rtsp://admin:12345@192.168.4.69:554/h264/ch1/main/av_stream\",\"rtspUrlSub\":\"rtsp://admin:12345@192.168.4.69:554/h264/ch1/sub/av_stream\",\"schSpaceId\":\"11\",\"serialNumber\":\"333333333333\"}');
INSERT INTO `wr_log_oper_detail` VALUES ('d5182de00de346cbb5d9d5ccb2798b2c', 'fda18bba0a4e4cd2b6b0308ec04473cc', '18', '{\"createBy\":\"1\",\"createId\":\"1\",\"createTime\":1598410481000,\"id\":\"18\",\"sysPermissionId\":\"3\",\"sysRoleId\":\"6\"}', null);
INSERT INTO `wr_log_oper_detail` VALUES ('d6d5552525cb48a49fb35c9fd35a89d2', '468ecf6698444934a5e8a57c42058268', 'b844c5afda40452ab1cba6ee7b12ecb6', null, '{\"createBy\":\"lisi\",\"createId\":\"1\",\"createTime\":1615279820877,\"createWay\":\"1\",\"id\":\"b844c5afda40452ab1cba6ee7b12ecb6\",\"parentId\":\"21\",\"parentIds\":\"/0/1/3/16/21/\",\"parentSpaceCode\":\"3F\",\"parentSpaceCodes\":\"/ZJCMXY/TXXQ/JXLA/3F/\",\"parentSpaceName\":\"3F\",\"parentSpaceNames\":\"/浙江传媒学院/桐乡校区/教学楼A区/3F/\",\"remark\":\"教室节点\",\"sortNum\":2,\"spaceCode\":\"302\",\"spaceName\":\"302\",\"spaceType\":\"5\"}');
INSERT INTO `wr_log_oper_detail` VALUES ('d86bd4534f6a43a593e837c3f38a857f', '970d286069914b9e9baf58a2712198d2', '5d882e7abf894e0280cf7eb5d0be7e36', null, '{\"createBy\":\"lisi\",\"createId\":\"1\",\"createTime\":1614677321119,\"createWay\":\"1\",\"id\":\"5d882e7abf894e0280cf7eb5d0be7e36\",\"parentId\":\"9\",\"parentIds\":\"/0/1/2/4/9/\",\"parentSpaceCode\":\"3F\",\"parentSpaceCodes\":\"/ZJCMXY/XSXQ/JXL1/3F/\",\"parentSpaceName\":\"3F\",\"parentSpaceNames\":\"/浙江传媒学院/下沙校区/第一教学楼/3F/\",\"remark\":\"教室节点\",\"sortNum\":3,\"spaceCode\":\"403\",\"spaceName\":\"403\",\"spaceType\":\"5\"}');
INSERT INTO `wr_log_oper_detail` VALUES ('d878d40956144732a0a86cddbc001020', '64f01f6aee3040fba6f75cb4aac19330', '3', '{\"createBy\":\"李四\",\"createId\":\"1\",\"createTime\":1604563303000,\"id\":\"3\",\"isDelete\":\"0\",\"parentId\":\"1\",\"parentIds\":\"/0/1/\",\"parentSpaceCode\":\"ZJCMXY\",\"parentSpaceCodes\":\"/ZJCMXY/\",\"parentSpaceName\":\"浙江传媒学院\",\"parentSpaceNames\":\"/浙江传媒学院/\",\"sortNum\":1,\"spaceCode\":\"TXXQ\",\"spaceName\":\"桐乡校区\",\"spaceType\":\"2\"}', '{\"id\":\"3\",\"parentId\":\"1\",\"sortNum\":1,\"spaceCode\":\"TXXQ1\",\"spaceName\":\"桐乡校区1\",\"spaceType\":\"2\"}');
INSERT INTO `wr_log_oper_detail` VALUES ('d899c57e563341c9ac514d3fc9773671', 'e1c3e22b9b5e4d33af22c894881f263a', '24464be99a9947b89422ef6a3f98ecd2', null, '{\"createBy\":\"lisi\",\"createId\":\"1\",\"createTime\":1615890551257,\"createWay\":\"0\",\"dateForWeeks\":1609948800000,\"id\":\"24464be99a9947b89422ef6a3f98ecd2\",\"isCancel\":\"0\",\"isRecord\":\"1\",\"planForm\":\"李四\",\"schCourseTableBaseId\":\"4\",\"weeks\":19}');
INSERT INTO `wr_log_oper_detail` VALUES ('d8a2375fb523473eaf58e25733c6cb11', '188ee7edbf324837ac8e2f0223c66277', 'f36b67ddef7a417480fb1a5f16488006', '{\"ascriptionType\":\"0\",\"createBy\":\"0\",\"createId\":\"0\",\"createTime\":1606098466000,\"iconStyle\":\"\",\"iconUrl\":\"\",\"id\":\"f36b67ddef7a417480fb1a5f16488006\",\"isDelete\":\"0\",\"isLocked\":\"0\",\"name\":\"0\",\"parentId\":\"35\",\"parentIds\":\"0\",\"percode\":\"0\",\"sortNum\":0,\"type\":\"0\",\"url\":\"0\"}', null);
INSERT INTO `wr_log_oper_detail` VALUES ('d8c9a1c6f4774e42bfe12d15af71db18', '6dceb20fedd04046b805d215ffbc95b4', '5301566b5bbd46fd9fac91415a9b51dd', null, '{\"createBy\":\"lisi\",\"createId\":\"1\",\"id\":\"5301566b5bbd46fd9fac91415a9b51dd\",\"isCurrentSem\":\"0\",\"schoolYearEnd\":2020,\"schoolYearStart\":2018,\"semCode\":\"2018-2020-1\",\"semDateEnd\":1579708800000,\"semDateStart\":1567267200000,\"semNum\":1,\"totalWeeks\":22}');
INSERT INTO `wr_log_oper_detail` VALUES ('d94b49cd5fa04183880f4b442ce001ba', 'eae3f3d1781c404bab624942adefb9c5', 'c2f8181436ed48918ecda2044d149ffc', null, '{\"id\":\"c2f8181436ed48918ecda2044d149ffc\",\"passWord\":\"c2f60e53d2f4c95c193670bc53b1ad34\",\"personNum\":\"111111\",\"salt\":\"111111\",\"sysUserId\":\"6f448f08020a42ecb8437cbafc9d0743\",\"userName\":\"111111\"}');
INSERT INTO `wr_log_oper_detail` VALUES ('d978ce517fef4bdcb0e33986e6e656fe', 'cd9bc6ba04c940bea56971c9b7e8f512', '224', '{\"createTime\":1606128233000,\"id\":\"224\",\"isDelete\":\"0\",\"isLocked\":\"0\",\"lastLoginTime\":1606127744000,\"passWord\":\"1\",\"personNum\":\"XS20180115\",\"salt\":\"1\",\"sysUserId\":\"223\",\"userEmail\":\"1\",\"userMobile\":\"1\",\"userName\":\"XS20180114\"}', null);
INSERT INTO `wr_log_oper_detail` VALUES ('da0a592a1a8c462c9c8ec5701d8a1fe3', '71be975be1db419793674ca03818f100', 'f2b2607f3dea41509bdef1e2ab1882ce', '{\"createBy\":\"lisi\",\"createId\":\"1\",\"createTime\":1596021144000,\"createWay\":\"0\",\"id\":\"f2b2607f3dea41509bdef1e2ab1882ce\",\"isDelete\":\"0\",\"isLocked\":\"0\",\"isRegistered\":\"0\",\"personName\":\"爱丽丝\",\"personNum\":\"111111\"}', '{\"id\":\"f2b2607f3dea41509bdef1e2ab1882ce\",\"isRegistered\":\"1\"}');
INSERT INTO `wr_log_oper_detail` VALUES ('da242e11519a4f7c86d6db2ea77bdbac', 'edf9bff908e94d959b562998ba33184d', 'b36506b3d7114c23a078060110a5065f', null, '{\"createBy\":\"lisi\",\"createId\":\"1\",\"createTime\":1614740815657,\"createWay\":\"1\",\"id\":\"b36506b3d7114c23a078060110a5065f\",\"parentId\":\"9\",\"parentIds\":\"/0/1/2/4/9/\",\"parentSpaceCode\":\"3F\",\"parentSpaceCodes\":\"/ZJCMXY/XSXQ/JXL1/3F/\",\"parentSpaceName\":\"3F\",\"parentSpaceNames\":\"/浙江传媒学院/下沙校区/第一教学楼/3F/\",\"remark\":\"教室节点\",\"sortNum\":2,\"spaceCode\":\"402\",\"spaceName\":\"402\",\"spaceType\":\"5\"}');
INSERT INTO `wr_log_oper_detail` VALUES ('da8924d9a1f3478abbb38138525f4ccb', 'c0d6bc7fe4894dfebdef02b8861194f8', 'dba24924389445429be9669b2d2ba4a6', '{\"createBy\":\"lisi\",\"createId\":\"1\",\"createTime\":1606107707000,\"id\":\"dba24924389445429be9669b2d2ba4a6\",\"sysRoleId\":\"22\",\"sysUserId\":\"44\"}', null);
INSERT INTO `wr_log_oper_detail` VALUES ('db5b75181c464e9bad0ee8c9ca7572a1', '689f724848fd4aafbdf1f4884f74b413', '1', '{\"createTime\":1594606436000,\"deleteTime\":1595407583000,\"id\":\"1\",\"isDelete\":\"0\",\"isLocked\":\"0\",\"passWord\":\"0c1b64535abaa1e871009019c6bcde0e\",\"personNum\":\"XS20180112\",\"remark\":\"\",\"salt\":\"lisi\",\"sysUserId\":\"1\",\"userEmail\":\"workmail2018@126.com\",\"userMobile\":\"\",\"userName\":\"lisi\"}', '{\"id\":\"1\",\"userMobile\":\"13051028127\"}');
INSERT INTO `wr_log_oper_detail` VALUES ('dbc9806276fa4d5ca35ca46ca4939db6', 'c67547da035a422290581c7cbad0b50d', '16285a2515e04585a50a25b1aced9992', null, '{\"createBy\":\"lisi\",\"createId\":\"1\",\"id\":\"16285a2515e04585a50a25b1aced9992\",\"sysRoleId\":\"1\",\"sysUserId\":\"266fabd8880b4876bb197675aae8b75f\"}');
INSERT INTO `wr_log_oper_detail` VALUES ('dd346efc1abb4980aef02b23c3f827c0', 'f5f7536f253f4ff39e2bf56dbf661a56', '05bd50854da04551b7221ab16fd3ef48', '{\"accessPwd\":\"12345\",\"accessUser\":\"admin\",\"connectStatus\":\"1\",\"createBy\":\"lisi\",\"createId\":\"1\",\"createTime\":1605078630000,\"deviceName\":\"讲台计算机\",\"deviceType\":\"2\",\"flvGetUrl\":\"/live/101_3.flv\",\"hlsGetUrl\":\"/live/101_3.m3u8\",\"id\":\"05bd50854da04551b7221ab16fd3ef48\",\"ipAddr\":\"192.168.1.100\",\"isActive\":\"1\",\"isDelete\":\"0\",\"isEnableControl\":\"0\",\"isSupportControl\":\"0\",\"rtmpGetUrl\":\"/live/101_3\",\"schoolSpaceId\":\"10\",\"serialNumber\":\"76481-640-8834005-12569\"}', '{\"accessPwd\":\"0\",\"accessUser\":\"0\",\"connectStatus\":\"0\",\"deviceName\":\"0\",\"deviceType\":\"0\",\"flvGetUrl\":\"0\",\"hlsGetUrl\":\"0\",\"id\":\"05bd50854da04551b7221ab16fd3ef48\",\"ipAddr\":\"0\",\"isActive\":\"0\",\"isEnableControl\":\"0\",\"isSupportControl\":\"0\",\"rtmpGetUrl\":\"0\",\"schoolSpaceId\":\"0\",\"serialNumber\":\"0\"}');
INSERT INTO `wr_log_oper_detail` VALUES ('ddc0469e05b949738137b232d3eade58', '8df94a2714f6446b97ad60a5852ca2c3', '3cb41614cb8f4481ae46d241a69d28f4', '{\"accessProtocol\":\"1\",\"accessPwd\":\"12345\",\"accessUser\":\"admin\",\"connectStatus\":\"0\",\"createBy\":\"lisi\",\"createId\":\"1\",\"createTime\":1605954908000,\"deviceLocation\":\"S\",\"deviceName\":\"摄像机7(前)\",\"deviceType\":\"1\",\"flvGetUrl\":\"/live/ZJCMXY_XSXQ_JXL1_1F_107_S.flv\",\"hlsGetUrl\":\"/live/ZJCMXY_XSXQ_JXL1_1F_107_S.m3u8\",\"id\":\"3cb41614cb8f4481ae46d241a69d28f4\",\"ipAddr\":\"192.168.1.74\",\"isActive\":\"1\",\"isDelete\":\"0\",\"isEnableControl\":\"1\",\"isSupportControl\":\"1\",\"onvifPwd\":\"12345\",\"onvifUser\":\"admin\",\"rtmpGetUrl\":\"/live/ZJCMXY_XSXQ_JXL1_1F_107_S\",\"rtspUrlMain\":\"rtsp://admin:12345@192.168.1.74:554/h264/ch1/main/av_stream\",\"rtspUrlSub\":\"rtsp://admin:12345@192.168.1.74:554/h264/ch1/sub/av_stream\",\"schoolSpaceId\":\"403acee6098e41b8ba1237feadac1905\",\"serialNumber\":\"7777777777\"}', null);
INSERT INTO `wr_log_oper_detail` VALUES ('de555cc95c034ea187e28708f9cad82c', '451239c9d33c413880923a58c82fefeb', '586a44ef05b14510bda5fa0aa1cf91a3', null, '{\"createBy\":\"lisi\",\"createId\":\"1\",\"createTime\":1615864266980,\"createWay\":\"0\",\"dateForWeeks\":1609862400000,\"id\":\"586a44ef05b14510bda5fa0aa1cf91a3\",\"isCancel\":\"0\",\"isRecord\":\"0\",\"planForm\":\"李四\",\"schCourseTableBaseId\":\"3\",\"weeks\":19}');
INSERT INTO `wr_log_oper_detail` VALUES ('dee0db32923d49579bf246d495bbfd43', '7173a28243f04f34856ee9c1ed91bb40', '33', '{\"createBy\":\"lisi\",\"createId\":\"1\",\"createTime\":1606112093000,\"id\":\"33\",\"sysRoleId\":\"33\",\"sysUserId\":\"22\"}', null);
INSERT INTO `wr_log_oper_detail` VALUES ('deee0322aba04d848e2103907cb1aa69', 'bbae10ef8f6e484d925b6be0d9d15e93', '558330104331416aba3f09b75c557596', '{\"abnormalMillis\":\"\",\"abnormalTime\":1606032740000,\"createBy\":\"lisi\",\"createId\":\"1\",\"createTime\":1606036352000,\"createWay\":\"0\",\"examAbnormal\":\"0\",\"examinationHallCode\":\"xs0003\",\"examinationHallId\":\"3\",\"examineeId\":\"4273f8f3314d4668b56e0b1ba6ca8c73\",\"id\":\"558330104331416aba3f09b75c557596\",\"isDelete\":\"0\",\"originalFile\":\"\",\"studentCode\":\"JJJJJJJJJ\",\"videoCoverImg\":\"\",\"videoDuration\":\"\",\"videoName\":\"\",\"videoPath\":\"\",\"videoStatus\":\"\",\"watchCount\":26}', null);
INSERT INTO `wr_log_oper_detail` VALUES ('df537aed9da14a738cf64ff025f3f47b', 'c831040e98e047839e825c14eaa07f07', 'd58e2b488cc1419490a9c57d5c3cb1b5', null, '{\"accessProtocol\":\"1\",\"createBy\":\"lisi\",\"createId\":\"1\",\"deviceLocation\":\"PF\",\"deviceName\":\"讲台计算机(前)\",\"deviceType\":\"2\",\"flvGetUrl\":\"/live/ZJCMXY_XSXQ_JXL1_1F_102_VGA.flv\",\"hlsGetUrl\":\"/live/ZJCMXY_XSXQ_JXL1_1F_102_VGA.m3u8\",\"id\":\"d58e2b488cc1419490a9c57d5c3cb1b5\",\"ipAddr\":\"192.168.5.69\",\"rtmpGetUrl\":\"/live/ZJCMXY_XSXQ_JXL1_1F_102_VGA\",\"schSpaceId\":\"11\",\"serialNumber\":\"333333333333\"}');
INSERT INTO `wr_log_oper_detail` VALUES ('e0d552009d3a494ab81499a048002002', 'cdee9a877b8c4cfba68dab0799d59082', '91909ae053db4880a5b19192e369d9d1', '{\"createBy\":\"记得填充\",\"createId\":\"记得填充\",\"createTime\":1592061927000,\"id\":\"91909ae053db4880a5b19192e369d9d1\",\"sysPermissionId\":\"21\",\"sysRoleId\":\"3\"}', null);
INSERT INTO `wr_log_oper_detail` VALUES ('e0fd5578597247c88199d1eb9c610c30', '8c82d467e57d457289e4d128ee2d5ae8', '13', '{\"ascriptionType\":\"1\",\"createBy\":\"1\",\"createId\":\"0\",\"createTime\":1573108029000,\"iconStyle\":\"\",\"iconUrl\":\"\",\"id\":\"13\",\"isDelete\":\"0\",\"isLocked\":\"0\",\"name\":\"商品修改\",\"parentId\":\"11\",\"parentIds\":\"/0/1/2/11/\",\"percode\":\"item:update\",\"remark\":\"\",\"sortNum\":2,\"type\":\"button\",\"url\":\"/item/editItem.action\"}', null);
INSERT INTO `wr_log_oper_detail` VALUES ('e116e7aa40e84e2ea4a023b412045c93', '00e65ea54e9d46a79a385b58d98f66f2', '4273f8f3314d4668b56e0b1ba6ca8c71', '{\"createBy\":\"lisi\",\"createId\":\"1\",\"createTime\":1606036177000,\"createWay\":\"0\",\"examAbnormal\":\"0\",\"examinationHallCode\":\"xs0003\",\"examinationHallId\":\"3\",\"exitTime\":1606036176000,\"id\":\"4273f8f3314d4668b56e0b1ba6ca8c71\",\"isDelete\":\"0\",\"liveAddressPull\":\"/live/xs0002_XS00002.flv\",\"liveAddressPush\":\"/live/xs0002_XS00002\",\"loginTime\":1606036168000,\"studentCode\":\"111111\",\"studentName\":\"爱丽丝\",\"studentStatus\":\"0\"}', null);
INSERT INTO `wr_log_oper_detail` VALUES ('e187f4b249f2417c846fde87eb904eec', 'ef7957022b1f4f3984abdc39d6668b37', '1', '{\"createBy\":\"lisi\",\"createId\":\"1\",\"createTime\":1596425331000,\"createWay\":\"0\",\"endTime\":1596424949000,\"examStatus\":\"0\",\"examSubjectsName\":\"高等数学1\",\"examineeCount\":45,\"hallCode\":\"xs0001\",\"id\":\"1\",\"invigilatorsLoginTime\":30,\"isDelete\":\"0\",\"showAlbum\":\"1\",\"startTime\":1596424945000,\"studentLoginTime\":10}', '{\"id\":\"1\",\"showAlbum\":\"0\"}');
INSERT INTO `wr_log_oper_detail` VALUES ('e1b6962d711e4ed18c69b1be0508f385', '67bb8f65d1574857bae34d07cf70e444', '50164a78d88647ec963660e7112b0ec7', null, '{\"createBy\":\"lisi\",\"createId\":\"1\",\"id\":\"50164a78d88647ec963660e7112b0ec7\",\"sysPermissionId\":\"33\",\"sysRoleId\":\"22\"}');
INSERT INTO `wr_log_oper_detail` VALUES ('e1c72991b9734bd0aa7195258f07283e', '519d7dc6a7c34e12b7e85f204ab502f7', 'd2a3ab4ddfde459d8c3f20b5d9d76603', null, '{\"createBy\":\"lisi\",\"createId\":\"1\",\"createTime\":1615805131321,\"createWay\":\"0\",\"dateForWeeks\":1598976000000,\"id\":\"d2a3ab4ddfde459d8c3f20b5d9d76603\",\"isCancel\":\"0\",\"isRecord\":\"0\",\"planForm\":\"李四\",\"schCourseTableBaseId\":\"3\",\"weeks\":1}');
INSERT INTO `wr_log_oper_detail` VALUES ('e1e8a0341b424bd4af67f5ec719de0e6', '526975ea4ffd455a962c3d5d88a966c1', '4c8e7813758d4be3afa3f1fc0ce87dc8', null, '{\"createBy\":\"记得填充\",\"createId\":\"记得填充\",\"createTime\":1573108029000,\"id\":\"4c8e7813758d4be3afa3f1fc0ce87dc8\",\"isLocked\":\"0\",\"name\":\"商品管理\",\"parentId\":\"2\",\"parentIds\":\"0/1/2\",\"percode\":\"item:query\",\"remark\":\"\",\"sortString\":\"1\",\"type\":\"2\",\"url\":\"/item/queryItem.action\"}');
INSERT INTO `wr_log_oper_detail` VALUES ('e226d52f35f74673a856708855640970', '796e33f6f17a4a93ba6032b4b58e24df', 'b9126edbc8df4361ad7ae6644f7da8b8', '{\"createBy\":\"lisi\",\"createId\":\"1\",\"createTime\":1605576682000,\"id\":\"b9126edbc8df4361ad7ae6644f7da8b8\",\"isDelete\":\"0\",\"parentId\":\"0\",\"parentIds\":\"/0/\",\"parentSpaceCode\":\"/\",\"parentSpaceCodes\":\"/\",\"parentSpaceName\":\"/\",\"parentSpaceNames\":\"/\",\"sortNum\":1,\"spaceCode\":\"HBZFZYXY\",\"spaceName\":\"河北政法职业学院\",\"spaceType\":\"1\"}', '{\"id\":\"b9126edbc8df4361ad7ae6644f7da8b8\",\"parentId\":\"0\",\"sortNum\":1,\"spaceCode\":\"HBZFZYXY\",\"spaceName\":\"河北政法职业学院\",\"spaceType\":\"1\"}');
INSERT INTO `wr_log_oper_detail` VALUES ('e28b481125924dddabe96e3173765fad', '43ec7ad3888a4d38867263dda4d80e35', '4273f8f3314d4668b56e0b1ba6ca8c72', '{\"createBy\":\"lisi\",\"createId\":\"1\",\"createTime\":1606036194000,\"createWay\":\"0\",\"examAbnormal\":\"0\",\"examinationHallCode\":\"xs0003\",\"examinationHallId\":\"3\",\"exitTime\":1606036176000,\"id\":\"4273f8f3314d4668b56e0b1ba6ca8c72\",\"isDelete\":\"0\",\"liveAddressPull\":\"/live/xs0002_XS00002.flv\",\"liveAddressPush\":\"/live/xs0002_XS00002\",\"loginTime\":1606036168000,\"studentCode\":\"111111\",\"studentName\":\"爱丽丝\",\"studentStatus\":\"0\"}', null);
INSERT INTO `wr_log_oper_detail` VALUES ('e387eb93f3e74cb180b4305981a00854', 'cc48d8cdaf6c4cd3b428e80575f25ca6', 'fe80a47cfabc49b7ac6a35a0bc309b7a', null, '{\"createBy\":\"lisi\",\"createId\":\"1\",\"id\":\"fe80a47cfabc49b7ac6a35a0bc309b7a\",\"sysRoleId\":\"1\",\"sysUserId\":\"6070271afb5b45c6a5288d026c563a85\"}');
INSERT INTO `wr_log_oper_detail` VALUES ('e3db902879e845518c6efa5b704e8437', '451239c9d33c413880923a58c82fefeb', '62fc386b63284a6da49bfd5fbfdefb6c', null, '{\"createBy\":\"lisi\",\"createId\":\"1\",\"createTime\":1615864266503,\"createWay\":\"0\",\"dateForWeeks\":1609257600000,\"id\":\"62fc386b63284a6da49bfd5fbfdefb6c\",\"isCancel\":\"0\",\"isRecord\":\"0\",\"planForm\":\"李四\",\"schCourseTableBaseId\":\"3\",\"weeks\":18}');
INSERT INTO `wr_log_oper_detail` VALUES ('e479469512414fae8c2f662a34d980c0', 'cc48d8cdaf6c4cd3b428e80575f25ca6', '05faeea0d06447d3b93cbfbcda4d8f21', null, '{\"createBy\":\"lisi\",\"createId\":\"1\",\"id\":\"05faeea0d06447d3b93cbfbcda4d8f21\",\"sysRoleId\":\"2\",\"sysUserId\":\"6070271afb5b45c6a5288d026c563a85\"}');
INSERT INTO `wr_log_oper_detail` VALUES ('e64e51be845242a2891c7f5967d70a16', '19896a3bbc984647892eca6f2b530988', '90ba734a2b0f4bb3bd940695a318d5ed', null, '{\"createBy\":\"lisi\",\"createId\":\"1\",\"id\":\"90ba734a2b0f4bb3bd940695a318d5ed\",\"sysRoleId\":\"55\",\"sysUserId\":\"22\"}');
INSERT INTO `wr_log_oper_detail` VALUES ('e6abd981091649a998925ba637a3f5d0', '8c82d467e57d457289e4d128ee2d5ae8', '22', '{\"ascriptionType\":\"1\",\"createBy\":\"1\",\"createId\":\"0\",\"createTime\":1573108029000,\"iconStyle\":\"\",\"iconUrl\":\"\",\"id\":\"22\",\"isDelete\":\"0\",\"isLocked\":\"0\",\"name\":\"用户新增\",\"parentId\":\"21\",\"parentIds\":\"/0/1/2/21/\",\"percode\":\"user:create\",\"remark\":\"\",\"sortNum\":1,\"type\":\"button\",\"url\":\"/user/add.action\"}', null);
INSERT INTO `wr_log_oper_detail` VALUES ('e6f00f3335204a8685f75e719d912d93', '088d15a925774b2d8c35f10ec477f0a2', '227cf93f5e7342db9d2ea9a1b714c432', null, '{\"connectStatus\":\"0\",\"createBy\":\"lisi\",\"createId\":\"1\",\"createTime\":1615256686083,\"createWay\":\"1\",\"deviceLocation\":\"PF\",\"deviceName\":\"讲台计算机\",\"deviceType\":\"2\",\"flvGetUrl\":\"/live/ZJCMXY_XSXQ_JXL1_1F_102_VGA.flv\",\"hlsGetUrl\":\"/live/ZJCMXY_XSXQ_JXL1_1F_102_VGA.m3u8\",\"id\":\"227cf93f5e7342db9d2ea9a1b714c432\",\"ipAddr\":\"192.168.1.129\",\"isActive\":\"1\",\"isEnableControl\":\"0\",\"isSupportAbsoluteMove\":\"0\",\"isSupportContinuousMove\":\"0\",\"isSupportControl\":\"0\",\"remark\":\"讲台计算机设备\",\"rtmpGetUrl\":\"/live/ZJCMXY_XSXQ_JXL1_1F_102_VGA\",\"schSpaceId\":\"11\",\"serialNumber\":\"\"}');
INSERT INTO `wr_log_oper_detail` VALUES ('e704fbc905c44635acbe122304acaae3', '0dd59be6d8194031a2b2df7703671931', 'batchInsert', null, '[{\"createBy\":\"lisi\",\"createId\":\"1\",\"id\":\"2e9f875540cb46d4a341494f4737ee8a\",\"sysRoleId\":\"7\",\"sysUserId\":\"f2b2607f3dea41509bdef1e2ab1882ce\"},{\"createBy\":\"lisi\",\"createId\":\"1\",\"id\":\"b6381e51390e4d6c80a6819246d70348\",\"sysRoleId\":\"8\",\"sysUserId\":\"f2b2607f3dea41509bdef1e2ab1882ce\"},{\"createBy\":\"lisi\",\"createId\":\"1\",\"id\":\"322e9333e2944ee19b67e6904706b1d1\",\"sysRoleId\":\"9\",\"sysUserId\":\"f2b2607f3dea41509bdef1e2ab1882ce\"}]');
INSERT INTO `wr_log_oper_detail` VALUES ('e88504ccaca646f28451ab77940401e7', 'a8902f2ecef14a8b84ccbafb1ad7565e', '1', '{\"age\":18,\"birthday\":770054400000,\"createBy\":\"admin\",\"createId\":\"0\",\"createTime\":1573107331000,\"createWay\":\"0\",\"headImgUrl\":\"headImg/defaultHeadImg.jpg\",\"id\":\"1\",\"isDelete\":\"0\",\"isLocked\":\"0\",\"isRegistered\":\"1\",\"nickname\":\"隔壁大老李\",\"personName\":\"李四\",\"personNum\":\"XS20180112\",\"profile\":\"你好，我是李四\",\"sex\":\"1\"}', '{\"headImgUrl\":\"headImg/1/5bbf1f7c6fc0260157070964c407f179.png\",\"id\":\"1\"}');
INSERT INTO `wr_log_oper_detail` VALUES ('e8959ebcb19445e492275f42ebb5a374', '519d7dc6a7c34e12b7e85f204ab502f7', '898214b6eaed4d3a98daf0ed7e621583', null, '{\"createBy\":\"lisi\",\"createId\":\"1\",\"createTime\":1615805130688,\"createWay\":\"0\",\"dateForWeeks\":1599494400000,\"id\":\"898214b6eaed4d3a98daf0ed7e621583\",\"isCancel\":\"0\",\"isRecord\":\"1\",\"planForm\":\"李四\",\"schCourseTableBaseId\":\"2\",\"weeks\":2}');
INSERT INTO `wr_log_oper_detail` VALUES ('eadf4707a2744d99afc668db06355cd6', '451239c9d33c413880923a58c82fefeb', '3dfe63504fab45a19ddcd6607bb6c826', null, '{\"createBy\":\"lisi\",\"createId\":\"1\",\"createTime\":1615864266046,\"createWay\":\"0\",\"dateForWeeks\":1602086400000,\"id\":\"3dfe63504fab45a19ddcd6607bb6c826\",\"isCancel\":\"0\",\"isRecord\":\"1\",\"planForm\":\"李四\",\"schCourseTableBaseId\":\"4\",\"weeks\":6}');
INSERT INTO `wr_log_oper_detail` VALUES ('eb3132d62a87464ea2c6ad9009e31819', '547eb18a7aef4f1dbb3b84556a4c9fb6', '61a8283053c2422ba3d22f2b8c6edd94', null, '{\"createBy\":\"记得填充\",\"createId\":\"记得填充\",\"createTime\":1573107697000,\"id\":\"61a8283053c2422ba3d22f2b8c6edd94\",\"isLocked\":\"0\",\"roleCode\":\"SPGLY\",\"roleName\":\"商品管理员\"}');
INSERT INTO `wr_log_oper_detail` VALUES ('ebb74813b5134ef4a45861bc8ed4c0eb', 'ef52c304c71c4b9d91f7794059f75531', '4273f8f3314d4668b56e0b1ba6ca8c7f', '{\"createBy\":\"lisi\",\"createId\":\"1\",\"createTime\":1596593351000,\"createWay\":\"0\",\"examinationHallCode\":\"xs0002\",\"examinationHallId\":\"2\",\"id\":\"4273f8f3314d4668b56e0b1ba6ca8c7f\",\"isDelete\":\"0\",\"liveAddressPull\":\"http://192.168.1.136:8080/live/xs0002/XS00002.flv\",\"liveAddressPush\":\"rtmp://192.168.1.136:1935/live/xs0002/XS00002\",\"studentCode\":\"XS00002\",\"studentName\":\"李四2\",\"studentStatus\":\"0\"}', '{\"examinationHallCode\":\"xs0003\",\"examinationHallId\":\"3\",\"id\":\"4273f8f3314d4668b56e0b1ba6ca8c7f\",\"studentCode\":\"XS00003\",\"studentName\":\"李四3\"}');
INSERT INTO `wr_log_oper_detail` VALUES ('ebd3fd05bb7a4927952b0ed37cfc7d4e', '20a07b78315c4220bd86a2dffd4749e5', '23', '{\"ascriptionType\":\"1\",\"createBy\":\"1\",\"createId\":\"0\",\"createTime\":1573108029000,\"id\":\"23\",\"isDelete\":\"0\",\"isLocked\":\"0\",\"name\":\"用户修改\",\"parentId\":\"21\",\"parentIds\":\"/0/1/2/21/\",\"percode\":\"user:update\",\"sortNum\":2,\"type\":\"button\",\"url\":\"/user/editItem.action\"}', null);
INSERT INTO `wr_log_oper_detail` VALUES ('ebff8a9e09ca4b43950651c19087e6f3', '2f59babf0333468280dfee3d5dcc6229', '9536d1cf832248509963f8872cd5290d', null, '{\"createBy\":\"lisi\",\"createId\":\"1\",\"createTime\":1615896212682,\"createWay\":\"0\",\"dateForWeeks\":1602086400000,\"id\":\"9536d1cf832248509963f8872cd5290d\",\"isCancel\":\"0\",\"isRecord\":\"1\",\"planCreator\":\"李四\",\"planForm\":\"1_1\",\"schCourseTableBaseId\":\"4\",\"weeks\":6}');
INSERT INTO `wr_log_oper_detail` VALUES ('ece90bf369604202a1cd6ab4d1a2c1d7', '0db9b732002f4738b61e4670058f58f3', '35', '{\"ascriptionType\":\"2\",\"createBy\":\"1\",\"createId\":\"1\",\"createTime\":1606359891000,\"deleteTime\":1606361323000,\"iconStyle\":\"\",\"iconUrl\":\"\",\"id\":\"35\",\"isDelete\":\"0\",\"isLocked\":\"0\",\"name\":\"X\",\"parentId\":\"1\",\"parentIds\":\"/0/1/\",\"percode\":\"\",\"remark\":\"\",\"sortNum\":1,\"type\":\"1\",\"url\":\"/xxx/xxx\"}', null);
INSERT INTO `wr_log_oper_detail` VALUES ('ed018a7e36ac4a3d919b4fc88836ba73', '16ff727d7e4249fd8df0e432191f3a0b', '46eb6ad7d95047f1a23d647efd769260', '{\"categoryCode\":\"X22222XX\",\"categoryName\":\"X22222XX类\",\"createBy\":\"lisi\",\"createId\":\"1\",\"createTime\":1606897183000,\"createWay\":\"0\",\"id\":\"46eb6ad7d95047f1a23d647efd769260\",\"isDelete\":\"0\"}', null);
INSERT INTO `wr_log_oper_detail` VALUES ('ed232c29bd4243eda9e18fab4e80960d', '52d55e3c952d4f75a7a62d6e93f0501e', '5877fea1b40049758dd5789391ca1ecc', null, '{\"createBy\":\"lisi\",\"createId\":\"1\",\"createTime\":1614677977933,\"createWay\":\"1\",\"id\":\"5877fea1b40049758dd5789391ca1ecc\",\"parentId\":\"1\",\"parentIds\":\"/0/1/\",\"parentSpaceCode\":\"ZJCMXY\",\"parentSpaceCodes\":\"/ZJCMXY/\",\"parentSpaceName\":\"浙江传媒学院\",\"parentSpaceNames\":\"/浙江传媒学院/\",\"remark\":\"校区节点\",\"sortNum\":1,\"spaceCode\":\"XSXQ\",\"spaceName\":\"下沙校区\",\"spaceType\":\"2\"}');
INSERT INTO `wr_log_oper_detail` VALUES ('ed44d0994e374266841c2260c899b2e0', '0c06f517f166444ba3944465a97cd186', 'f090b2d9d43947889ffd37ab819df91d', null, '{\"createBy\":\"记得填充\",\"createId\":\"记得填充\",\"id\":\"f090b2d9d43947889ffd37ab819df91d\",\"sysPermissionId\":\"29\",\"sysRoleId\":\"3\"}');
INSERT INTO `wr_log_oper_detail` VALUES ('ee048bcb60c34a35b3a424ecaf64481d', '70f197ba3fdf40db95084058b268656a', 'batchInsert', null, '[{\"createBy\":\"lisi\",\"createId\":\"1\",\"id\":\"657ad7bbae06443caba59b27a552e7cb\",\"sysRoleId\":\"1\",\"sysUserId\":\"f2b2607f3dea41509bdef1e2ab1882ce\"},{\"createBy\":\"lisi\",\"createId\":\"1\",\"id\":\"11aaadb2fb694761b4fa5330f451e931\",\"sysRoleId\":\"2\",\"sysUserId\":\"f2b2607f3dea41509bdef1e2ab1882ce\"},{\"createBy\":\"lisi\",\"createId\":\"1\",\"id\":\"44d5d259e96f47eabf5f0c7e94ad79a4\",\"sysRoleId\":\"3\",\"sysUserId\":\"f2b2607f3dea41509bdef1e2ab1882ce\"}]');
INSERT INTO `wr_log_oper_detail` VALUES ('ee2c32d3241b4514a392a05069fd86e3', '99a28402fdb84f4891671ab24c262a08', '921eb1c149f94dea915cbfef7357187b', null, '{\"id\":\"921eb1c149f94dea915cbfef7357187b\",\"passWord\":\"b6f8daff78cfcb486454e6914e666c71\",\"personNum\":\"XS20180180\",\"salt\":\"wangwu\",\"sysUserId\":\"ad84c30d089744d9b1630e10d23e3fc7\",\"userName\":\"wangwu\"}');
INSERT INTO `wr_log_oper_detail` VALUES ('eecffc0ad02b4c7db8f274f797f9ffdf', 'cdee9a877b8c4cfba68dab0799d59082', '5', '{\"createBy\":\"1\",\"createId\":\"0\",\"createTime\":1591179399000,\"id\":\"5\",\"sysPermissionId\":\"22\",\"sysRoleId\":\"2\"}', null);
INSERT INTO `wr_log_oper_detail` VALUES ('efc8414898494098924205b75365385a', 'bca6bde2fc624b8bb9783fd6a2ee3140', '7', '{\"createBy\":\"1\",\"createId\":\"0\",\"createTime\":1591179399000,\"id\":\"7\",\"sysPermissionId\":\"2\",\"sysRoleId\":\"1\"}', null);
INSERT INTO `wr_log_oper_detail` VALUES ('f0a2ab0174bf40a2b317260a5e0ef1c9', '655e8d0f47774083bb5ef7ea9c8acc37', '14a67c9e148642bb98f2df1c3f99c825', null, '{\"createBy\":\"lisi\",\"createId\":\"1\",\"id\":\"14a67c9e148642bb98f2df1c3f99c825\",\"parentId\":\"6635bcab1cc94652a90dcc68be315513\",\"parentIds\":\"/0/b9126edbc8df4361ad7ae6644f7da8b8/485d7943066f41a28261a2a4274da1af/6635bcab1cc94652a90dcc68be315513/\",\"parentSpaceCode\":\"JXLA\",\"parentSpaceCodes\":\"/ZJCMXY/TXXQ/JXLA/\",\"parentSpaceName\":\"教学楼A\",\"parentSpaceNames\":\"/浙江传媒学院/桐乡校区/教学楼A/\",\"sortNum\":1,\"spaceCode\":\"A101\",\"spaceName\":\"A101\",\"spaceType\":\"4\"}');
INSERT INTO `wr_log_oper_detail` VALUES ('f0c6eff5c84c4dce8aa99a54ab6a19b3', '16dde6774a624498b42a7d6f0ba33591', '3', '{\"createBy\":\"1\",\"createId\":\"0\",\"createTime\":1573108029000,\"id\":\"3\",\"isDelete\":\"0\",\"isLocked\":\"0\",\"name\":\"测试菜单\",\"parentId\":\"2\",\"parentIds\":\"0/1/2\",\"percode\":\"item:query\",\"sortString\":\"1\",\"type\":\"2\",\"url\":\"/item/queryItem.action\"}', '{\"createBy\":\"1\",\"createId\":\"0\",\"id\":\"3\",\"name\":\"custom\",\"url\":\"/custom/custom.action\"}');
INSERT INTO `wr_log_oper_detail` VALUES ('f15e7582edab4d86883570585be247cb', '328332adc3e64410a51d00180bf5073a', 'da28d5d126bf44e985cd54dd1fee9a8b', null, '{\"createBy\":\"lisi\",\"createId\":\"1\",\"id\":\"da28d5d126bf44e985cd54dd1fee9a8b\",\"sysRoleId\":\"66\",\"sysUserId\":\"23\"}');
INSERT INTO `wr_log_oper_detail` VALUES ('f1b0cad236fe4d8b998849de4409f6a0', 'f3af19a206824a1eb90b88932a7e1a7e', '4a3140e5664b40ba94822e5947294d36', null, '{\"accessProtocol\":\"1\",\"accessPwd\":\"12345\",\"accessUser\":\"admin\",\"connectStatus\":\"0\",\"createBy\":\"lisi\",\"createId\":\"1\",\"createTime\":1615256190340,\"createWay\":\"1\",\"deviceLocation\":\"N\",\"deviceName\":\"摄像头前\",\"deviceType\":\"1\",\"flvGetUrl\":\"/live/ZJCMXY_XSXQ_JXL1_1F_102_N.flv\",\"hlsGetUrl\":\"/live/ZJCMXY_XSXQ_JXL1_1F_102_N.m3u8\",\"id\":\"4a3140e5664b40ba94822e5947294d36\",\"ipAddr\":\"192.168.1.130\",\"isActive\":\"1\",\"isEnableControl\":\"0\",\"isSupportAbsoluteMove\":\"0\",\"isSupportContinuousMove\":\"0\",\"isSupportControl\":\"0\",\"remark\":\"摄像机设备\",\"rtmpGetUrl\":\"/live/ZJCMXY_XSXQ_JXL1_1F_102_N\",\"rtspUrlMain\":\"rtsp://admin:12345@192.168.1.130:554/h264/ch1/main/av_stream\",\"rtspUrlSub\":\"rtsp://admin:12345@192.168.1.130:554/h264/ch1/sub/av_stream\",\"schSpaceId\":\"11\",\"serialNumber\":\"CS-58445-KFOWNC-547846\"}');
INSERT INTO `wr_log_oper_detail` VALUES ('f28d07bf755e497ea85d40313e041274', '5dd2512539e94360aecda8c99e1954e2', 'b9126edbc8df4361ad7ae6644f7da8b8', '{\"createBy\":\"lisi\",\"createId\":\"1\",\"createTime\":1605576682000,\"id\":\"b9126edbc8df4361ad7ae6644f7da8b8\",\"isDelete\":\"0\",\"parentId\":\"0\",\"parentIds\":\"/0/\",\"parentSpaceCode\":\"/\",\"parentSpaceCodes\":\"/\",\"parentSpaceName\":\"/\",\"parentSpaceNames\":\"/\",\"sortNum\":1,\"spaceCode\":\"HBZFZYXY2\",\"spaceName\":\"河北政法职业学院2\",\"spaceType\":\"1\"}', '{\"id\":\"b9126edbc8df4361ad7ae6644f7da8b8\",\"parentId\":\"0\",\"sortNum\":1,\"spaceCode\":\"HBZFZYXY\",\"spaceName\":\"河北政法职业学院\",\"spaceType\":\"1\"}');
INSERT INTO `wr_log_oper_detail` VALUES ('f42343c286cb4130a590e4d1d89fdec2', '07faba7e40814727a0599e664afbfd3c', '222', '{\"birthday\":1606060800000,\"createBy\":\"lisi\",\"createId\":\"0\",\"createTime\":1606116001000,\"createWay\":\"0\",\"headImgUrl\":\"\",\"id\":\"222\",\"isDelete\":\"0\",\"isLocked\":\"0\",\"isRegistered\":\"0\",\"nickname\":\"\",\"personName\":\"爱丽丝\",\"personNum\":\"1111112\",\"position\":\"\",\"profile\":\"\",\"sex\":\"\"}', '{\"id\":\"222\",\"isRegistered\":\"-1\"}');
INSERT INTO `wr_log_oper_detail` VALUES ('f461cf7f8c89419cb3b74198a7325d21', '546e01bb6426421088fd21d467cb6266', '403acee6098e41b8ba1237feadac1904', '{\"createBy\":\"lisi\",\"createId\":\"1\",\"createTime\":1605954322000,\"id\":\"403acee6098e41b8ba1237feadac1904\",\"isDelete\":\"0\",\"parentId\":\"6635bcab1cc94652a90dcc68be315513\",\"parentIds\":\"/0/b9126edbc8df4361ad7ae6644f7da8b8/485d7943066f41a28261a2a4274da1af/6635bcab1cc94652a90dcc68be315513/\",\"parentSpaceCode\":\"AQ1\",\"parentSpaceCodes\":\"/HBZFZYXY/BBXQ/AQ1/\",\"parentSpaceName\":\"A区1\",\"parentSpaceNames\":\"/河北政法职业学院/本部校区/A区1/\",\"sortNum\":1,\"spaceAlias\":\"\",\"spaceCode\":\"A_105\",\"spaceName\":\"A_105\",\"spaceType\":\"4\"}', null);
INSERT INTO `wr_log_oper_detail` VALUES ('f4834c2c9cd04fe2a05b324bce9c1d6d', 'abe84a1887c049fb907f2d4198547be6', '37', '{\"ascriptionType\":\"2\",\"createBy\":\"1\",\"createId\":\"1\",\"createTime\":1606360177000,\"iconStyle\":\"\",\"iconUrl\":\"\",\"id\":\"37\",\"isDelete\":\"0\",\"isLocked\":\"0\",\"name\":\"XXX\",\"parentId\":\"36\",\"parentIds\":\"/0/1/35/36/\",\"percode\":\"xxx:XX\",\"sortNum\":1,\"type\":\"button\",\"url\":\"/xxx/xxx.action\"}', null);
INSERT INTO `wr_log_oper_detail` VALUES ('f4aaf95f509e4dadb264d8d89a67c931', '72e3fc199b174422a7d57851da656c5b', '81ff2a1820b04d87a520bcbcf6e922b8', null, '{\"answer\":\"1\",\"basicAuthId\":\"2\",\"createBy\":\"lisi\",\"createId\":\"1\",\"createTime\":1606097273065,\"createWay\":\"0\",\"id\":\"81ff2a1820b04d87a520bcbcf6e922b8\",\"rank\":1,\"securityQuestionId\":\"1\"}');
INSERT INTO `wr_log_oper_detail` VALUES ('f4e76d666d404a6598f3e782db66ecb8', '1c9c6d962cf84c33bdaf99362e95ce8e', 'b9126edbc8df4361ad7ae6644f7da8b8', '{\"createBy\":\"lisi\",\"createId\":\"1\",\"createTime\":1605576682000,\"id\":\"b9126edbc8df4361ad7ae6644f7da8b8\",\"isDelete\":\"0\",\"parentId\":\"0\",\"parentIds\":\"/0/\",\"parentSpaceCode\":\"/\",\"parentSpaceCodes\":\"/\",\"parentSpaceName\":\"/\",\"parentSpaceNames\":\"/\",\"sortNum\":1,\"spaceCode\":\"HBZFZYXY\",\"spaceName\":\"河北政法职业学院\",\"spaceType\":\"1\"}', '{\"id\":\"b9126edbc8df4361ad7ae6644f7da8b8\",\"parentId\":\"0\",\"sortNum\":1,\"spaceCode\":\"HBZFZYXY\",\"spaceName\":\"河北政法职业学院\",\"spaceType\":\"1\"}');
INSERT INTO `wr_log_oper_detail` VALUES ('f5484e9da08e4be0aa338bb6a38f8f76', 'e1c3e22b9b5e4d33af22c894881f263a', '2bc665dc780b425ab2f219759390a417', null, '{\"createBy\":\"lisi\",\"createId\":\"1\",\"createTime\":1615890550811,\"createWay\":\"0\",\"dateForWeeks\":1602000000000,\"id\":\"2bc665dc780b425ab2f219759390a417\",\"isCancel\":\"0\",\"isRecord\":\"0\",\"planForm\":\"李四\",\"schCourseTableBaseId\":\"3\",\"weeks\":6}');
INSERT INTO `wr_log_oper_detail` VALUES ('f595bdabb6df4497aa5b41f376673ebe', '90c5b74cfa4f4b1891225eba9d51f946', '25', '{\"ascriptionType\":\"1\",\"createBy\":\"admin\",\"createId\":\"1\",\"createTime\":1606784454000,\"createWay\":\"0\",\"depCode\":\"ceshiyu2\",\"depDesc\":\"测试语2\",\"depName\":\"测试语2\",\"depType\":\"1_3\",\"id\":\"25\",\"isDelete\":\"0\",\"parentId\":\"23\",\"parentIds\":\"/0/1/12/23/\",\"sortNum\":1}', null);
INSERT INTO `wr_log_oper_detail` VALUES ('f5ac0fa16d754bc6ac5ab624f1cc3f50', '468ecf6698444934a5e8a57c42058268', 'd27a14449ba342fbae6232ccc3f9753c', null, '{\"createBy\":\"lisi\",\"createId\":\"1\",\"createTime\":1615279824772,\"createWay\":\"1\",\"id\":\"d27a14449ba342fbae6232ccc3f9753c\",\"parentId\":\"21\",\"parentIds\":\"/0/1/3/16/21/\",\"parentSpaceCode\":\"3F\",\"parentSpaceCodes\":\"/ZJCMXY/TXXQ/JXLA/3F/\",\"parentSpaceName\":\"3F\",\"parentSpaceNames\":\"/浙江传媒学院/桐乡校区/教学楼A区/3F/\",\"remark\":\"教室节点\",\"sortNum\":3,\"spaceCode\":\"303\",\"spaceName\":\"303\",\"spaceType\":\"5\"}');
INSERT INTO `wr_log_oper_detail` VALUES ('f62db10f03dd45db84c3e37128e3a481', '5d6a767c7347446bb3fc07922312dadf', 'b9126edbc8df4361ad7ae6644f7da8b8', '{\"createBy\":\"lisi\",\"createId\":\"1\",\"createTime\":1605576682000,\"id\":\"b9126edbc8df4361ad7ae6644f7da8b8\",\"isDelete\":\"0\",\"parentId\":\"0\",\"parentIds\":\"/0/\",\"parentSpaceCode\":\"/\",\"parentSpaceCodes\":\"/\",\"parentSpaceName\":\"/\",\"parentSpaceNames\":\"/\",\"sortNum\":1,\"spaceCode\":\"HBZFZYXY\",\"spaceName\":\"河北政法职业学院\",\"spaceType\":\"1\"}', '{\"id\":\"b9126edbc8df4361ad7ae6644f7da8b8\",\"parentId\":\"0\",\"sortNum\":1,\"spaceCode\":\"HBZFZYXY1\",\"spaceName\":\"河北政法职业学院\",\"spaceType\":\"1\"}');
INSERT INTO `wr_log_oper_detail` VALUES ('f76fa1c5a197442490b6165120770440', '858dda24f11a449c8cbcf5dc20ca25ac', '4273f8f3314d4668b56e0b1ba6ca8c7f', '{\"createBy\":\"lisi\",\"createId\":\"1\",\"createTime\":1596593351000,\"createWay\":\"0\",\"examinationHallCode\":\"xs0003\",\"examinationHallId\":\"3\",\"id\":\"4273f8f3314d4668b56e0b1ba6ca8c7f\",\"isDelete\":\"0\",\"liveAddressPull\":\"http://192.168.1.136:8080/live/xs0002/XS00002.flv\",\"liveAddressPush\":\"rtmp://192.168.1.136:1935/live/xs0002/XS00002\",\"studentCode\":\"XS00003\",\"studentName\":\"李四3\",\"studentStatus\":\"0\"}', '{\"deleteTime\":1596594608558,\"id\":\"4273f8f3314d4668b56e0b1ba6ca8c7f\",\"isDelete\":\"1\"}');
INSERT INTO `wr_log_oper_detail` VALUES ('f7ba32d97bc64af19829bbee54a81546', 'cdee9a877b8c4cfba68dab0799d59082', '4', '{\"createBy\":\"1\",\"createId\":\"0\",\"createTime\":1591179399000,\"id\":\"4\",\"sysPermissionId\":\"15\",\"sysRoleId\":\"1\"}', null);
INSERT INTO `wr_log_oper_detail` VALUES ('f8a5e9fc86794f4588afd1fe09260558', 'bbae10ef8f6e484d925b6be0d9d15e93', '558330104331416aba3f09b75c557595', '{\"abnormalMillis\":\"\",\"abnormalTime\":1606032740000,\"createBy\":\"lisi\",\"createId\":\"1\",\"createTime\":1606035974000,\"createWay\":\"0\",\"examAbnormal\":\"0\",\"examinationHallCode\":\"xs0003\",\"examinationHallId\":\"3\",\"examineeId\":\"4273f8f3314d4668b56e0b1ba6ca8c72\",\"id\":\"558330104331416aba3f09b75c557595\",\"isDelete\":\"0\",\"originalFile\":\"\",\"studentCode\":\"JJJJJJJJJ\",\"videoCoverImg\":\"\",\"videoDuration\":\"\",\"videoName\":\"\",\"videoPath\":\"\",\"videoStatus\":\"\",\"watchCount\":26}', null);
INSERT INTO `wr_log_oper_detail` VALUES ('fb630b9214744968946daf326b50bb1c', '328332adc3e64410a51d00180bf5073a', '1b4ec1f7e35e45f68648401ecd0d8de2', null, '{\"createBy\":\"lisi\",\"createId\":\"1\",\"id\":\"1b4ec1f7e35e45f68648401ecd0d8de2\",\"sysRoleId\":\"55\",\"sysUserId\":\"22\"}');
INSERT INTO `wr_log_oper_detail` VALUES ('fbba3c82fd8b4adc95eab525fc4b48c9', '65b11e88f62e4fe883dae595701ecd1d', '3c7c13c4fd994234964d45924c44862d', null, '{\"createBy\":\"lisi\",\"createId\":\"1\",\"examinationHallCode\":\"xs0002\",\"examinationHallId\":\"2\",\"id\":\"3c7c13c4fd994234964d45924c44862d\",\"liveAddressPull\":\"http://192.168.1.136:8080/live/xs0002_XS00004.flv\",\"liveAddressPush\":\"rtmp://192.168.1.136:1935/live/xs0002_XS00004\",\"studentCode\":\"XS00004\",\"studentName\":\"李四4\"}');
INSERT INTO `wr_log_oper_detail` VALUES ('fd48d859eb054afeb54dce0c659965ce', '0b52c79cf5b844b286aa9b022819138e', 'batchInsert', null, '[{\"createBy\":\"lisi\",\"createId\":\"1\",\"examinationHallId\":\"7a3abc6a61e64bac9cf83f952e536253\",\"id\":\"00c435aec6544d45b7c0109f2f4614be\",\"sysUserId\":\"3\"},{\"createBy\":\"lisi\",\"createId\":\"1\",\"examinationHallId\":\"7a3abc6a61e64bac9cf83f952e536253\",\"id\":\"8fda38952d494803a2ef7702d7f53721\",\"sysUserId\":\"4\"}]');
INSERT INTO `wr_log_oper_detail` VALUES ('fd9eee95393f4e1aa84cd9986017f5ca', 'b4432366d9ed4a8f968d3619bad905cb', '9ff880a7b71d486e9c4de19b6bdba41f', null, '{\"age\":23,\"birthday\":1516636800000,\"createBy\":\"lisi\",\"createId\":\"1\",\"createTime\":1612500805604,\"createWay\":\"1\",\"headImgUrl\":\"/headImg/defaultHeadImg.jpg\",\"id\":\"9ff880a7b71d486e9c4de19b6bdba41f\",\"isRegistered\":\"0\",\"nickname\":\"测试昵称2\",\"personName\":\"测试姓名2\",\"personNum\":\"100000002\",\"position\":\"测试职位2\",\"profile\":\"测试个人简介2\",\"sex\":\"2\"}');
INSERT INTO `wr_log_oper_detail` VALUES ('fdb57e73e61e48919cf011fcc160a317', '19896a3bbc984647892eca6f2b530988', 'c61d2e9f842b484f844dd1d5ec7a5a5c', null, '{\"createBy\":\"lisi\",\"createId\":\"1\",\"id\":\"c61d2e9f842b484f844dd1d5ec7a5a5c\",\"sysRoleId\":\"66\",\"sysUserId\":\"22\"}');
INSERT INTO `wr_log_oper_detail` VALUES ('fdcd2b47705342729ed886cea0c4ddaf', '952c0256c1d349f1a347e08e5f38b12c', '9ef6d53433044f5fb7e3a0e573e9e588', '{\"accessProtocol\":\"\",\"accessPwd\":\"\",\"accessUser\":\"\",\"connectStatus\":\"0\",\"createBy\":\"lisi\",\"createId\":\"1\",\"createTime\":1605866752000,\"deviceLocation\":\"讲台\",\"deviceName\":\"讲台计算机3\",\"deviceType\":\"2\",\"flvGetUrl\":\"/live/ZJCMXY_XSXQ_JXL1_1F_103_VGA.flv\",\"hlsGetUrl\":\"/live/ZJCMXY_XSXQ_JXL1_1F_103_VGA.m3u8\",\"id\":\"9ef6d53433044f5fb7e3a0e573e9e588\",\"ipAddr\":\"192.168.1.70\",\"isActive\":\"1\",\"isDelete\":\"0\",\"isEnableControl\":\"0\",\"isSupportControl\":\"0\",\"onvifPwd\":\"\",\"onvifUser\":\"\",\"rtmpGetUrl\":\"/live/ZJCMXY_XSXQ_JXL1_1F_103_VGA\",\"rtspUrlMain\":\"1\",\"rtspUrlSub\":\"1\",\"schoolSpaceId\":\"12\",\"serialNumber\":\"22222222\"}', null);
INSERT INTO `wr_log_oper_detail` VALUES ('fe17872cd8b34885b6bd0eb19aa9e4dc', '7ef9259875de42ccbbb9eaab0ea37840', '558330104331416aba3f09b75c557596', '{\"createBy\":\"lisi\",\"createId\":\"1\",\"createTime\":1597484402000,\"createWay\":\"0\",\"examAbnormal\":\"0\",\"examinationHallCode\":\"xs0003\",\"examinationHallId\":\"3\",\"examineeId\":\"067a07316db14a79b04c36f72bc9adab\",\"id\":\"558330104331416aba3f09b75c557596\",\"isDelete\":\"0\",\"studentCode\":\"JJJJJJJJJ\",\"watchCount\":26}', null);
INSERT INTO `wr_log_oper_detail` VALUES ('fe4bf090dba4494886af0209136b769f', '20a07b78315c4220bd86a2dffd4749e5', '25', '{\"ascriptionType\":\"1\",\"createBy\":\"1\",\"createId\":\"0\",\"createTime\":1573108029000,\"id\":\"25\",\"isDelete\":\"0\",\"isLocked\":\"0\",\"name\":\"用户查询\",\"parentId\":\"21\",\"parentIds\":\"/0/1/2/21/\",\"percode\":\"user:query\",\"remark\":\"\",\"sortNum\":4,\"type\":\"button\",\"url\":\"/user/query.action\"}', null);
INSERT INTO `wr_log_oper_detail` VALUES ('fe77c09240b94cd0b1844ab5975ec8ae', '519d7dc6a7c34e12b7e85f204ab502f7', 'e451ba49a20347b0944d4b740121a75a', null, '{\"createBy\":\"lisi\",\"createId\":\"1\",\"createTime\":1615805131121,\"createWay\":\"0\",\"dateForWeeks\":1601913600000,\"id\":\"e451ba49a20347b0944d4b740121a75a\",\"isCancel\":\"0\",\"isRecord\":\"1\",\"planForm\":\"李四\",\"schCourseTableBaseId\":\"2\",\"weeks\":6}');
INSERT INTO `wr_log_oper_detail` VALUES ('fedff1bf03bc45ae92c62f4f49c481ab', '088d15a925774b2d8c35f10ec477f0a2', '3634491a19dc4d1e8ffda87d242aba7e', null, '{\"accessProtocol\":\"1\",\"accessPwd\":\"12345\",\"accessUser\":\"admin\",\"connectStatus\":\"0\",\"createBy\":\"lisi\",\"createId\":\"1\",\"createTime\":1615256686084,\"createWay\":\"1\",\"deviceLocation\":\"N\",\"deviceName\":\"摄像头前\",\"deviceType\":\"1\",\"flvGetUrl\":\"/live/ZJCMXY_XSXQ_JXL1_1F_102_N.flv\",\"hlsGetUrl\":\"/live/ZJCMXY_XSXQ_JXL1_1F_102_N.m3u8\",\"id\":\"3634491a19dc4d1e8ffda87d242aba7e\",\"ipAddr\":\"192.168.1.130\",\"isActive\":\"1\",\"isEnableControl\":\"0\",\"isSupportAbsoluteMove\":\"0\",\"isSupportContinuousMove\":\"0\",\"isSupportControl\":\"0\",\"remark\":\"摄像机设备\",\"rtmpGetUrl\":\"/live/ZJCMXY_XSXQ_JXL1_1F_102_N\",\"rtspUrlMain\":\"rtsp://admin:12345@192.168.1.130:554/h264/ch1/main/av_stream\",\"rtspUrlSub\":\"rtsp://admin:12345@192.168.1.130:554/h264/ch1/sub/av_stream\",\"schSpaceId\":\"11\",\"serialNumber\":\"CS-58445-KFOWNC-547846\"}');

-- ----------------------------
-- Table structure for wr_sch_course_category
-- ----------------------------
DROP TABLE IF EXISTS `wr_sch_course_category`;
CREATE TABLE `wr_sch_course_category` (
  `id` varchar(255) NOT NULL COMMENT '主键(新增操作忽略，更新操作必填)',
  `category_code` varchar(64) NOT NULL COMMENT '分类代码',
  `category_name` varchar(255) NOT NULL COMMENT '分类名称',
  `create_id` varchar(255) NOT NULL COMMENT '创建人id，用于连表不用于显示',
  `create_by` varchar(32) NOT NULL COMMENT '创建人账号，不建议填名字，账号更改的可能性很小且又比ID稍微形象化',
  `create_way` varchar(2) NOT NULL DEFAULT '0' COMMENT '创建方式（0：程序代码创建，1：导入创建）',
  `create_time` datetime NOT NULL DEFAULT CURRENT_TIMESTAMP COMMENT '创建时间',
  `remark` varchar(255) DEFAULT NULL COMMENT '备注',
  `is_delete` char(1) DEFAULT '0' COMMENT '是否删除（0：未删除，1：删除）',
  `delete_time` datetime DEFAULT NULL COMMENT '删除时间',
  PRIMARY KEY (`id`),
  UNIQUE KEY `category_code_uniqueIndex` (`category_code`) USING BTREE
) ENGINE=InnoDB DEFAULT CHARSET=utf8 COMMENT='学校课程类别基础表，如：计算机类、会计类';

-- ----------------------------
-- Records of wr_sch_course_category
-- ----------------------------
INSERT INTO `wr_sch_course_category` VALUES ('1', '1', '计算机类', '1', 'lisi', '0', '2020-12-02 09:30:30', null, '0', null);
INSERT INTO `wr_sch_course_category` VALUES ('2', '2', '会计类', '1', 'lisi', '0', '2020-12-02 09:30:42', null, '0', null);

-- ----------------------------
-- Table structure for wr_sch_course_table_base
-- ----------------------------
DROP TABLE IF EXISTS `wr_sch_course_table_base`;
CREATE TABLE `wr_sch_course_table_base` (
  `id` varchar(255) NOT NULL COMMENT '主键(新增操作忽略，更新操作必填)',
  `course_code` varchar(255) DEFAULT NULL COMMENT '课程代码',
  `course_name` varchar(255) NOT NULL COMMENT '课程名称',
  `course_type` char(1) NOT NULL COMMENT '课程分类，1：公共必修课、2：公共选修课、3：专业必修课、4：专业选修课、5：其它',
  `people_num` int(11) DEFAULT NULL COMMENT '上课人数，如：45',
  `section_num` varchar(255) NOT NULL COMMENT '节次数，如：1、2、8、12等',
  `section_num_v` varchar(255) NOT NULL COMMENT '节次数，view视图字段，如：1-2、6-8等',
  `start_time` time NOT NULL COMMENT '开始时间',
  `end_time` time NOT NULL COMMENT '结束时间',
  `week` int(11) NOT NULL COMMENT '周几，星期几，如：1、2、7等',
  `week_v` varchar(255) NOT NULL COMMENT '周几，星期几，view视图字段，如：周一、周二、周日等',
  `weeks` varchar(255) NOT NULL COMMENT '周数，如：1、2、5、18等',
  `weeks_v` varchar(255) NOT NULL COMMENT '周数，view视图字段，如：1-2、5-18等',
  `is_join_live` char(1) NOT NULL DEFAULT '0' COMMENT '是否加入直播课表（0：未加入，1：已加入）',
  `join_live_weeks` varchar(255) DEFAULT NULL COMMENT '加入直播课表计划的周数，如：1、2、5、18等',
  `is_joined_live_all` char(1) NOT NULL DEFAULT '0' COMMENT '是否已经全部加入直播课表（0：未全部加入，1：已全部加入）',
  `sys_user_id` varchar(255) NOT NULL COMMENT '系统用户ID',
  `sch_space_id` varchar(255) NOT NULL COMMENT '学校空间信息id',
  `sch_course_category_id` varchar(255) DEFAULT NULL COMMENT '学校课程类别ID',
  `sys_department_id` varchar(255) NOT NULL COMMENT '部门组织id',
  `create_id` varchar(255) NOT NULL COMMENT '创建人id，用于连表不用于显示',
  `create_by` varchar(32) NOT NULL COMMENT '创建人账号，不建议填名字，账号更改的可能性很小且又比ID稍微形象化',
  `create_way` varchar(2) NOT NULL DEFAULT '0' COMMENT '创建方式（0：程序代码创建，1：导入创建）',
  `create_time` datetime NOT NULL DEFAULT CURRENT_TIMESTAMP COMMENT '创建时间',
  `remark` varchar(255) DEFAULT NULL COMMENT '备注',
  `is_delete` char(1) DEFAULT '0' COMMENT '是否删除（0：未删除，1：删除）',
  `delete_time` datetime DEFAULT NULL COMMENT '删除时间',
  PRIMARY KEY (`id`)
) ENGINE=InnoDB DEFAULT CHARSET=utf8 COMMENT='学校课程表，如：谁,在什么地点,什么时间,上什么专业的什么课(课表数据目前仅保存当前新学期的数据,未做学期表关联,数据来源自同步第三方中间库)';

-- ----------------------------
-- Records of wr_sch_course_table_base
-- ----------------------------
INSERT INTO `wr_sch_course_table_base` VALUES ('1', 'C025465498', '计算机原理', '1', '45', '/1/2/', '1-2', '00:00:01', '23:59:59', '1', '周一', '/1/2/5/6/18/19/20/21/22/23/24/', '1-2,5-6,18-24', '0', null, '0', '816bffd14004464a8361384daccee037', '89d9378f900e433e869e8be79ebcfe31', '1', '18', '1', '李四', '0', '2020-12-03 10:15:21', null, '0', null);
INSERT INTO `wr_sch_course_table_base` VALUES ('10', 'C065958973', '大学英语Ⅰ', '2', '30', '/5/6/7/8/', '5-8', '00:00:01', '23:59:59', '3', '周三', '/3/4/5/6/12/13/18/19/20/21/22/23/24/', '3-6,12-13,18-24', '0', null, '0', '952f8b1937bc4a9eac12b7fca345f9cf', '89d9378f900e433e869e8be79ebcfe31', '2', '21', '1', '李四', '0', '2020-12-03 11:15:21', null, '0', null);
INSERT INTO `wr_sch_course_table_base` VALUES ('11', 'C065958973', '大学英语Ⅰ', '2', '30', '/5/6/7/8/', '5-8', '00:00:01', '23:59:59', '4', '周四', '/3/4/5/6/12/13/18/19/20/21/22/23/24/', '3-6,12-13,18-24', '0', null, '0', '952f8b1937bc4a9eac12b7fca345f9cf', '89d9378f900e433e869e8be79ebcfe31', '2', '21', '1', '李四', '0', '2020-12-03 11:15:21', null, '0', null);
INSERT INTO `wr_sch_course_table_base` VALUES ('12', 'C065958973', '大学英语Ⅰ', '2', '30', '/5/6/7/8/', '5-8', '00:00:01', '23:59:59', '5', '周五', '/3/4/5/6/12/13/18/19/20/21/22/23/24/', '3-6,12-13,18-24', '0', null, '0', '952f8b1937bc4a9eac12b7fca345f9cf', '89d9378f900e433e869e8be79ebcfe31', '2', '21', '1', '李四', '0', '2020-12-03 11:15:21', null, '0', null);
INSERT INTO `wr_sch_course_table_base` VALUES ('13', 'C065958973', '大学英语Ⅰ', '2', '30', '/5/6/7/8/', '5-8', '00:00:01', '23:59:59', '6', '周六', '/3/4/5/6/12/13/18/19/20/21/22/23/24/', '3-6,12-13,18-24', '0', null, '0', '952f8b1937bc4a9eac12b7fca345f9cf', '89d9378f900e433e869e8be79ebcfe31', '2', '21', '1', '李四', '0', '2020-12-03 11:15:21', null, '0', null);
INSERT INTO `wr_sch_course_table_base` VALUES ('14', 'C065958973', '大学英语Ⅰ', '2', '30', '/5/6/7/8/', '5-8', '00:00:01', '23:59:59', '7', '周日', '/3/4/5/6/12/13/18/19/20/21/22/23/24/', '3-6,12-13,18-24', '0', null, '0', '952f8b1937bc4a9eac12b7fca345f9cf', '89d9378f900e433e869e8be79ebcfe31', '2', '21', '1', '李四', '0', '2020-12-03 11:15:21', null, '0', null);
INSERT INTO `wr_sch_course_table_base` VALUES ('15', 'C545841378', '管理学', '3', '36', '/7/8/', '7-8', '00:00:01', '23:59:59', '1', '周一', '/18/19/20/21/22/23/24/', '18-24', '0', null, '0', '816bffd14004464a8361384daccee037', '89d9378f900e433e869e8be79ebcfe31', '1', '18', '1', '李四', '0', '2020-12-03 12:15:21', null, '0', null);
INSERT INTO `wr_sch_course_table_base` VALUES ('16', 'C545841378', '管理学', '3', '36', '/7/8/', '7-8', '00:00:01', '23:59:59', '2', '周二', '/18/19/20/21/22/23/24/', '18-24', '0', null, '0', '816bffd14004464a8361384daccee037', '89d9378f900e433e869e8be79ebcfe31', '1', '18', '1', '李四', '0', '2020-12-03 12:15:21', null, '0', null);
INSERT INTO `wr_sch_course_table_base` VALUES ('17', 'C545841378', '管理学', '3', '36', '/7/8/', '7-8', '00:00:01', '23:59:59', '3', '周三', '/18/19/20/21/22/23/24/', '18-24', '0', null, '0', '816bffd14004464a8361384daccee037', '89d9378f900e433e869e8be79ebcfe31', '1', '18', '1', '李四', '0', '2020-12-03 12:15:21', null, '0', null);
INSERT INTO `wr_sch_course_table_base` VALUES ('18', 'C545841378', '管理学', '3', '36', '/7/8/', '7-8', '00:00:01', '23:59:59', '4', '周四', '/18/19/20/21/22/23/24/', '18-24', '0', null, '0', '816bffd14004464a8361384daccee037', '89d9378f900e433e869e8be79ebcfe31', '1', '18', '1', '李四', '0', '2020-12-03 12:15:21', null, '0', null);
INSERT INTO `wr_sch_course_table_base` VALUES ('19', 'C545841378', '管理学', '3', '36', '/7/8/', '7-8', '00:00:01', '23:59:59', '5', '周五', '/18/19/20/21/22/23/24/', '18-24', '0', null, '0', '816bffd14004464a8361384daccee037', '89d9378f900e433e869e8be79ebcfe31', '1', '18', '1', '李四', '0', '2020-12-03 12:15:21', null, '0', null);
INSERT INTO `wr_sch_course_table_base` VALUES ('2', 'C025465498', '计算机原理', '1', '45', '/1/2/', '1-2', '00:00:01', '23:59:59', '2', '周二', '/1/2/5/6/18/19/20/21/22/23/24/', '1-2,5-6,18-24', '1', '/5/2/6/1/18/19/', '0', '816bffd14004464a8361384daccee037', '89d9378f900e433e869e8be79ebcfe31', '1', '18', '1', '李四', '0', '2020-12-03 10:15:21', null, '0', null);
INSERT INTO `wr_sch_course_table_base` VALUES ('20', 'C545841378', '管理学', '3', '36', '/7/8/', '7-8', '00:00:01', '23:59:59', '6', '周六', '/18/19/20/21/22/23/24/', '18-24', '0', null, '0', '816bffd14004464a8361384daccee037', '89d9378f900e433e869e8be79ebcfe31', '1', '18', '1', '李四', '0', '2020-12-03 12:15:21', null, '0', null);
INSERT INTO `wr_sch_course_table_base` VALUES ('21', 'C545841378', '管理学', '3', '36', '/7/8/', '7-8', '00:00:01', '23:59:59', '7', '周日', '/18/19/20/21/22/23/24/', '18-24', '0', null, '0', '816bffd14004464a8361384daccee037', '89d9378f900e433e869e8be79ebcfe31', '1', '18', '1', '李四', '0', '2020-12-03 12:15:21', null, '0', null);
INSERT INTO `wr_sch_course_table_base` VALUES ('22', 'C976587462', '市场营销', '2', '41', '/5/6/', '5-6', '00:00:01', '23:59:59', '1', '周一', '/18/19/20/21/22/23/24/', '18-24', '0', null, '0', '952f8b1937bc4a9eac12b7fca345f9cf', '89d9378f900e433e869e8be79ebcfe31', '2', '21', '1', '李四', '0', '2020-12-03 13:15:21', null, '0', null);
INSERT INTO `wr_sch_course_table_base` VALUES ('23', 'C976587462', '市场营销', '2', '41', '/5/6/', '5-6', '00:00:01', '23:59:59', '2', '周二', '/18/19/20/21/22/23/24/', '18-24', '0', null, '0', '952f8b1937bc4a9eac12b7fca345f9cf', '89d9378f900e433e869e8be79ebcfe31', '2', '21', '1', '李四', '0', '2020-12-03 13:15:21', null, '0', null);
INSERT INTO `wr_sch_course_table_base` VALUES ('24', 'C976587462', '市场营销', '2', '41', '/5/6/', '5-6', '00:00:01', '23:59:59', '3', '周三', '/18/19/20/21/22/23/24/', '18-24', '0', null, '0', '952f8b1937bc4a9eac12b7fca345f9cf', '89d9378f900e433e869e8be79ebcfe31', '2', '21', '1', '李四', '0', '2020-12-03 13:15:21', null, '0', null);
INSERT INTO `wr_sch_course_table_base` VALUES ('25', 'C976587462', '市场营销', '2', '41', '/5/6/', '5-6', '00:00:01', '23:59:59', '4', '周四', '/18/19/20/21/22/23/24/', '18-24', '0', null, '0', '952f8b1937bc4a9eac12b7fca345f9cf', '89d9378f900e433e869e8be79ebcfe31', '2', '21', '1', '李四', '0', '2020-12-03 13:15:21', null, '0', null);
INSERT INTO `wr_sch_course_table_base` VALUES ('26', 'C976587462', '市场营销', '2', '41', '/5/6/', '5-6', '00:00:01', '23:59:59', '5', '周五', '/18/19/20/21/22/23/24/', '18-24', '0', null, '0', '952f8b1937bc4a9eac12b7fca345f9cf', '89d9378f900e433e869e8be79ebcfe31', '2', '21', '1', '李四', '0', '2020-12-03 13:15:21', null, '0', null);
INSERT INTO `wr_sch_course_table_base` VALUES ('27', 'C976587462', '市场营销', '2', '41', '/5/6/', '5-6', '00:00:01', '23:59:59', '6', '周六', '/18/19/20/21/22/23/24/', '18-24', '0', null, '0', '952f8b1937bc4a9eac12b7fca345f9cf', '89d9378f900e433e869e8be79ebcfe31', '2', '21', '1', '李四', '0', '2020-12-03 13:15:21', null, '0', null);
INSERT INTO `wr_sch_course_table_base` VALUES ('28', 'C976587462', '市场营销', '2', '41', '/5/6/', '5-6', '00:00:01', '23:59:59', '7', '周日', '/18/19/20/21/22/23/24/', '18-24', '0', null, '0', '952f8b1937bc4a9eac12b7fca345f9cf', '89d9378f900e433e869e8be79ebcfe31', '2', '21', '1', '李四', '0', '2020-12-03 13:15:21', null, '0', null);
INSERT INTO `wr_sch_course_table_base` VALUES ('29', 'C354893720', '财务', '2', '29', '/9/10/', '9-10', '00:00:01', '23:59:59', '1', '周一', '/18/19/20/21/22/23/24/', '18-24', '0', null, '0', '952f8b1937bc4a9eac12b7fca345f9cf', '89d9378f900e433e869e8be79ebcfe31', '2', '21', '1', '李四', '0', '2020-12-03 14:15:21', null, '0', null);
INSERT INTO `wr_sch_course_table_base` VALUES ('3', 'C025465498', '计算机原理', '1', '45', '/1/2/', '1-2', '00:00:01', '23:59:59', '3', '周三', '/1/2/5/6/18/19/20/21/22/23/24/', '1-2,5-6,18-24', '1', '/1/2/5/6/18/19/', '0', '816bffd14004464a8361384daccee037', '89d9378f900e433e869e8be79ebcfe31', '1', '18', '1', '李四', '0', '2020-12-03 10:15:21', null, '0', null);
INSERT INTO `wr_sch_course_table_base` VALUES ('30', 'C354893720', '财务', '2', '29', '/9/10/', '9-10', '00:00:01', '23:59:59', '2', '周二', '/18/19/20/21/22/23/24/', '18-24', '0', null, '0', '952f8b1937bc4a9eac12b7fca345f9cf', '89d9378f900e433e869e8be79ebcfe31', '2', '21', '1', '李四', '0', '2020-12-03 14:15:21', null, '0', null);
INSERT INTO `wr_sch_course_table_base` VALUES ('31', 'C354893720', '财务', '2', '29', '/9/10/', '9-10', '00:00:01', '23:59:59', '3', '周三', '/18/19/20/21/22/23/24/', '18-24', '0', null, '0', '952f8b1937bc4a9eac12b7fca345f9cf', '89d9378f900e433e869e8be79ebcfe31', '2', '21', '1', '李四', '0', '2020-12-03 14:15:21', null, '0', null);
INSERT INTO `wr_sch_course_table_base` VALUES ('32', 'C354893720', '财务', '2', '29', '/9/10/', '9-10', '00:00:01', '23:59:59', '4', '周四', '/18/19/20/21/22/23/24/', '18-24', '0', null, '0', '952f8b1937bc4a9eac12b7fca345f9cf', '89d9378f900e433e869e8be79ebcfe31', '2', '21', '1', '李四', '0', '2020-12-03 14:15:21', null, '0', null);
INSERT INTO `wr_sch_course_table_base` VALUES ('33', 'C354893720', '财务', '2', '29', '/9/10/', '9-10', '00:00:01', '23:59:59', '5', '周五', '/18/19/20/21/22/23/24/', '18-24', '0', null, '0', '952f8b1937bc4a9eac12b7fca345f9cf', '89d9378f900e433e869e8be79ebcfe31', '2', '21', '1', '李四', '0', '2020-12-03 14:15:21', null, '0', null);
INSERT INTO `wr_sch_course_table_base` VALUES ('34', 'C354893720', '财务', '2', '29', '/9/10/', '9-10', '00:00:01', '23:59:59', '6', '周六', '/18/19/20/21/22/23/24/', '18-24', '0', null, '0', '952f8b1937bc4a9eac12b7fca345f9cf', '89d9378f900e433e869e8be79ebcfe31', '2', '21', '1', '李四', '0', '2020-12-03 14:15:21', null, '0', null);
INSERT INTO `wr_sch_course_table_base` VALUES ('35', 'C354893720', '财务', '2', '29', '/9/10/', '9-10', '00:00:01', '23:59:59', '7', '周日', '/18/19/20/21/22/23/24/', '18-24', '0', null, '0', '952f8b1937bc4a9eac12b7fca345f9cf', '89d9378f900e433e869e8be79ebcfe31', '2', '21', '1', '李四', '0', '2020-12-03 14:15:21', null, '0', null);
INSERT INTO `wr_sch_course_table_base` VALUES ('36', 'C423687514', '会计', '3', '18', '/11/12/', '11-12', '00:00:01', '23:59:59', '1', '周一', '/18/19/20/21/22/23/24/', '18-24', '0', null, '0', '816bffd14004464a8361384daccee037', '89d9378f900e433e869e8be79ebcfe31', '1', '18', '1', '李四', '0', '2020-12-31 14:47:32', null, '0', null);
INSERT INTO `wr_sch_course_table_base` VALUES ('37', 'C423687514', '会计', '3', '18', '/11/12/', '11-12', '00:00:01', '23:59:59', '2', '周二', '/18/19/20/21/22/23/24/', '18-24', '0', null, '0', '816bffd14004464a8361384daccee037', '89d9378f900e433e869e8be79ebcfe31', '1', '18', '1', '李四', '0', '2020-12-31 14:47:32', null, '0', null);
INSERT INTO `wr_sch_course_table_base` VALUES ('38', 'C423687514', '会计', '3', '18', '/11/12/', '11-12', '00:00:01', '23:59:59', '3', '周三', '/18/19/20/21/22/23/24/', '18-24', '0', null, '0', '816bffd14004464a8361384daccee037', '89d9378f900e433e869e8be79ebcfe31', '1', '18', '1', '李四', '0', '2020-12-31 14:47:32', null, '0', null);
INSERT INTO `wr_sch_course_table_base` VALUES ('39', 'C423687514', '会计', '3', '18', '/11/12/', '11-12', '00:00:01', '23:59:59', '4', '周四', '/18/19/20/21/22/23/24/', '18-24', '0', null, '0', '816bffd14004464a8361384daccee037', '89d9378f900e433e869e8be79ebcfe31', '1', '18', '1', '李四', '0', '2020-12-31 14:47:32', null, '0', null);
INSERT INTO `wr_sch_course_table_base` VALUES ('4', 'C025465498', '计算机原理', '1', '45', '/1/2/', '1-2', '00:00:01', '23:59:59', '4', '周四', '/1/2/5/6/18/19/20/21/22/23/24/', '1-2,5-6,18-24', '1', '/6/18/19/', '0', '816bffd14004464a8361384daccee037', '89d9378f900e433e869e8be79ebcfe31', '1', '18', '1', '李四', '0', '2020-12-03 10:15:21', null, '0', null);
INSERT INTO `wr_sch_course_table_base` VALUES ('40', 'C423687514', '会计', '3', '18', '/11/12/', '11-12', '00:00:01', '23:59:59', '5', '周五', '/18/19/20/21/22/23/24/', '18-24', '0', null, '0', '816bffd14004464a8361384daccee037', '89d9378f900e433e869e8be79ebcfe31', '1', '18', '1', '李四', '0', '2020-12-31 14:47:32', null, '0', null);
INSERT INTO `wr_sch_course_table_base` VALUES ('41', 'C423687514', '会计', '3', '18', '/11/12/', '11-12', '00:00:01', '23:59:59', '6', '周六', '/18/19/20/21/22/23/24/', '18-24', '0', null, '0', '816bffd14004464a8361384daccee037', '89d9378f900e433e869e8be79ebcfe31', '1', '18', '1', '李四', '0', '2020-12-31 14:47:32', null, '0', null);
INSERT INTO `wr_sch_course_table_base` VALUES ('42', 'C423687514', '会计', '3', '18', '/11/12/', '11-12', '00:00:01', '23:59:59', '7', '周日', '/18/19/20/21/22/23/24/', '18-24', '0', null, '0', '816bffd14004464a8361384daccee037', '89d9378f900e433e869e8be79ebcfe31', '1', '18', '1', '李四', '0', '2020-12-31 14:47:32', null, '0', null);
INSERT INTO `wr_sch_course_table_base` VALUES ('43', 'C875642087', '金融都学', '3', '49', '/1/2/3/4/', '1-4', '00:00:01', '23:59:59', '1', '周一', '/18/19/20/21/22/23/24/', '18-24', '0', null, '0', '816bffd14004464a8361384daccee037', '89d9378f900e433e869e8be79ebcfe31', '1', '18', '1', '李四', '0', '2020-12-31 14:47:32', null, '0', null);
INSERT INTO `wr_sch_course_table_base` VALUES ('44', 'C875642087', '金融都学', '3', '49', '/1/2/3/4/', '1-4', '00:00:01', '23:59:59', '2', '周二', '/18/19/20/21/22/23/24/', '18-24', '0', null, '0', '816bffd14004464a8361384daccee037', '89d9378f900e433e869e8be79ebcfe31', '1', '18', '1', '李四', '0', '2020-12-31 14:47:32', null, '0', null);
INSERT INTO `wr_sch_course_table_base` VALUES ('45', 'C875642087', '金融都学', '3', '49', '/1/2/3/4/', '1-4', '00:00:01', '23:59:59', '3', '周三', '/18/19/20/21/22/23/24/', '18-24', '0', null, '0', '816bffd14004464a8361384daccee037', '89d9378f900e433e869e8be79ebcfe31', '1', '18', '1', '李四', '0', '2020-12-31 14:47:32', null, '0', null);
INSERT INTO `wr_sch_course_table_base` VALUES ('46', 'C875642087', '金融都学', '3', '49', '/1/2/3/4/', '1-4', '00:00:01', '23:59:59', '4', '周四', '/18/19/20/21/22/23/24/', '18-24', '0', null, '0', '816bffd14004464a8361384daccee037', '89d9378f900e433e869e8be79ebcfe31', '1', '18', '1', '李四', '0', '2020-12-31 14:47:32', null, '0', null);
INSERT INTO `wr_sch_course_table_base` VALUES ('47', 'C875642087', '金融都学', '3', '49', '/1/2/3/4/', '1-4', '00:00:01', '23:59:59', '5', '周五', '/18/19/20/21/22/23/24/', '18-24', '0', null, '0', '816bffd14004464a8361384daccee037', '89d9378f900e433e869e8be79ebcfe31', '1', '18', '1', '李四', '0', '2020-12-31 14:47:32', null, '0', null);
INSERT INTO `wr_sch_course_table_base` VALUES ('48', 'C875642087', '金融都学', '3', '49', '/1/2/3/4/', '1-4', '00:00:01', '23:59:59', '6', '周六', '/18/19/20/21/22/23/24/', '18-24', '0', null, '0', '816bffd14004464a8361384daccee037', '89d9378f900e433e869e8be79ebcfe31', '1', '18', '1', '李四', '0', '2020-12-31 14:47:32', null, '0', null);
INSERT INTO `wr_sch_course_table_base` VALUES ('49', 'C875642087', '金融都学', '3', '49', '/1/2/3/4/', '1-4', '00:00:01', '23:59:59', '7', '周日', '/18/19/20/21/22/23/24/', '18-24', '0', null, '0', '816bffd14004464a8361384daccee037', '89d9378f900e433e869e8be79ebcfe31', '1', '18', '1', '李四', '0', '2020-12-31 14:47:32', null, '0', null);
INSERT INTO `wr_sch_course_table_base` VALUES ('5', 'C025465498', '计算机原理', '1', '45', '/1/2/', '1-2', '00:00:01', '23:59:59', '5', '周五', '/1/2/5/6/18/19/20/21/22/23/24/', '1-2,5-6,18-24', '0', null, '0', '816bffd14004464a8361384daccee037', '89d9378f900e433e869e8be79ebcfe31', '1', '18', '1', '李四', '0', '2020-12-03 10:15:21', null, '0', null);
INSERT INTO `wr_sch_course_table_base` VALUES ('50', 'C658974212', '高等数学', '2', '60', '/5/6/7/8/', '5-8', '00:00:01', '23:59:59', '1', '周一', '/18/19/20/21/22/23/24/', '18-24', '0', null, '0', '816bffd14004464a8361384daccee037', '89d9378f900e433e869e8be79ebcfe31', '1', '18', '1', '李四', '0', '2020-12-31 14:47:32', null, '0', null);
INSERT INTO `wr_sch_course_table_base` VALUES ('51', 'C658974212', '高等数学', '2', '60', '/5/6/7/8/', '5-8', '00:00:01', '23:59:59', '2', '周二', '/18/19/20/21/22/23/24/', '18-24', '0', null, '0', '816bffd14004464a8361384daccee037', '89d9378f900e433e869e8be79ebcfe31', '1', '18', '1', '李四', '0', '2020-12-31 14:47:32', null, '0', null);
INSERT INTO `wr_sch_course_table_base` VALUES ('52', 'C658974212', '高等数学', '2', '60', '/5/6/7/8/', '5-8', '00:00:01', '23:59:59', '3', '周三', '/18/19/20/21/22/23/24/', '18-24', '0', null, '0', '816bffd14004464a8361384daccee037', '89d9378f900e433e869e8be79ebcfe31', '1', '18', '1', '李四', '0', '2020-12-31 14:47:32', null, '0', null);
INSERT INTO `wr_sch_course_table_base` VALUES ('53', 'C658974212', '高等数学', '2', '60', '/5/6/7/8/', '5-8', '00:00:01', '23:59:59', '4', '周四', '/18/19/20/21/22/23/24/', '18-24', '0', null, '0', '816bffd14004464a8361384daccee037', '89d9378f900e433e869e8be79ebcfe31', '1', '18', '1', '李四', '0', '2020-12-31 14:47:32', null, '0', null);
INSERT INTO `wr_sch_course_table_base` VALUES ('54', 'C658974212', '高等数学', '2', '60', '/5/6/7/8/', '5-8', '00:00:01', '23:59:59', '5', '周五', '/18/19/20/21/22/23/24/', '18-24', '0', null, '0', '816bffd14004464a8361384daccee037', '89d9378f900e433e869e8be79ebcfe31', '1', '18', '1', '李四', '0', '2020-12-31 14:47:32', null, '0', null);
INSERT INTO `wr_sch_course_table_base` VALUES ('55', 'C658974212', '高等数学', '2', '60', '/5/6/7/8/', '5-8', '00:00:01', '23:59:59', '6', '周六', '/18/19/20/21/22/23/24/', '18-24', '0', null, '0', '816bffd14004464a8361384daccee037', '89d9378f900e433e869e8be79ebcfe31', '1', '18', '1', '李四', '0', '2020-12-31 14:47:32', null, '0', null);
INSERT INTO `wr_sch_course_table_base` VALUES ('56', 'C658974212', '高等数学', '2', '60', '/5/6/7/8/', '5-8', '00:00:01', '23:59:59', '7', '周日', '/18/19/20/21/22/23/24/', '18-24', '0', null, '0', '816bffd14004464a8361384daccee037', '89d9378f900e433e869e8be79ebcfe31', '1', '18', '1', '李四', '0', '2020-12-31 14:47:32', null, '0', null);
INSERT INTO `wr_sch_course_table_base` VALUES ('57', 'C356427891', '线性代数', '3', '72', '/9/10/11/12/', '9-12', '00:00:01', '23:59:59', '1', '周一', '/18/19/20/21/22/23/24/', '18-24', '0', null, '0', '816bffd14004464a8361384daccee037', '89d9378f900e433e869e8be79ebcfe31', '1', '18', '1', '李四', '0', '2020-12-31 14:47:32', null, '0', null);
INSERT INTO `wr_sch_course_table_base` VALUES ('58', 'C356427891', '线性代数', '3', '72', '/9/10/11/12/', '9-12', '00:00:01', '23:59:59', '2', '周二', '/18/19/20/21/22/23/24/', '18-24', '0', null, '0', '816bffd14004464a8361384daccee037', '89d9378f900e433e869e8be79ebcfe31', '1', '18', '1', '李四', '0', '2020-12-31 14:47:32', null, '0', null);
INSERT INTO `wr_sch_course_table_base` VALUES ('59', 'C356427891', '线性代数', '3', '72', '/9/10/11/12/', '9-12', '00:00:01', '23:59:59', '3', '周三', '/18/19/20/21/22/23/24/', '18-24', '0', null, '0', '816bffd14004464a8361384daccee037', '89d9378f900e433e869e8be79ebcfe31', '1', '18', '1', '李四', '0', '2020-12-31 14:47:32', null, '0', null);
INSERT INTO `wr_sch_course_table_base` VALUES ('6', 'C025465498', '计算机原理', '1', '45', '/1/2/', '1-2', '00:00:01', '23:59:59', '6', '周六', '/1/2/5/6/18/19/20/21/22/23/24/', '1-2,5-6,18-24', '0', null, '0', '816bffd14004464a8361384daccee037', '89d9378f900e433e869e8be79ebcfe31', '1', '18', '1', '李四', '0', '2020-12-03 10:15:21', null, '0', null);
INSERT INTO `wr_sch_course_table_base` VALUES ('60', 'C356427891', '线性代数', '3', '72', '/9/10/11/12/', '9-12', '00:00:01', '23:59:59', '4', '周四', '/18/19/20/21/22/23/24/', '18-24', '0', null, '0', '816bffd14004464a8361384daccee037', '89d9378f900e433e869e8be79ebcfe31', '1', '18', '1', '李四', '0', '2020-12-31 14:47:32', null, '0', null);
INSERT INTO `wr_sch_course_table_base` VALUES ('61', 'C356427891', '线性代数', '3', '72', '/9/10/11/12/', '9-12', '00:00:01', '23:59:59', '5', '周五', '/18/19/20/21/22/23/24/', '18-24', '0', null, '0', '816bffd14004464a8361384daccee037', '89d9378f900e433e869e8be79ebcfe31', '1', '18', '1', '李四', '0', '2020-12-31 14:47:32', null, '0', null);
INSERT INTO `wr_sch_course_table_base` VALUES ('62', 'C356427891', '线性代数', '3', '72', '/9/10/11/12/', '9-12', '00:00:01', '23:59:59', '6', '周六', '/18/19/20/21/22/23/24/', '18-24', '0', null, '0', '816bffd14004464a8361384daccee037', '89d9378f900e433e869e8be79ebcfe31', '1', '18', '1', '李四', '0', '2020-12-31 14:47:32', null, '0', null);
INSERT INTO `wr_sch_course_table_base` VALUES ('63', 'C356427891', '线性代数', '3', '72', '/9/10/11/12/', '9-12', '00:00:01', '23:59:59', '7', '周日', '/18/19/20/21/22/23/24/', '18-24', '0', null, '0', '816bffd14004464a8361384daccee037', '89d9378f900e433e869e8be79ebcfe31', '1', '18', '1', '李四', '0', '2020-12-31 14:47:32', null, '0', null);
INSERT INTO `wr_sch_course_table_base` VALUES ('64', 'C532897461', '国贸', '2', '32', '/1/2/', '1-2', '00:00:01', '23:59:59', '1', '周一', '/18/19/20/21/22/23/24/', '18-24', '0', null, '0', '816bffd14004464a8361384daccee037', '89d9378f900e433e869e8be79ebcfe31', '1', '18', '1', '李四', '0', '2020-12-31 14:47:32', null, '0', null);
INSERT INTO `wr_sch_course_table_base` VALUES ('65', 'C532897461', '国贸', '2', '32', '/1/2/', '1-2', '00:00:01', '23:59:59', '2', '周二', '/18/19/20/21/22/23/24/', '18-24', '0', null, '0', '816bffd14004464a8361384daccee037', '89d9378f900e433e869e8be79ebcfe31', '1', '18', '1', '李四', '0', '2020-12-31 14:47:32', null, '0', null);
INSERT INTO `wr_sch_course_table_base` VALUES ('66', 'C532897461', '国贸', '2', '32', '/1/2/', '1-2', '00:00:01', '23:59:59', '3', '周三', '/18/19/20/21/22/23/24/', '18-24', '0', null, '0', '816bffd14004464a8361384daccee037', '89d9378f900e433e869e8be79ebcfe31', '1', '18', '1', '李四', '0', '2020-12-31 14:47:32', null, '0', null);
INSERT INTO `wr_sch_course_table_base` VALUES ('67', 'C532897461', '国贸', '2', '32', '/1/2/', '1-2', '00:00:01', '23:59:59', '4', '周四', '/18/19/20/21/22/23/24/', '18-24', '0', null, '0', '816bffd14004464a8361384daccee037', '89d9378f900e433e869e8be79ebcfe31', '1', '18', '1', '李四', '0', '2020-12-31 14:47:32', null, '0', null);
INSERT INTO `wr_sch_course_table_base` VALUES ('68', 'C532897461', '国贸', '2', '32', '/1/2/', '1-2', '00:00:01', '23:59:59', '5', '周五', '/18/19/20/21/22/23/24/', '18-24', '0', null, '0', '816bffd14004464a8361384daccee037', '89d9378f900e433e869e8be79ebcfe31', '1', '18', '1', '李四', '0', '2020-12-31 14:47:32', null, '0', null);
INSERT INTO `wr_sch_course_table_base` VALUES ('69', 'C532897461', '国贸', '2', '32', '/1/2/', '1-2', '00:00:01', '23:59:59', '6', '周六', '/18/19/20/21/22/23/24/', '18-24', '0', null, '0', '816bffd14004464a8361384daccee037', '89d9378f900e433e869e8be79ebcfe31', '1', '18', '1', '李四', '0', '2020-12-31 14:47:32', null, '0', null);
INSERT INTO `wr_sch_course_table_base` VALUES ('7', 'C025465498', '计算机原理', '1', '45', '/1/2/', '1-2', '00:00:01', '23:59:59', '7', '周日', '/1/2/5/6/18/19/20/21/22/23/24/', '1-2,5-6,18-24', '0', null, '0', '816bffd14004464a8361384daccee037', '89d9378f900e433e869e8be79ebcfe31', '1', '18', '1', '李四', '0', '2020-12-03 10:15:21', null, '0', null);
INSERT INTO `wr_sch_course_table_base` VALUES ('70', 'C532897461', '国贸', '2', '32', '/1/2/', '1-2', '00:00:01', '23:59:59', '7', '周日', '/18/19/20/21/22/23/24/', '18-24', '0', null, '0', '816bffd14004464a8361384daccee037', '89d9378f900e433e869e8be79ebcfe31', '1', '18', '1', '李四', '0', '2020-12-31 14:47:32', null, '0', null);
INSERT INTO `wr_sch_course_table_base` VALUES ('71', 'C458967230', '电子商务', '3', '28', '/3/4/', '3-4', '00:00:01', '23:59:59', '1', '周一', '/18/19/20/21/22/23/24/', '18-24', '0', null, '0', '816bffd14004464a8361384daccee037', '89d9378f900e433e869e8be79ebcfe31', '1', '18', '1', '李四', '0', '2020-12-31 14:47:32', null, '0', null);
INSERT INTO `wr_sch_course_table_base` VALUES ('72', 'C458967230', '电子商务', '3', '28', '/3/4/', '3-4', '00:00:01', '23:59:59', '2', '周二', '/18/19/20/21/22/23/24/', '18-24', '0', null, '0', '816bffd14004464a8361384daccee037', '89d9378f900e433e869e8be79ebcfe31', '1', '18', '1', '李四', '0', '2020-12-31 14:47:32', null, '0', null);
INSERT INTO `wr_sch_course_table_base` VALUES ('73', 'C458967230', '电子商务', '3', '28', '/3/4/', '3-4', '00:00:01', '23:59:59', '3', '周三', '/18/19/20/21/22/23/24/', '18-24', '0', null, '0', '816bffd14004464a8361384daccee037', '89d9378f900e433e869e8be79ebcfe31', '1', '18', '1', '李四', '0', '2020-12-31 14:47:32', null, '0', null);
INSERT INTO `wr_sch_course_table_base` VALUES ('74', 'C458967230', '电子商务', '3', '28', '/3/4/', '3-4', '00:00:01', '23:59:59', '4', '周四', '/18/19/20/21/22/23/24/', '18-24', '0', null, '0', '816bffd14004464a8361384daccee037', '89d9378f900e433e869e8be79ebcfe31', '1', '18', '1', '李四', '0', '2020-12-31 14:47:32', null, '0', null);
INSERT INTO `wr_sch_course_table_base` VALUES ('75', 'C458967230', '电子商务', '3', '28', '/3/4/', '3-4', '00:00:01', '23:59:59', '5', '周五', '/18/19/20/21/22/23/24/', '18-24', '0', null, '0', '816bffd14004464a8361384daccee037', '89d9378f900e433e869e8be79ebcfe31', '1', '18', '1', '李四', '0', '2020-12-31 14:47:32', null, '0', null);
INSERT INTO `wr_sch_course_table_base` VALUES ('76', 'C458967230', '电子商务', '3', '28', '/3/4/', '3-4', '00:00:01', '23:59:59', '6', '周六', '/18/19/20/21/22/23/24/', '18-24', '0', null, '0', '816bffd14004464a8361384daccee037', '89d9378f900e433e869e8be79ebcfe31', '1', '18', '1', '李四', '0', '2020-12-31 14:47:32', null, '0', null);
INSERT INTO `wr_sch_course_table_base` VALUES ('77', 'C458967230', '电子商务', '3', '28', '/3/4/', '3-4', '00:00:01', '23:59:59', '7', '周日', '/18/19/20/21/22/23/24/', '18-24', '0', null, '0', '816bffd14004464a8361384daccee037', '89d9378f900e433e869e8be79ebcfe31', '1', '18', '1', '李四', '0', '2020-12-31 14:47:32', null, '0', null);
INSERT INTO `wr_sch_course_table_base` VALUES ('78', 'C354289764', '分子生物学进展', '2', '19', '/5/6/', '5-6', '00:00:01', '23:59:59', '1', '周一', '/18/19/20/21/22/23/24/', '18-24', '0', null, '0', '816bffd14004464a8361384daccee037', '89d9378f900e433e869e8be79ebcfe31', '1', '18', '1', '李四', '0', '2020-12-31 14:47:32', null, '0', null);
INSERT INTO `wr_sch_course_table_base` VALUES ('79', 'C354289764', '分子生物学进展', '2', '19', '/5/6/', '5-6', '00:00:01', '23:59:59', '2', '周二', '/18/19/20/21/22/23/24/', '18-24', '0', null, '0', '816bffd14004464a8361384daccee037', '89d9378f900e433e869e8be79ebcfe31', '1', '18', '1', '李四', '0', '2020-12-31 14:47:32', null, '0', null);
INSERT INTO `wr_sch_course_table_base` VALUES ('8', 'C065958973', '大学英语Ⅰ', '2', '30', '/5/6/7/8/', '5-8', '00:00:01', '23:59:59', '1', '周一', '/3/4/5/6/12/13/18/19/20/21/22/23/24/', '3-6,12-13,18-24', '0', null, '0', '952f8b1937bc4a9eac12b7fca345f9cf', '89d9378f900e433e869e8be79ebcfe31', '2', '21', '1', '李四', '0', '2020-12-03 11:15:21', null, '0', null);
INSERT INTO `wr_sch_course_table_base` VALUES ('80', 'C354289764', '分子生物学进展', '2', '19', '/5/6/', '5-6', '00:00:01', '23:59:59', '3', '周三', '/18/19/20/21/22/23/24/', '18-24', '0', null, '0', '816bffd14004464a8361384daccee037', '89d9378f900e433e869e8be79ebcfe31', '1', '18', '1', '李四', '0', '2020-12-31 14:47:32', null, '0', null);
INSERT INTO `wr_sch_course_table_base` VALUES ('81', 'C354289764', '分子生物学进展', '2', '19', '/5/6/', '5-6', '00:00:01', '23:59:59', '4', '周四', '/18/19/20/21/22/23/24/', '18-24', '0', null, '0', '816bffd14004464a8361384daccee037', '89d9378f900e433e869e8be79ebcfe31', '1', '18', '1', '李四', '0', '2020-12-31 14:47:32', null, '0', null);
INSERT INTO `wr_sch_course_table_base` VALUES ('82', 'C354289764', '分子生物学进展', '2', '19', '/5/6/', '5-6', '00:00:01', '23:59:59', '5', '周五', '/18/19/20/21/22/23/24/', '18-24', '0', null, '0', '816bffd14004464a8361384daccee037', '89d9378f900e433e869e8be79ebcfe31', '1', '18', '1', '李四', '0', '2020-12-31 14:47:32', null, '0', null);
INSERT INTO `wr_sch_course_table_base` VALUES ('83', 'C354289764', '分子生物学进展', '2', '19', '/5/6/', '5-6', '00:00:01', '23:59:59', '6', '周六', '/18/19/20/21/22/23/24/', '18-24', '0', null, '0', '816bffd14004464a8361384daccee037', '89d9378f900e433e869e8be79ebcfe31', '1', '18', '1', '李四', '0', '2020-12-31 14:47:32', null, '0', null);
INSERT INTO `wr_sch_course_table_base` VALUES ('84', 'C354289764', '分子生物学进展', '2', '19', '/5/6/', '5-6', '00:00:01', '23:59:59', '7', '周日', '/18/19/20/21/22/23/24/', '18-24', '0', null, '0', '816bffd14004464a8361384daccee037', '89d9378f900e433e869e8be79ebcfe31', '1', '18', '1', '李四', '0', '2020-12-31 14:47:32', null, '0', null);
INSERT INTO `wr_sch_course_table_base` VALUES ('85', 'C265794501', '生化分析', '3', '10', '/7/8/', '7-8', '00:00:01', '23:59:59', '1', '周一', '/18/19/20/21/22/23/24/', '18-24', '0', null, '0', '816bffd14004464a8361384daccee037', '89d9378f900e433e869e8be79ebcfe31', '1', '18', '1', '李四', '0', '2020-12-31 14:47:32', null, '0', null);
INSERT INTO `wr_sch_course_table_base` VALUES ('86', 'C265794501', '生化分析', '3', '10', '/7/8/', '7-8', '00:00:01', '23:59:59', '2', '周二', '/18/19/20/21/22/23/24/', '18-24', '0', null, '0', '816bffd14004464a8361384daccee037', '89d9378f900e433e869e8be79ebcfe31', '1', '18', '1', '李四', '0', '2020-12-31 14:47:32', null, '0', null);
INSERT INTO `wr_sch_course_table_base` VALUES ('87', 'C265794501', '生化分析', '3', '10', '/7/8/', '7-8', '00:00:01', '23:59:59', '3', '周三', '/18/19/20/21/22/23/24/', '18-24', '0', null, '0', '816bffd14004464a8361384daccee037', '89d9378f900e433e869e8be79ebcfe31', '1', '18', '1', '李四', '0', '2020-12-31 14:47:32', null, '0', null);
INSERT INTO `wr_sch_course_table_base` VALUES ('88', 'C265794501', '生化分析', '3', '10', '/7/8/', '7-8', '00:00:01', '23:59:59', '4', '周四', '/18/19/20/21/22/23/24/', '18-24', '0', null, '0', '816bffd14004464a8361384daccee037', '89d9378f900e433e869e8be79ebcfe31', '1', '18', '1', '李四', '0', '2020-12-31 14:47:32', null, '0', null);
INSERT INTO `wr_sch_course_table_base` VALUES ('89', 'C265794501', '生化分析', '3', '10', '/7/8/', '7-8', '00:00:01', '23:59:59', '5', '周五', '/18/19/20/21/22/23/24/', '18-24', '0', null, '0', '816bffd14004464a8361384daccee037', '89d9378f900e433e869e8be79ebcfe31', '1', '18', '1', '李四', '0', '2020-12-31 14:47:32', null, '0', null);
INSERT INTO `wr_sch_course_table_base` VALUES ('9', 'C065958973', '大学英语Ⅰ', '2', '30', '/5/6/7/8/', '5-8', '00:00:01', '23:59:59', '2', '周二', '/3/4/5/6/12/13/18/19/20/21/22/23/24/', '3-6,12-13,18-24', '0', null, '0', '952f8b1937bc4a9eac12b7fca345f9cf', '89d9378f900e433e869e8be79ebcfe31', '2', '21', '1', '李四', '0', '2020-12-03 11:15:21', null, '0', null);
INSERT INTO `wr_sch_course_table_base` VALUES ('90', 'C265794501', '生化分析', '3', '10', '/7/8/', '7-8', '00:00:01', '23:59:59', '6', '周六', '/18/19/20/21/22/23/24/', '18-24', '0', null, '0', '816bffd14004464a8361384daccee037', '89d9378f900e433e869e8be79ebcfe31', '1', '18', '1', '李四', '0', '2020-12-31 14:47:32', null, '0', null);
INSERT INTO `wr_sch_course_table_base` VALUES ('91', 'C265794501', '生化分析', '3', '10', '/7/8/', '7-8', '00:00:01', '23:59:59', '7', '周日', '/18/19/20/21/22/23/24/', '18-24', '0', null, '0', '816bffd14004464a8361384daccee037', '89d9378f900e433e869e8be79ebcfe31', '1', '18', '1', '李四', '0', '2020-12-31 14:47:32', null, '0', null);
INSERT INTO `wr_sch_course_table_base` VALUES ('92', 'C025465498', '计算机原理', '1', '45', '/5/6/', '5-6', '00:00:01', '23:59:59', '2', '周二', '/1/2/5/6/18/19/20/21/22/23/24/', '1-2,5-6,18-24', '0', null, '0', '816bffd14004464a8361384daccee037', '89d9378f900e433e869e8be79ebcfe31', '1', '18', '1', '李四', '0', '2020-12-03 10:15:21', null, '0', null);

-- ----------------------------
-- Table structure for wr_sch_course_table_base_grade_class
-- ----------------------------
DROP TABLE IF EXISTS `wr_sch_course_table_base_grade_class`;
CREATE TABLE `wr_sch_course_table_base_grade_class` (
  `id` varchar(255) NOT NULL COMMENT '主键(新增操作忽略，更新操作必填)',
  `sch_course_table_base_id` varchar(255) NOT NULL COMMENT '学校基础课程表id',
  `sch_grade_class_id` varchar(255) NOT NULL COMMENT '学校年级班级表id',
  `create_id` varchar(255) NOT NULL COMMENT '创建人id，用于连表不用于显示',
  `create_by` varchar(32) NOT NULL COMMENT '创建人账号，不建议填名字，账号更改的可能性很小且又比ID稍微形象化',
  `create_time` datetime NOT NULL DEFAULT CURRENT_TIMESTAMP COMMENT '创建时间',
  `remark` varchar(255) DEFAULT NULL COMMENT '备注',
  PRIMARY KEY (`id`)
) ENGINE=InnoDB DEFAULT CHARSET=utf8 COMMENT='学校基础课程表年级班级表';

-- ----------------------------
-- Records of wr_sch_course_table_base_grade_class
-- ----------------------------
INSERT INTO `wr_sch_course_table_base_grade_class` VALUES ('1', '1', '1', '1', '李四', '2020-12-03 16:49:41', null);
INSERT INTO `wr_sch_course_table_base_grade_class` VALUES ('10', '5', '4', '1', '李四', '2020-12-03 16:50:29', null);
INSERT INTO `wr_sch_course_table_base_grade_class` VALUES ('11', '6', '1', '1', '李四', '2020-12-03 16:49:41', null);
INSERT INTO `wr_sch_course_table_base_grade_class` VALUES ('12', '7', '2', '1', '李四', '2020-12-03 16:49:54', null);
INSERT INTO `wr_sch_course_table_base_grade_class` VALUES ('13', '9', '3', '1', '李四', '2020-12-03 16:50:03', null);
INSERT INTO `wr_sch_course_table_base_grade_class` VALUES ('14', '10', '4', '1', '李四', '2020-12-03 16:50:29', null);
INSERT INTO `wr_sch_course_table_base_grade_class` VALUES ('15', '11', '1', '1', '李四', '2020-12-03 16:49:41', null);
INSERT INTO `wr_sch_course_table_base_grade_class` VALUES ('16', '12', '2', '1', '李四', '2020-12-03 16:49:54', null);
INSERT INTO `wr_sch_course_table_base_grade_class` VALUES ('17', '13', '3', '1', '李四', '2020-12-03 16:50:03', null);
INSERT INTO `wr_sch_course_table_base_grade_class` VALUES ('18', '14', '4', '1', '李四', '2020-12-03 16:50:29', null);
INSERT INTO `wr_sch_course_table_base_grade_class` VALUES ('19', '15', '1', '1', '李四', '2020-12-31 15:46:10', null);
INSERT INTO `wr_sch_course_table_base_grade_class` VALUES ('2', '1', '2', '1', '李四', '2020-12-03 16:49:54', null);
INSERT INTO `wr_sch_course_table_base_grade_class` VALUES ('20', '16', '2', '1', '李四', '2020-12-31 15:46:10', null);
INSERT INTO `wr_sch_course_table_base_grade_class` VALUES ('21', '17', '3', '1', '李四', '2020-12-31 15:46:10', null);
INSERT INTO `wr_sch_course_table_base_grade_class` VALUES ('22', '18', '4', '1', '李四', '2020-12-31 15:46:10', null);
INSERT INTO `wr_sch_course_table_base_grade_class` VALUES ('23', '19', '1', '1', '李四', '2020-12-31 15:46:10', null);
INSERT INTO `wr_sch_course_table_base_grade_class` VALUES ('24', '20', '2', '1', '李四', '2020-12-31 15:46:10', null);
INSERT INTO `wr_sch_course_table_base_grade_class` VALUES ('25', '21', '3', '1', '李四', '2020-12-31 15:47:29', null);
INSERT INTO `wr_sch_course_table_base_grade_class` VALUES ('26', '22', '4', '1', '李四', '2020-12-31 15:46:10', null);
INSERT INTO `wr_sch_course_table_base_grade_class` VALUES ('27', '23', '1', '1', '李四', '2020-12-31 15:46:10', null);
INSERT INTO `wr_sch_course_table_base_grade_class` VALUES ('28', '24', '2', '1', '李四', '2020-12-31 15:46:10', null);
INSERT INTO `wr_sch_course_table_base_grade_class` VALUES ('29', '25', '3', '1', '李四', '2020-12-31 15:46:10', null);
INSERT INTO `wr_sch_course_table_base_grade_class` VALUES ('3', '1', '3', '1', '李四', '2020-12-03 16:50:03', null);
INSERT INTO `wr_sch_course_table_base_grade_class` VALUES ('30', '26', '4', '1', '李四', '2020-12-31 15:46:10', null);
INSERT INTO `wr_sch_course_table_base_grade_class` VALUES ('31', '27', '1', '1', '李四', '2020-12-31 15:46:10', null);
INSERT INTO `wr_sch_course_table_base_grade_class` VALUES ('32', '28', '2', '1', '李四', '2020-12-31 15:46:10', null);
INSERT INTO `wr_sch_course_table_base_grade_class` VALUES ('33', '29', '3', '1', '李四', '2020-12-31 15:46:10', null);
INSERT INTO `wr_sch_course_table_base_grade_class` VALUES ('34', '30', '4', '1', '李四', '2020-12-31 15:46:10', null);
INSERT INTO `wr_sch_course_table_base_grade_class` VALUES ('35', '31', '1', '1', '李四', '2020-12-31 15:46:10', null);
INSERT INTO `wr_sch_course_table_base_grade_class` VALUES ('36', '32', '2', '1', '李四', '2020-12-31 15:46:10', null);
INSERT INTO `wr_sch_course_table_base_grade_class` VALUES ('37', '33', '3', '1', '李四', '2020-12-31 15:46:10', null);
INSERT INTO `wr_sch_course_table_base_grade_class` VALUES ('38', '34', '4', '1', '李四', '2020-12-31 15:46:10', null);
INSERT INTO `wr_sch_course_table_base_grade_class` VALUES ('39', '35', '1', '1', '李四', '2020-12-31 15:46:10', null);
INSERT INTO `wr_sch_course_table_base_grade_class` VALUES ('4', '1', '4', '1', '李四', '2020-12-03 16:50:29', null);
INSERT INTO `wr_sch_course_table_base_grade_class` VALUES ('40', '36', '2', '1', '李四', '2020-12-31 15:46:10', null);
INSERT INTO `wr_sch_course_table_base_grade_class` VALUES ('41', '37', '3', '1', '李四', '2020-12-31 15:46:10', null);
INSERT INTO `wr_sch_course_table_base_grade_class` VALUES ('42', '38', '4', '1', '李四', '2020-12-31 15:46:10', null);
INSERT INTO `wr_sch_course_table_base_grade_class` VALUES ('43', '39', '1', '1', '李四', '2020-12-31 15:46:10', null);
INSERT INTO `wr_sch_course_table_base_grade_class` VALUES ('44', '40', '2', '1', '李四', '2020-12-31 15:46:10', null);
INSERT INTO `wr_sch_course_table_base_grade_class` VALUES ('45', '41', '3', '1', '李四', '2020-12-31 15:46:10', null);
INSERT INTO `wr_sch_course_table_base_grade_class` VALUES ('46', '42', '4', '1', '李四', '2020-12-31 15:46:10', null);
INSERT INTO `wr_sch_course_table_base_grade_class` VALUES ('47', '43', '1', '1', '李四', '2020-12-31 15:46:10', null);
INSERT INTO `wr_sch_course_table_base_grade_class` VALUES ('48', '44', '2', '1', '李四', '2020-12-31 15:46:10', null);
INSERT INTO `wr_sch_course_table_base_grade_class` VALUES ('49', '45', '3', '1', '李四', '2020-12-31 15:46:10', null);
INSERT INTO `wr_sch_course_table_base_grade_class` VALUES ('5', '8', '3', '1', '李四', '2020-12-03 16:50:46', null);
INSERT INTO `wr_sch_course_table_base_grade_class` VALUES ('50', '46', '4', '1', '李四', '2020-12-31 15:46:10', null);
INSERT INTO `wr_sch_course_table_base_grade_class` VALUES ('51', '47', '1', '1', '李四', '2020-12-31 15:46:10', null);
INSERT INTO `wr_sch_course_table_base_grade_class` VALUES ('52', '48', '2', '1', '李四', '2020-12-31 15:46:10', null);
INSERT INTO `wr_sch_course_table_base_grade_class` VALUES ('53', '49', '3', '1', '李四', '2020-12-31 15:46:10', null);
INSERT INTO `wr_sch_course_table_base_grade_class` VALUES ('54', '50', '4', '1', '李四', '2020-12-31 15:46:10', null);
INSERT INTO `wr_sch_course_table_base_grade_class` VALUES ('55', '51', '1', '1', '李四', '2020-12-31 15:46:10', null);
INSERT INTO `wr_sch_course_table_base_grade_class` VALUES ('56', '52', '2', '1', '李四', '2020-12-31 15:46:10', null);
INSERT INTO `wr_sch_course_table_base_grade_class` VALUES ('57', '53', '3', '1', '李四', '2020-12-31 15:46:10', null);
INSERT INTO `wr_sch_course_table_base_grade_class` VALUES ('58', '54', '4', '1', '李四', '2020-12-31 15:46:10', null);
INSERT INTO `wr_sch_course_table_base_grade_class` VALUES ('59', '55', '1', '1', '李四', '2020-12-31 15:46:10', null);
INSERT INTO `wr_sch_course_table_base_grade_class` VALUES ('6', '8', '4', '1', '李四', '2020-12-03 16:50:54', null);
INSERT INTO `wr_sch_course_table_base_grade_class` VALUES ('60', '56', '2', '1', '李四', '2020-12-31 15:46:10', null);
INSERT INTO `wr_sch_course_table_base_grade_class` VALUES ('61', '57', '3', '1', '李四', '2020-12-31 15:46:10', null);
INSERT INTO `wr_sch_course_table_base_grade_class` VALUES ('62', '58', '4', '1', '李四', '2020-12-31 15:46:10', null);
INSERT INTO `wr_sch_course_table_base_grade_class` VALUES ('63', '59', '1', '1', '李四', '2020-12-31 15:46:10', null);
INSERT INTO `wr_sch_course_table_base_grade_class` VALUES ('64', '60', '2', '1', '李四', '2020-12-31 15:46:10', null);
INSERT INTO `wr_sch_course_table_base_grade_class` VALUES ('65', '61', '3', '1', '李四', '2020-12-31 15:46:10', null);
INSERT INTO `wr_sch_course_table_base_grade_class` VALUES ('66', '62', '4', '1', '李四', '2020-12-31 15:46:10', null);
INSERT INTO `wr_sch_course_table_base_grade_class` VALUES ('67', '63', '1', '1', '李四', '2020-12-31 15:46:10', null);
INSERT INTO `wr_sch_course_table_base_grade_class` VALUES ('68', '64', '2', '1', '李四', '2020-12-31 15:46:10', null);
INSERT INTO `wr_sch_course_table_base_grade_class` VALUES ('69', '65', '3', '1', '李四', '2020-12-31 15:46:10', null);
INSERT INTO `wr_sch_course_table_base_grade_class` VALUES ('7', '2', '1', '1', '李四', '2020-12-03 16:49:41', null);
INSERT INTO `wr_sch_course_table_base_grade_class` VALUES ('70', '66', '4', '1', '李四', '2020-12-31 15:46:10', null);
INSERT INTO `wr_sch_course_table_base_grade_class` VALUES ('71', '67', '1', '1', '李四', '2020-12-31 15:46:10', null);
INSERT INTO `wr_sch_course_table_base_grade_class` VALUES ('72', '68', '2', '1', '李四', '2020-12-31 15:46:10', null);
INSERT INTO `wr_sch_course_table_base_grade_class` VALUES ('73', '69', '3', '1', '李四', '2020-12-31 15:46:10', null);
INSERT INTO `wr_sch_course_table_base_grade_class` VALUES ('74', '70', '4', '1', '李四', '2020-12-31 15:46:10', null);
INSERT INTO `wr_sch_course_table_base_grade_class` VALUES ('75', '71', '1', '1', '李四', '2020-12-31 15:46:10', null);
INSERT INTO `wr_sch_course_table_base_grade_class` VALUES ('76', '72', '2', '1', '李四', '2020-12-31 15:46:10', null);
INSERT INTO `wr_sch_course_table_base_grade_class` VALUES ('77', '73', '3', '1', '李四', '2020-12-31 15:46:10', null);
INSERT INTO `wr_sch_course_table_base_grade_class` VALUES ('78', '74', '4', '1', '李四', '2020-12-31 15:46:10', null);
INSERT INTO `wr_sch_course_table_base_grade_class` VALUES ('79', '75', '1', '1', '李四', '2020-12-31 15:46:10', null);
INSERT INTO `wr_sch_course_table_base_grade_class` VALUES ('8', '3', '2', '1', '李四', '2020-12-03 16:49:54', null);
INSERT INTO `wr_sch_course_table_base_grade_class` VALUES ('80', '76', '2', '1', '李四', '2020-12-31 15:46:10', null);
INSERT INTO `wr_sch_course_table_base_grade_class` VALUES ('81', '77', '3', '1', '李四', '2020-12-31 15:46:10', null);
INSERT INTO `wr_sch_course_table_base_grade_class` VALUES ('82', '78', '4', '1', '李四', '2020-12-31 15:46:10', null);
INSERT INTO `wr_sch_course_table_base_grade_class` VALUES ('83', '79', '1', '1', '李四', '2020-12-31 15:46:10', null);
INSERT INTO `wr_sch_course_table_base_grade_class` VALUES ('84', '80', '2', '1', '李四', '2020-12-31 15:46:10', null);
INSERT INTO `wr_sch_course_table_base_grade_class` VALUES ('85', '81', '3', '1', '李四', '2020-12-31 15:46:10', null);
INSERT INTO `wr_sch_course_table_base_grade_class` VALUES ('86', '82', '4', '1', '李四', '2020-12-31 15:46:10', null);
INSERT INTO `wr_sch_course_table_base_grade_class` VALUES ('87', '83', '1', '1', '李四', '2020-12-31 15:46:10', null);
INSERT INTO `wr_sch_course_table_base_grade_class` VALUES ('88', '84', '2', '1', '李四', '2020-12-31 15:46:10', null);
INSERT INTO `wr_sch_course_table_base_grade_class` VALUES ('89', '85', '3', '1', '李四', '2020-12-31 15:46:10', null);
INSERT INTO `wr_sch_course_table_base_grade_class` VALUES ('9', '4', '3', '1', '李四', '2020-12-03 16:50:03', null);
INSERT INTO `wr_sch_course_table_base_grade_class` VALUES ('90', '86', '4', '1', '李四', '2020-12-31 15:46:10', null);
INSERT INTO `wr_sch_course_table_base_grade_class` VALUES ('91', '87', '1', '1', '李四', '2020-12-31 15:46:10', null);
INSERT INTO `wr_sch_course_table_base_grade_class` VALUES ('92', '88', '2', '1', '李四', '2020-12-31 15:46:10', null);
INSERT INTO `wr_sch_course_table_base_grade_class` VALUES ('93', '89', '3', '1', '李四', '2020-12-31 15:46:10', null);
INSERT INTO `wr_sch_course_table_base_grade_class` VALUES ('94', '90', '4', '1', '李四', '2020-12-31 15:46:10', null);
INSERT INTO `wr_sch_course_table_base_grade_class` VALUES ('95', '91', '1', '1', '李四', '2020-12-31 15:46:10', null);

-- ----------------------------
-- Table structure for wr_sch_course_table_live
-- ----------------------------
DROP TABLE IF EXISTS `wr_sch_course_table_live`;
CREATE TABLE `wr_sch_course_table_live` (
  `id` varchar(255) NOT NULL COMMENT '主键(新增操作忽略，更新操作必填)',
  `sch_course_table_base_id` varchar(255) NOT NULL COMMENT '学校基础课程表ID，外键',
  `course_desc` varchar(255) DEFAULT NULL COMMENT '课堂简介',
  `weeks` int(11) NOT NULL COMMENT '周数，如：1、2、5、18等',
  `date_for_weeks` date NOT NULL COMMENT '周数+星期几所对应的日期，如：第18周的星期二对应的日期为yyyy-MM-dd',
  `is_record` char(1) NOT NULL DEFAULT '0' COMMENT '是否录制，默认否（0：否，1：是）',
  `plan_form` varchar(255) NOT NULL COMMENT '计划来源，1_1：基础课表自动生成、1_1：基础课表自定义创建、2_1：其它',
  `plan_creator` varchar(32) NOT NULL COMMENT '计划创建人，填名字，如：张三',
  `is_cancel` char(1) NOT NULL DEFAULT '0' COMMENT '是否取消，默认否（0：未取消，1：已取消）',
  `create_id` varchar(255) NOT NULL COMMENT '创建人id，用于连表不用于显示',
  `create_by` varchar(32) NOT NULL COMMENT '创建人账号，不建议填名字，账号更改的可能性很小且又比ID稍微形象化',
  `create_way` varchar(2) NOT NULL DEFAULT '0' COMMENT '创建方式（0：程序代码创建，1：导入创建）',
  `create_time` datetime NOT NULL DEFAULT CURRENT_TIMESTAMP COMMENT '创建时间',
  `remark` varchar(255) DEFAULT NULL COMMENT '备注',
  `is_delete` char(1) DEFAULT '0' COMMENT '是否删除（0：未删除，1：删除）',
  `delete_time` datetime DEFAULT NULL COMMENT '删除时间',
  PRIMARY KEY (`id`),
  UNIQUE KEY `sch_course_table_base_id_weeks_uniqueIndex` (`sch_course_table_base_id`,`weeks`) USING BTREE
) ENGINE=InnoDB DEFAULT CHARSET=utf8 COMMENT='学校课程表-直播计划表，数据来源学校课程表基础表，基础表内一条数据对应本表内多条数据，如：基础表id=1的1-6周有课，则本表最多会产生6条对应数据，每个周都会被分割成单独一条记录';

-- ----------------------------
-- Records of wr_sch_course_table_live
-- ----------------------------
INSERT INTO `wr_sch_course_table_live` VALUES ('1', '1', '这是计算机原理课程，欢迎大家观看', '1', '2021-02-24', '0', '1_1', '管理员', '0', '1', 'lisi', '0', '2021-02-23 10:15:14', null, '0', null);
INSERT INTO `wr_sch_course_table_live` VALUES ('10', '1', '这是计算机原理课程，欢迎大家观看', '23', '2021-02-24', '0', '1_1', '管理员', '0', '1', 'lisi', '0', '2021-02-23 10:19:32', null, '0', null);
INSERT INTO `wr_sch_course_table_live` VALUES ('11', '1', '这是计算机原理课程，欢迎大家观看', '24', '2021-02-24', '0', '1_1', '管理员', '0', '1', 'lisi', '0', '2021-02-23 10:19:39', null, '0', null);
INSERT INTO `wr_sch_course_table_live` VALUES ('2', '1', '这是计算机原理课程，欢迎大家观看', '2', '2021-02-24', '0', '1_1', '管理员', '0', '1', 'lisi', '0', '2021-02-23 10:17:15', null, '0', null);
INSERT INTO `wr_sch_course_table_live` VALUES ('3', '1', '这是计算机原理课程，欢迎大家观看', '5', '2021-02-24', '0', '1_1', '管理员', '0', '1', 'lisi', '0', '2021-02-23 10:17:49', null, '0', null);
INSERT INTO `wr_sch_course_table_live` VALUES ('4', '1', '这是计算机原理课程，欢迎大家观看', '6', '2021-02-24', '0', '1_1', '管理员', '0', '1', 'lisi', '0', '2021-02-23 10:17:57', null, '0', null);
INSERT INTO `wr_sch_course_table_live` VALUES ('5', '1', '这是计算机原理课程，欢迎大家观看', '18', '2021-02-24', '0', '1_1', '管理员', '0', '1', 'lisi', '0', '2021-02-23 10:18:19', null, '0', null);
INSERT INTO `wr_sch_course_table_live` VALUES ('6', '1', '这是计算机原理课程，欢迎大家观看', '19', '2021-02-24', '0', '1_1', '管理员', '0', '1', 'lisi', '0', '2021-02-23 10:18:29', null, '0', null);
INSERT INTO `wr_sch_course_table_live` VALUES ('7', '1', '这是计算机原理课程，欢迎大家观看', '20', '2021-02-24', '0', '1_1', '管理员', '0', '1', 'lisi', '0', '2021-02-23 10:18:36', null, '0', null);
INSERT INTO `wr_sch_course_table_live` VALUES ('8', '1', '这是计算机原理课程，欢迎大家观看', '21', '2021-02-24', '0', '1_1', '管理员', '0', '1', 'lisi', '0', '2021-02-23 10:18:45', null, '0', null);
INSERT INTO `wr_sch_course_table_live` VALUES ('9', '1', '这是计算机原理课程，欢迎大家观看', '22', '2021-02-24', '0', '1_1', '管理员', '0', '1', 'lisi', '0', '2021-02-23 10:18:52', null, '0', null);

-- ----------------------------
-- Table structure for wr_sch_device
-- ----------------------------
DROP TABLE IF EXISTS `wr_sch_device`;
CREATE TABLE `wr_sch_device` (
  `id` varchar(255) NOT NULL COMMENT '主键(新增操作忽略，更新操作必填)',
  `sch_space_id` varchar(255) NOT NULL COMMENT '学校空间信息id',
  `serial_number` varchar(255) DEFAULT NULL COMMENT '设备序列号',
  `device_name` varchar(255) NOT NULL COMMENT '设备名称',
  `device_location` varchar(255) NOT NULL COMMENT '设备位置描述，以讲台方向为北，NW：西北角，N：正北，NE：东北角，W：正西，C：教室正中心，E：正东，SW：西南角、S：正南、SE：东南角，CNW：西北中，CNE：东北中，CSE：东南中，CSW：西南中，PF：讲台，OT：其它',
  `device_type` char(8) NOT NULL COMMENT '设备类型，1：摄像机，2：讲台计算机，overlay：合成流',
  `access_protocol` char(1) DEFAULT NULL COMMENT '接入协议，1：海康，2：大华，3：ONVIF',
  `ip_addr` varchar(255) DEFAULT NULL COMMENT '设备ip地址',
  `access_user` varchar(255) DEFAULT NULL COMMENT '访问用户名',
  `access_pwd` varchar(255) DEFAULT NULL COMMENT '访问密码',
  `rtsp_url_main` varchar(255) DEFAULT NULL COMMENT 'rtsp主码流地址',
  `rtsp_url_sub` varchar(255) DEFAULT NULL COMMENT 'rtsp子码流地址',
  `rtmp_get_url` varchar(255) NOT NULL COMMENT 'rtmp流地址',
  `flv_get_url` varchar(255) NOT NULL COMMENT 'flv流地址',
  `hls_get_url` varchar(255) NOT NULL COMMENT 'HLS流地址',
  `connect_status` char(1) DEFAULT '0' COMMENT '设备连接状态，默认离线，0：离线(红)，1：在线(绿)',
  `is_support_control` char(1) DEFAULT '0' COMMENT '设备本身是否支持云台控制，0：不支持，1：支持',
  `is_support_absolute_move` char(1) DEFAULT '0' COMMENT '是否支持绝对移动(前提为‘是否支持云台控制=1’)，0：不支持，1：支持',
  `is_support_continuous_move` char(1) DEFAULT '0' COMMENT '是否支持连续移动(前提为‘是否支持云台控制=1’)，0：不支持，1：支持',
  `is_enable_control` char(1) DEFAULT '0' COMMENT '是否启用云台控制，默认未启用，0：未启用，1：启用',
  `is_active` char(1) NOT NULL DEFAULT '1' COMMENT '是否激活设备，默认激活，相对范围是平台系统而不是设备本身，激活后在平台系统业务操作范围中可见，反之不可见。0：未激活，1：激活',
  `onvif_user` varchar(255) DEFAULT NULL COMMENT 'onvif用户名',
  `onvif_pwd` varchar(255) DEFAULT NULL COMMENT 'onvif密码',
  `create_id` varchar(255) NOT NULL COMMENT '创建人id，用于连表不用于显示',
  `create_by` varchar(32) NOT NULL COMMENT '创建人',
  `create_way` varchar(2) NOT NULL DEFAULT '0' COMMENT '创建方式（0：程序代码创建，1：导入创建）',
  `create_time` datetime NOT NULL DEFAULT CURRENT_TIMESTAMP COMMENT '创建时间',
  `remark` varchar(255) DEFAULT NULL COMMENT '备注',
  `is_delete` varchar(2) DEFAULT '0' COMMENT '是否删除（0：未删除，1：删除）',
  `delete_id` varchar(255) DEFAULT NULL COMMENT '删除人id，用于连表不用于显示',
  `delete_by` varchar(32) DEFAULT NULL COMMENT '删除人',
  `delete_time` datetime DEFAULT NULL COMMENT '删除时间',
  PRIMARY KEY (`id`),
  UNIQUE KEY `rtmp_get_url_uniqueIndex` (`rtmp_get_url`) USING BTREE,
  UNIQUE KEY `flv_get_url_uniqueIndex` (`flv_get_url`) USING BTREE,
  UNIQUE KEY `hls_get_url_uniqueIndex` (`hls_get_url`) USING BTREE,
  UNIQUE KEY `sch_space_id_device_location_uniqueIndex` (`sch_space_id`,`device_location`) USING BTREE COMMENT 'school_space_id和device_location_uniqueIndex',
  UNIQUE KEY `ip_addr_uniqueIndex` (`ip_addr`) USING BTREE,
  UNIQUE KEY `rtsp_url_main_uniqueIndex` (`rtsp_url_main`) USING BTREE,
  UNIQUE KEY `rtsp_url_sub_uniqueIndex` (`rtsp_url_sub`) USING BTREE
) ENGINE=InnoDB DEFAULT CHARSET=utf8 COMMENT='学校设备信息表，如：摄像机、讲台计算机等';

-- ----------------------------
-- Records of wr_sch_device
-- ----------------------------
INSERT INTO `wr_sch_device` VALUES ('0d266986bf8641f1a888a6e1fe9d1740', '10', '11111111111', '摄像机1(前)', 'E', '1', '1', '192.168.1.66', 'admin', '12345', 'rtsp://admin:12345@192.168.1.66:554/h264/ch1/main/av_stream', 'rtsp://admin:12345@192.168.1.66:554/h264/ch1/sub/av_stream', '/live/ZJCMXY_XSXQ_JXL1_1F_103_E', '/live/ZJCMXY_XSXQ_JXL1_1F_103_E.flv', '/live/ZJCMXY_XSXQ_JXL1_1F_103_E.m3u8', '0', '1', '0', '0', '1', '1', 'admin', '12345', '1', 'lisi', '0', '2020-11-18 15:04:30', null, '0', null, null, null);
INSERT INTO `wr_sch_device` VALUES ('1', '10', '76481-640-8834005-23901', '摄像机1(前)', 'NW', '1', '2', '192.168.1.65', 'admin', '12345', 'rtsp://admin:12345@192.168.1.65/h264/ch1/main/av_stream', 'rtsp://admin:12345@192.168.1.65/h264/ch1/sub/av_stream', '/live/101_1', '/live/101_1.flv', '/live/101_1.m3u8', '0', '1', '0', '0', '1', '1', 'admin', '12345', '1', '1', '0', '2020-11-10 18:13:07', null, '0', null, null, null);
INSERT INTO `wr_sch_device` VALUES ('2', '10', '76481-640-8834005-56321', '摄像机(后)', 'NE', '1', '1', '192.168.1.64', 'admin', 'abcdef123', 'rtsp://admin:abcdef123@192.168.1.64/h264/ch1/main/av_stream', 'rtsp://admin:abcdef123@192.168.1.64/h264/ch1/sub/av_stream', '/live/101_2', '/live/101_2.flv', '/live/101_2.m3u8', '0', '0', '0', '0', '0', '1', null, null, '1', 'lisi', '0', '2020-11-11 10:50:56', null, '0', null, null, null);
INSERT INTO `wr_sch_device` VALUES ('227cf93f5e7342db9d2ea9a1b714c432', '11', '', '讲台计算机', 'PF', '2', null, '192.168.1.129', null, null, null, null, '/live/ZJCMXY_XSXQ_JXL1_1F_102_VGA', '/live/ZJCMXY_XSXQ_JXL1_1F_102_VGA.flv', '/live/ZJCMXY_XSXQ_JXL1_1F_102_VGA.m3u8', '0', '0', '0', '0', '0', '1', null, null, '1', 'lisi', '1', '2021-03-09 10:24:46', '讲台计算机设备', '0', null, null, null);
INSERT INTO `wr_sch_device` VALUES ('3634491a19dc4d1e8ffda87d242aba7e', '11', 'CS-58445-KFOWNC-547846', '摄像头前', 'N', '1', '1', '192.168.1.130', 'admin', '12345', 'rtsp://admin:12345@192.168.1.130:554/h264/ch1/main/av_stream', 'rtsp://admin:12345@192.168.1.130:554/h264/ch1/sub/av_stream', '/live/ZJCMXY_XSXQ_JXL1_1F_102_N', '/live/ZJCMXY_XSXQ_JXL1_1F_102_N.flv', '/live/ZJCMXY_XSXQ_JXL1_1F_102_N.m3u8', '0', '0', '0', '0', '0', '1', null, null, '1', 'lisi', '1', '2021-03-09 10:24:46', '摄像机设备', '0', null, null, null);
INSERT INTO `wr_sch_device` VALUES ('3cb41614cb8f4481ae46d241a69d28f2', '10', '11111111111', '摄像机1(前)', 'S', '1', '1', '192.168.1.67', 'admin', '12345', 'rtsp://admin:12345@192.168.1.67:554/h264/ch1/main/av_stream', 'rtsp://admin:12345@192.168.1.67:554/h264/ch1/sub/av_stream', '/live/ZJCMXY_XSXQ_JXL1_1F_103_S', '/live/ZJCMXY_XSXQ_JXL1_1F_103_S.flv', '/live/ZJCMXY_XSXQ_JXL1_1F_103_S.m3u8', '0', '1', '0', '0', '1', '1', 'admin', '12345', '1', 'lisi', '0', '2020-11-18 17:52:39', null, '0', '', '', '2020-11-18 18:27:19');
INSERT INTO `wr_sch_device` VALUES ('879a5bf2852446ff8345ed69af80334a', 'd27a14449ba342fbae6232ccc3f9753c', null, '设备合成流', 'OT', 'overlay', null, null, null, null, null, null, '/live/ZJCMXY_TXXQ_JXLA_3F_303_OVERLAY', '/live/ZJCMXY_TXXQ_JXLA_3F_303_OVERLAY.flv', '/live/ZJCMXY_TXXQ_JXLA_3F_303_OVERLAY.m3u8', '0', '0', '0', '0', '0', '0', null, null, '1', 'lisi', '1', '2021-03-09 16:54:51', null, '0', null, null, null);
INSERT INTO `wr_sch_device` VALUES ('9b3099b945c14499a9cc2020e7f03464', 'b844c5afda40452ab1cba6ee7b12ecb6', null, '设备合成流', 'OT', 'overlay', null, null, null, null, null, null, '/live/ZJCMXY_TXXQ_JXLA_3F_302_OVERLAY', '/live/ZJCMXY_TXXQ_JXLA_3F_302_OVERLAY.flv', '/live/ZJCMXY_TXXQ_JXLA_3F_302_OVERLAY.m3u8', '0', '0', '0', '0', '0', '0', null, null, '1', 'lisi', '1', '2021-03-09 16:54:47', null, '0', null, null, null);
INSERT INTO `wr_sch_device` VALUES ('9ef6d53433044f5fb7e3a0e573e9e589', '10', '22222222', '讲台计算机2', 'PF', '2', null, '192.168.1.69', null, null, null, null, '/live/ZJCMXY_XSXQ_JXL1_1F_103_VGA', '/live/ZJCMXY_XSXQ_JXL1_1F_103_VGA.flv', '/live/ZJCMXY_XSXQ_JXL1_1F_103_VGA.m3u8', '0', '0', '0', '0', '0', '1', null, null, '1', 'lisi', '0', '2020-11-18 17:58:40', null, '0', null, null, null);
INSERT INTO `wr_sch_device` VALUES ('b8d11c6da0d94f3daafaa9878d6cf7ce', '11', '', '摄像头后', 'W', '1', '1', '192.168.1.131', 'admin', '12345', 'rtsp://admin:12345@192.168.1.131:554/h264/ch1/main/av_stream', 'rtsp://admin:12345@192.168.1.131:554/h264/ch1/sub/av_stream', '/live/ZJCMXY_XSXQ_JXL1_1F_102_W', '/live/ZJCMXY_XSXQ_JXL1_1F_102_W.flv', '/live/ZJCMXY_XSXQ_JXL1_1F_102_W.m3u8', '0', '1', '1', '1', '1', '1', 'admin', '12345', '1', 'lisi', '1', '2021-03-09 10:24:46', '摄像机设备', '0', null, null, null);
INSERT INTO `wr_sch_device` VALUES ('caedc68d63164b7dacfcb112828d31bd', '10', null, '设备合成流', 'OT', 'overlay', null, null, null, null, null, null, '/live/ZJCMXY_XSXQ_JXL1_3F_304_OVERLAY', '/live/ZJCMXY_XSXQ_JXL1_3F_304_OVERLAY.flv', '/live/ZJCMXY_XSXQ_JXL1_3F_304_OVERLAY.m3u8', '0', '0', '0', '0', '0', '1', null, null, '1', 'lisi', '0', '2020-12-29 10:39:22', null, '0', null, null, null);
INSERT INTO `wr_sch_device` VALUES ('cbb07c67b2574384b60ff226d7e3f9c6', '0cbd5bd2f6b845e982181e262b2e1ca5', null, '设备合成流', 'OT', 'overlay', null, null, null, null, null, null, '/live/ZJCMXY_TXXQ_JXLA_3F_301_OVERLAY', '/live/ZJCMXY_TXXQ_JXLA_3F_301_OVERLAY.flv', '/live/ZJCMXY_TXXQ_JXLA_3F_301_OVERLAY.m3u8', '0', '0', '0', '0', '0', '0', null, null, '1', 'lisi', '1', '2021-03-09 16:54:26', null, '0', null, null, null);

-- ----------------------------
-- Table structure for wr_sch_grade_class
-- ----------------------------
DROP TABLE IF EXISTS `wr_sch_grade_class`;
CREATE TABLE `wr_sch_grade_class` (
  `id` varchar(255) NOT NULL COMMENT '主键(新增操作忽略，更新操作必填)',
  `grade_year` int(4) NOT NULL COMMENT '入学年份(年级年份)，如：2010',
  `grade_name` int(255) DEFAULT NULL COMMENT '年级名称，1：一年级、2：二年级、3：三年级、4：四年级、5：五年级、6：六年级、7：初一、8：初二、9：初三、10：高一、11：高二、12：高三、13：大一、14：大二、15：大三、16：大四、17：大五、18：大六',
  `class_name` varchar(255) NOT NULL COMMENT '班级名称，如：1班、二班、计算机1201班等',
  `create_id` varchar(255) NOT NULL COMMENT '创建人id，用于连表不用于显示',
  `create_by` varchar(32) NOT NULL COMMENT '创建人账号，不建议填名字，账号更改的可能性很小且又比ID稍微形象化',
  `create_way` varchar(2) NOT NULL DEFAULT '0' COMMENT '创建方式（0：程序代码创建，1：导入创建）',
  `create_time` datetime NOT NULL DEFAULT CURRENT_TIMESTAMP COMMENT '创建时间',
  `remark` varchar(255) DEFAULT NULL COMMENT '备注',
  `is_delete` char(1) DEFAULT '0' COMMENT '是否删除（0：未删除，1：删除）',
  `delete_time` datetime DEFAULT NULL COMMENT '删除时间',
  PRIMARY KEY (`id`)
) ENGINE=InnoDB DEFAULT CHARSET=utf8 COMMENT='学校年级班级表，如：2016级计算机1601班';

-- ----------------------------
-- Records of wr_sch_grade_class
-- ----------------------------
INSERT INTO `wr_sch_grade_class` VALUES ('1', '2012', '1', '1班', '1', 'lisi', '0', '2020-12-01 15:33:16', null, '0', null);
INSERT INTO `wr_sch_grade_class` VALUES ('2', '2012', '2', '二班', '1', 'lisi', '0', '2020-12-01 15:35:46', null, '0', null);
INSERT INTO `wr_sch_grade_class` VALUES ('3', '2013', '13', '1308班', '1', 'lisi', '0', '2020-12-01 15:36:21', null, '0', null);
INSERT INTO `wr_sch_grade_class` VALUES ('4', '2014', null, '1402班', '1', 'lisi', '0', '2020-12-01 15:36:39', null, '0', null);
INSERT INTO `wr_sch_grade_class` VALUES ('5', '2015', null, '1501班', '1', 'lisi', '0', '2020-12-14 09:37:36', null, '0', null);

-- ----------------------------
-- Table structure for wr_sch_semester
-- ----------------------------
DROP TABLE IF EXISTS `wr_sch_semester`;
CREATE TABLE `wr_sch_semester` (
  `id` varchar(255) NOT NULL COMMENT '主键(新增操作忽略，更新操作必填)',
  `sem_code` varchar(32) NOT NULL COMMENT '学期编码，默认规则为"开始学年-结束学年-学期编号”，如：2012-2013-1',
  `school_year_start` int(4) NOT NULL COMMENT '开始学年，如：2012',
  `school_year_end` int(4) NOT NULL COMMENT '结束学年，如：2013',
  `sem_num` int(2) NOT NULL COMMENT '学期编号，1：第一学期，2：第二学期',
  `sem_date_start` date NOT NULL COMMENT '学期开始日期，如：2012-02-28',
  `sem_date_end` date NOT NULL COMMENT '学期结束日期，如：2012-07-01',
  `total_weeks` int(11) NOT NULL COMMENT '学期总周数，如：22',
  `is_current_sem` char(1) NOT NULL COMMENT '是否当前学期，注意同一学年只允许存在一个当前学期；0：否，1：是',
  `create_id` varchar(255) NOT NULL COMMENT '创建人id，用于连表不用于显示',
  `create_by` varchar(32) NOT NULL COMMENT '创建人账号，不建议填名字，账号更改的可能性很小且又比ID稍微形象化',
  `create_way` varchar(2) NOT NULL DEFAULT '0' COMMENT '创建方式（0：程序代码创建，1：导入创建）',
  `create_time` datetime NOT NULL DEFAULT CURRENT_TIMESTAMP COMMENT '创建时间',
  `remark` varchar(255) DEFAULT NULL COMMENT '备注',
  `is_delete` char(1) DEFAULT '0' COMMENT '是否删除（0：未删除，1：删除）',
  `delete_time` datetime DEFAULT NULL COMMENT '删除时间',
  PRIMARY KEY (`id`),
  UNIQUE KEY `sem_code_uniqueIndex` (`sem_code`) USING BTREE,
  UNIQUE KEY `school_year_start_end_sem_num_uniqueIndex` (`school_year_start`,`school_year_end`,`sem_num`) USING HASH
) ENGINE=InnoDB DEFAULT CHARSET=utf8 COMMENT='学校学期表，如：开始结束学年、开始结束学期、总周数等';

-- ----------------------------
-- Records of wr_sch_semester
-- ----------------------------
INSERT INTO `wr_sch_semester` VALUES ('1', '2019-2020-1', '2019', '2020', '1', '2019-09-01', '2020-01-23', '22', '0', '1', '李四', '0', '2020-12-04 11:01:11', null, '0', null);
INSERT INTO `wr_sch_semester` VALUES ('2', '2019-2020-2', '2019', '2020', '2', '2020-02-28', '2020-07-01', '19', '0', '1', '李四', '0', '2020-12-04 11:02:00', null, '0', null);
INSERT INTO `wr_sch_semester` VALUES ('3', '2020-2021-1', '2020', '2021', '1', '2020-09-01', '2021-01-23', '21', '1', '1', '李四', '0', '2020-12-30 09:55:44', null, '0', null);
INSERT INTO `wr_sch_semester` VALUES ('4', '2020-2021-2', '2021', '2021', '2', '2021-02-28', '2021-07-01', '19', '0', '1', '李四', '0', '2020-12-30 09:56:56', null, '0', null);

-- ----------------------------
-- Table structure for wr_sch_space
-- ----------------------------
DROP TABLE IF EXISTS `wr_sch_space`;
CREATE TABLE `wr_sch_space` (
  `id` varchar(255) NOT NULL COMMENT '主键(新增操作忽略，更新操作必填)',
  `parent_id` varchar(255) NOT NULL COMMENT '父结点id，选中左侧节点时可以获取到',
  `parent_ids` varchar(255) NOT NULL COMMENT '父结点id列表串，由后台系统代码自动生成',
  `space_code` varchar(255) NOT NULL COMMENT '空间编码，一般为空间名称的缩写，汉字拼音首字母大写，字母数字则不变，不允许带中文，同一父级下不允许重复。\r\n如：\r\n教学楼A编码为JXLA，A101编码为A101，则JXLA下不允许有两个A101、\r\n本部校区编码为BBXQ，教学楼A编码为JXLA，则BBXQ下不允许有两个JXLA',
  `parent_space_code` varchar(255) NOT NULL COMMENT '父节点空间编码',
  `parent_space_codes` varchar(255) NOT NULL COMMENT '父节点空间编码列表串，由后台系统代码自动生成',
  `space_name` varchar(255) NOT NULL COMMENT '空间名称(教学楼名称或班级门牌号)',
  `parent_space_name` varchar(255) NOT NULL COMMENT '父节点空间名称',
  `parent_space_names` varchar(255) NOT NULL COMMENT '父节点空间名称列表串，由后台系统代码自动生成',
  `space_alias` varchar(255) DEFAULT NULL COMMENT '空间名称别名',
  `space_type` char(1) NOT NULL COMMENT '空间类型，1：学校，2：校区，3：楼宇，4：楼层，5：教室',
  `sort_num` int(11) NOT NULL COMMENT '排序号',
  `create_id` varchar(255) NOT NULL COMMENT '创建人id，用于连表不用于显示',
  `create_by` varchar(32) NOT NULL COMMENT '创建人',
  `create_way` varchar(2) NOT NULL DEFAULT '0' COMMENT '创建方式（0：程序代码创建，1：导入创建）',
  `create_time` datetime NOT NULL DEFAULT CURRENT_TIMESTAMP COMMENT '创建时间',
  `remark` varchar(255) DEFAULT NULL COMMENT '备注',
  `is_delete` varchar(2) DEFAULT '0' COMMENT '是否删除（0：未删除，1：删除）',
  `delete_id` varchar(255) DEFAULT NULL COMMENT '删除人id，用于连表不用于显示',
  `delete_by` varchar(32) DEFAULT NULL COMMENT '删除人',
  `delete_time` datetime DEFAULT NULL COMMENT '删除时间',
  PRIMARY KEY (`id`),
  UNIQUE KEY `space_code_parent_space_codes_uniqueIndex` (`space_code`,`parent_space_codes`) USING BTREE COMMENT 'space_code和parent_space_codes_uniqueIndex',
  UNIQUE KEY `space_name_parent_space_names_uniqueIndex` (`space_name`,`parent_space_names`) USING BTREE COMMENT 'space_name和parent_space_names_uniqueIndex'
) ENGINE=InnoDB DEFAULT CHARSET=utf8 COMMENT='学校空间信息表，如：校区、楼、教室';

-- ----------------------------
-- Records of wr_sch_space
-- ----------------------------
INSERT INTO `wr_sch_space` VALUES ('0cbd5bd2f6b845e982181e262b2e1ca5', '21', '/0/1/3/16/21/', '301', '3F', '/ZJCMXY/TXXQ/JXLA/3F/', '301', '3F', '/浙江传媒学院/桐乡校区/教学楼A区/3F/', null, '5', '1', '1', 'lisi', '1', '2021-03-09 16:50:09', '教室节点', '0', null, null, null);
INSERT INTO `wr_sch_space` VALUES ('1', '0', '/0/', 'ZJCMXY', '/', '/', '浙江传媒学院', '/', '/', null, '1', '1', '1', '李四', '0', '2020-11-05 16:00:10', null, '0', null, null, null);
INSERT INTO `wr_sch_space` VALUES ('10', '7', '/0/1/2/4/7/', '103', '1F', '/ZJCMXY/XSXQ/JXL1/1F/', '103', '1F', '/浙江传媒学院/下沙校区/第一教学楼/1F/', null, '5', '1', '1', '李四', '0', '2020-11-05 16:08:47', null, '0', null, null, null);
INSERT INTO `wr_sch_space` VALUES ('11', '7', '/0/1/2/4/7/', '102', '1F', '/ZJCMXY/XSXQ/JXL1/1F/', '102', '1F', '/浙江传媒学院/下沙校区/第一教学楼/1F/', null, '5', '2', '1', '李四', '0', '2020-11-05 16:08:56', null, '0', null, null, null);
INSERT INTO `wr_sch_space` VALUES ('12', '8', '/0/1/2/4/8/', '201', '2F', '/ZJCMXY/XSXQ/JXL1/2F/', '201', '2F', '/浙江传媒学院/下沙校区/第一教学楼/2F/', null, '5', '3', '1', '李四', '0', '2020-11-05 16:09:11', null, '0', null, null, null);
INSERT INTO `wr_sch_space` VALUES ('13', '8', '/0/1/2/4/8/', '202', '2F', '/ZJCMXY/XSXQ/JXL1/2F/', '202', '2F', '/浙江传媒学院/下沙校区/第一教学楼/2F/', null, '5', '4', '1', '李四', '0', '2020-11-05 16:09:20', null, '0', null, null, null);
INSERT INTO `wr_sch_space` VALUES ('14', '9', '/0/1/2/4/9/', '301', '3F', '/ZJCMXY/XSXQ/JXL1/3F/', '301', '3F', '/浙江传媒学院/下沙校区/第一教学楼/3F/', '', '5', '5', '1', '李四', '0', '2020-11-05 16:09:36', null, '0', null, null, null);
INSERT INTO `wr_sch_space` VALUES ('15', '9', '/0/1/2/4/9/', '302', '3F', '/ZJCMXY/XSXQ/JXL1/3F/', '302', '3F', '/浙江传媒学院/下沙校区/第一教学楼/3F/', '', '5', '6', '1', '李四', '0', '2020-11-05 16:10:03', null, '0', null, null, null);
INSERT INTO `wr_sch_space` VALUES ('16', '3', '/0/1/3/', 'JXLA', 'TXXQ', '/ZJCMXY/TXXQ/', '教学楼A区', '桐乡校区', '/浙江传媒学院/桐乡校区/', '', '3', '1', '1', '李四', '0', '2020-11-05 16:13:38', null, '0', null, null, null);
INSERT INTO `wr_sch_space` VALUES ('17', '3', '/0/1/3/', 'JXLB', 'TXXQ', '/ZJCMXY/TXXQ/', '教学楼B区', '桐乡校区', '/浙江传媒学院/桐乡校区/', '', '3', '2', '1', '李四', '0', '2020-11-05 16:13:39', null, '0', null, null, null);
INSERT INTO `wr_sch_space` VALUES ('18', '3', '/0/1/3/', 'JXLC', 'TXXQ', '/ZJCMXY/TXXQ/', '教学楼C区', '桐乡校区', '/浙江传媒学院/桐乡校区/', '', '3', '3', '1', '李四', '0', '2020-11-05 16:13:39', null, '0', null, null, null);
INSERT INTO `wr_sch_space` VALUES ('19', '16', '/0/1/3/16/', '1F', 'JXLA', '/ZJCMXY/TXXQ/JXLA/', '1F', '教学楼A区', '/浙江传媒学院/桐乡校区/教学楼A区/', null, '4', '1', '1', '李四', '0', '2020-11-05 16:14:18', null, '0', null, null, null);
INSERT INTO `wr_sch_space` VALUES ('2', '1', '/0/1/', 'XSXQ', 'ZJCMXY', '/ZJCMXY/', '下沙校区', '浙江传媒学院', '/浙江传媒学院/', null, '2', '1', '1', '李四', '0', '2020-11-05 16:00:52', null, '0', null, null, null);
INSERT INTO `wr_sch_space` VALUES ('20', '16', '/0/1/3/16/', '2F', 'JXLA', '/ZJCMXY/TXXQ/JXLA/', '2F', '教学楼A区', '/浙江传媒学院/桐乡校区/教学楼A区/', null, '4', '2', '1', '李四', '0', '2020-11-05 16:14:31', null, '0', null, null, null);
INSERT INTO `wr_sch_space` VALUES ('21', '16', '/0/1/3/16/', '3F', 'JXLA', '/ZJCMXY/TXXQ/JXLA/', '3F', '教学楼A区', '/浙江传媒学院/桐乡校区/教学楼A区/', null, '4', '3', '1', '李四', '0', '2020-11-05 16:14:55', null, '0', null, null, null);
INSERT INTO `wr_sch_space` VALUES ('22', '19', '/0/1/3/16/19/', 'A101', '1F', '/ZJCMXY/TXXQ/JXLA/1F/', 'A101', '1F', '/浙江传媒学院/桐乡校区/教学楼A区/1F/', null, '5', '1', '1', '李四', '0', '2020-11-05 16:15:19', null, '0', null, null, null);
INSERT INTO `wr_sch_space` VALUES ('23', '20', '/0/1/3/16/20/', 'A201', '2F', '/ZJCMXY/TXXQ/JXLA/2F/', 'A201', '2F', '/浙江传媒学院/桐乡校区/教学楼A区/2F/', null, '5', '2', '1', '李四', '0', '2020-11-05 16:15:37', null, '0', null, null, null);
INSERT INTO `wr_sch_space` VALUES ('24', '21', '/0/1/3/16/21/', 'A301', '3F', '/ZJCMXY/TXXQ/JXLA/3F/', 'A301', '3F', '/浙江传媒学院/桐乡校区/教学楼A区/3F/', null, '5', '3', '1', '李四', '0', '2020-11-05 16:15:51', null, '0', null, null, null);
INSERT INTO `wr_sch_space` VALUES ('25', '21', '/0/1/3/16/21/', 'BB9', '3F', '/ZJCMXY/TXXQ/JXLA/3F/', '本部第九教室', '3F', '/浙江传媒学院/桐乡校区/教学楼A区/3F/', '', '5', '2', '1', '李四', '0', '2020-11-13 11:26:30', null, '0', null, null, null);
INSERT INTO `wr_sch_space` VALUES ('3', '1', '/0/1/', 'TXXQ', 'ZJCMXY', '/ZJCMXY/', '桐乡校区', '浙江传媒学院', '/浙江传媒学院/', null, '2', '1', '1', '李四', '0', '2020-11-05 16:01:43', null, '0', null, null, null);
INSERT INTO `wr_sch_space` VALUES ('4', '2', '/0/1/2/', 'JXL1', 'XSXQ', '/ZJCMXY/XSXQ/', '第一教学楼', '下沙校区', '/浙江传媒学院/下沙校区/', null, '3', '1', '1', '李四', '0', '2020-11-05 16:02:03', null, '0', null, null, null);
INSERT INTO `wr_sch_space` VALUES ('5', '2', '/0/1/2/', 'JXL2', 'XSXQ', '/ZJCMXY/XSXQ/', '第二教学楼', '下沙校区', '/浙江传媒学院/下沙校区/', null, '3', '2', '1', '李四', '0', '2020-11-05 16:02:26', null, '0', null, null, null);
INSERT INTO `wr_sch_space` VALUES ('6', '2', '/0/1/2/', 'XJL', 'XSXQ', '/ZJCMXY/XSXQ/', '现教楼', '下沙校区', '/浙江传媒学院/下沙校区/', null, '3', '3', '1', '李四', '0', '2020-11-05 16:02:44', null, '0', null, null, null);
INSERT INTO `wr_sch_space` VALUES ('7', '4', '/0/1/2/4/', '1F', 'JXL1', '/ZJCMXY/XSXQ/JXL1/', '1F', '第一教学楼', '/浙江传媒学院/下沙校区/第一教学楼/', null, '4', '1', '1', '李四', '0', '2020-11-05 16:03:25', null, '0', null, null, null);
INSERT INTO `wr_sch_space` VALUES ('8', '4', '/0/1/2/4/', '2F', 'JXL1', '/ZJCMXY/XSXQ/JXL1/', '2F', '第一教学楼', '/浙江传媒学院/下沙校区/第一教学楼/', null, '4', '2', '1', '李四', '0', '2020-11-05 16:03:38', null, '0', null, null, null);
INSERT INTO `wr_sch_space` VALUES ('9', '4', '/0/1/2/4/', '3F', 'JXL1', '/ZJCMXY/XSXQ/JXL1/', '3F', '第一教学楼', '/浙江传媒学院/下沙校区/第一教学楼/', null, '4', '3', '1', '李四', '0', '2020-11-05 16:03:49', null, '0', null, null, null);
INSERT INTO `wr_sch_space` VALUES ('b844c5afda40452ab1cba6ee7b12ecb6', '21', '/0/1/3/16/21/', '302', '3F', '/ZJCMXY/TXXQ/JXLA/3F/', '302', '3F', '/浙江传媒学院/桐乡校区/教学楼A区/3F/', null, '5', '2', '1', 'lisi', '1', '2021-03-09 16:50:21', '教室节点', '0', null, null, null);
INSERT INTO `wr_sch_space` VALUES ('d27a14449ba342fbae6232ccc3f9753c', '21', '/0/1/3/16/21/', '303', '3F', '/ZJCMXY/TXXQ/JXLA/3F/', '303', '3F', '/浙江传媒学院/桐乡校区/教学楼A区/3F/', null, '5', '3', '1', 'lisi', '1', '2021-03-09 16:50:25', '教室节点', '0', null, null, null);

-- ----------------------------
-- Table structure for wr_security_questions
-- ----------------------------
DROP TABLE IF EXISTS `wr_security_questions`;
CREATE TABLE `wr_security_questions` (
  `id` varchar(255) NOT NULL COMMENT '主键(新增操作忽略，更新操作必填)',
  `question_code` varchar(64) NOT NULL COMMENT '问题编号',
  `question_desc` varchar(255) NOT NULL COMMENT '问题描述',
  `is_locked` char(1) DEFAULT '0' COMMENT '是否锁定，1：锁定，0未锁定',
  `create_id` varchar(255) NOT NULL COMMENT '创建人id，用于连表不用于显示',
  `create_by` varchar(32) NOT NULL COMMENT '创建人账号，不建议填名字，账号更改的可能性很小且又比ID稍微形象化',
  `create_way` varchar(2) NOT NULL DEFAULT '0' COMMENT '创建方式（0：程序代码创建，1：导入创建）',
  `create_time` datetime NOT NULL DEFAULT CURRENT_TIMESTAMP COMMENT '创建时间',
  `remark` varchar(255) DEFAULT NULL COMMENT '备注',
  `is_delete` char(1) DEFAULT '0' COMMENT '是否删除（0：未删除，1：删除）',
  `delete_time` datetime DEFAULT NULL COMMENT '删除时间',
  PRIMARY KEY (`id`)
) ENGINE=InnoDB DEFAULT CHARSET=utf8 COMMENT='密保问题表';

-- ----------------------------
-- Records of wr_security_questions
-- ----------------------------
INSERT INTO `wr_security_questions` VALUES ('1', '1', '你母亲的生日是？', '0', '1', 'lisi', '0', '2020-07-15 16:36:56', null, '0', null);
INSERT INTO `wr_security_questions` VALUES ('2', '2', '你父亲的生日是？', '0', '1', 'lisi', '0', '2020-07-15 16:37:11', null, '0', null);
INSERT INTO `wr_security_questions` VALUES ('3', '3', '你的学号(工号)是？', '0', '1', 'lisi', '0', '2020-07-15 16:37:39', null, '0', null);
INSERT INTO `wr_security_questions` VALUES ('4', '4', '你最喜欢做的事是？', '0', '1', 'lisi', '0', '2020-07-15 16:38:05', null, '0', null);
INSERT INTO `wr_security_questions` VALUES ('5', '5', '你印象最深刻的人是？', '0', '1', 'lisi', '0', '2020-07-15 16:38:59', null, '0', null);

-- ----------------------------
-- Table structure for wr_security_question_set
-- ----------------------------
DROP TABLE IF EXISTS `wr_security_question_set`;
CREATE TABLE `wr_security_question_set` (
  `id` varchar(255) NOT NULL COMMENT '主键(新增操作忽略，更新操作必填)',
  `basic_auth_id` varchar(255) NOT NULL COMMENT '基础认证表关联ID',
  `security_question_id` varchar(255) NOT NULL COMMENT '密保问题表id',
  `rank` int(255) DEFAULT NULL COMMENT '问题序号，1：问题1，2：问题2',
  `answer` varchar(255) NOT NULL COMMENT '问题答案',
  `is_locked` char(1) DEFAULT '0' COMMENT '是否锁定，1：锁定，0未锁定',
  `create_id` varchar(255) NOT NULL COMMENT '创建人id，用于连表不用于显示',
  `create_by` varchar(32) NOT NULL COMMENT '创建人账号，不建议填名字，账号更改的可能性很小且又比ID稍微形象化',
  `create_way` varchar(2) NOT NULL DEFAULT '0' COMMENT '创建方式（0：程序代码创建，1：导入创建）',
  `create_time` datetime NOT NULL DEFAULT CURRENT_TIMESTAMP COMMENT '创建时间',
  `remark` varchar(255) DEFAULT NULL COMMENT '备注',
  `is_delete` char(1) DEFAULT '0' COMMENT '是否删除（0：未删除，1：删除）',
  `delete_time` datetime DEFAULT NULL COMMENT '删除时间',
  PRIMARY KEY (`id`)
) ENGINE=InnoDB DEFAULT CHARSET=utf8 COMMENT='密保问题设置表';

-- ----------------------------
-- Records of wr_security_question_set
-- ----------------------------
INSERT INTO `wr_security_question_set` VALUES ('38677df874a246ec99c12ea2f25f1c2b', '2', '2', '2', '2', null, '1', 'lisi', '0', '2020-11-23 10:07:53', null, '0', null);
INSERT INTO `wr_security_question_set` VALUES ('81ff2a1820b04d87a520bcbcf6e922b8', '2', '1', '1', '1', null, '1', 'lisi', '0', '2020-11-23 10:07:53', null, '0', null);

-- ----------------------------
-- Table structure for wr_server_host
-- ----------------------------
DROP TABLE IF EXISTS `wr_server_host`;
CREATE TABLE `wr_server_host` (
  `id` varchar(255) NOT NULL COMMENT '主键(新增操作忽略，更新操作必填)',
  `host_protocol` varchar(255) NOT NULL COMMENT '主机协议',
  `host_addr` varchar(64) NOT NULL COMMENT '主机地址',
  `host_port` varchar(16) NOT NULL COMMENT '主机端口',
  `host_type` char(1) NOT NULL COMMENT '主机类型，1：流媒体服务器推流、2：流媒体服务器http拉流、3：资源服务器点播、4：流媒体服务器ws拉流',
  `host_desc` varchar(255) NOT NULL COMMENT '主机描述',
  `create_id` varchar(255) NOT NULL COMMENT '创建人id，用于连表不用于显示',
  `create_by` varchar(32) NOT NULL COMMENT '创建人账号，不建议填名字，账号更改的可能性很小且又比ID稍微形象化',
  `create_way` varchar(2) NOT NULL DEFAULT '0' COMMENT '创建方式（0：程序代码创建，1：导入创建）',
  `create_time` datetime NOT NULL DEFAULT CURRENT_TIMESTAMP COMMENT '创建时间',
  `remark` varchar(255) DEFAULT NULL COMMENT '备注',
  `is_delete` char(1) DEFAULT '0' COMMENT '是否删除（0：未删除，1：删除）',
  `delete_time` datetime DEFAULT NULL COMMENT '删除时间',
  PRIMARY KEY (`id`),
  UNIQUE KEY `protocol_addr_port_type_uniqueIndex` (`host_protocol`,`host_addr`,`host_port`,`host_type`) USING BTREE
) ENGINE=InnoDB DEFAULT CHARSET=utf8 COMMENT='服务器主机存储表';

-- ----------------------------
-- Records of wr_server_host
-- ----------------------------
INSERT INTO `wr_server_host` VALUES ('1', 'rtmp://', '192.168.1.185', ':1935', '1', '流媒体服务器的推流地址（此表中的任何一字段都不可随便更改，每个类型都已经写死）', '1', 'lisi', '0', '2020-08-13 14:03:08', '', '0', null);
INSERT INTO `wr_server_host` VALUES ('2', 'http://', '192.168.1.185', ':8090', '2', '流媒体服务器的web对外访问路径或http拉流地址（此表中的任何一字段都不可随便更改，每个类型都已经写死）', '1', 'lisi', '0', '2020-08-13 14:03:08', '', '0', null);
INSERT INTO `wr_server_host` VALUES ('3', 'http://', '192.168.1.185', ':80', '3', '资源服务器的web对外访问路径或点播地址（此表中的任何一字段都不可随便更改，每个类型都已经写死）', '1', 'lisi', '0', '2020-08-13 14:03:08', '', '0', null);
INSERT INTO `wr_server_host` VALUES ('4', 'ws://', '192.168.1.185', ':8091', '4', '流媒体服务器的ws拉流地址（此表中的任何一字段都不可随便更改，每个类型都已经写死）', '1', 'lisi', '0', '2020-08-15 16:39:13', null, '0', null);

-- ----------------------------
-- Table structure for wr_shortcut_menu
-- ----------------------------
DROP TABLE IF EXISTS `wr_shortcut_menu`;
CREATE TABLE `wr_shortcut_menu` (
  `id` varchar(255) NOT NULL COMMENT '主键(新增操作忽略，更新操作必填)',
  `sys_permission_id` varchar(255) NOT NULL COMMENT '权限id',
  `sys_user_id` varchar(255) NOT NULL,
  `create_id` varchar(255) NOT NULL COMMENT '创建人id，用于连表不用于显示',
  `create_by` varchar(32) NOT NULL COMMENT '创建人账号，不建议填名字，账号更改的可能性很小且又比ID稍微形象化',
  `create_time` datetime NOT NULL DEFAULT CURRENT_TIMESTAMP COMMENT '创建时间',
  `remark` varchar(255) DEFAULT NULL COMMENT '备注',
  `is_delete` char(1) DEFAULT '0' COMMENT '是否删除（0：未删除，1：删除）',
  `delete_time` datetime DEFAULT NULL COMMENT '删除时间',
  PRIMARY KEY (`id`)
) ENGINE=InnoDB DEFAULT CHARSET=utf8 COMMENT='快捷菜单表，每个用户具有不同的快捷菜单';

-- ----------------------------
-- Records of wr_shortcut_menu
-- ----------------------------
INSERT INTO `wr_shortcut_menu` VALUES ('1', '22', '1', '1', '1', '2020-08-31 16:15:45', null, '0', null);
INSERT INTO `wr_shortcut_menu` VALUES ('2', '23', '1', '1', '1', '2020-08-31 16:16:19', null, '0', null);
INSERT INTO `wr_shortcut_menu` VALUES ('3', '24', '1', '1', '1', '2020-08-31 16:16:44', null, '0', null);
INSERT INTO `wr_shortcut_menu` VALUES ('4', '25', '1', '1', '1', '2020-08-31 16:16:48', null, '0', null);

-- ----------------------------
-- Table structure for wr_sys_department
-- ----------------------------
DROP TABLE IF EXISTS `wr_sys_department`;
CREATE TABLE `wr_sys_department` (
  `id` varchar(255) NOT NULL COMMENT '主键(新增操作忽略，更新操作必填)',
  `parent_id` varchar(255) NOT NULL COMMENT '父结点id',
  `parent_ids` varchar(255) NOT NULL COMMENT '父结点id列表串，由后台系统代码自动生成',
  `dep_name` varchar(255) NOT NULL COMMENT '部门名称',
  `dep_code` varchar(255) NOT NULL COMMENT '部门编码',
  `dep_desc` varchar(255) DEFAULT NULL COMMENT '部门描述',
  `dep_type` varchar(3) NOT NULL COMMENT '部门类型：1_1：校区、1_2：院、1_3：系(专业)；\r\n职能部门应为2_开头，目前暂时没有用到',
  `sort_num` int(11) NOT NULL COMMENT '排序号',
  `ascription_type` varchar(3) NOT NULL COMMENT '归属类型，1：校区/院/系或专业(学生)，2：职能部门(老师)',
  `create_id` varchar(255) NOT NULL COMMENT '创建人id，用于连表不用于显示',
  `create_by` varchar(32) NOT NULL COMMENT '创建人账号，不建议填名字，账号更改的可能性很小且又比ID稍微形象化',
  `create_way` varchar(2) NOT NULL DEFAULT '0' COMMENT '创建方式（0：程序代码创建，1：导入创建）',
  `create_time` datetime NOT NULL DEFAULT CURRENT_TIMESTAMP COMMENT '创建时间',
  `remark` varchar(255) DEFAULT NULL COMMENT '备注',
  `is_delete` char(1) DEFAULT '0' COMMENT '是否删除（0：未删除，1：删除）',
  `delete_time` datetime DEFAULT NULL COMMENT '删除时间',
  PRIMARY KEY (`id`),
  UNIQUE KEY `dep_code_uniqueIndex` (`dep_code`) USING BTREE
) ENGINE=InnoDB DEFAULT CHARSET=utf8 COMMENT='系统级-部门表';

-- ----------------------------
-- Records of wr_sys_department
-- ----------------------------
INSERT INTO `wr_sys_department` VALUES ('1', '0', '/0/', '浙江传媒学院', 'zjcmxy', '根节点', '/', '1', '1,2', '1', 'admin', '0', '2020-06-05 09:49:26', null, '0', null);
INSERT INTO `wr_sys_department` VALUES ('10', '2', '/0/1/2/', '招生办', 'zsb', '负责本科招生工作', '/', '1', '2', '1', 'admin', '0', '2020-06-05 09:57:09', null, '0', null);
INSERT INTO `wr_sys_department` VALUES ('11', '2', '/0/1/2/', '就业指导中心', 'jyzdzx', '负责学生就业相关事宜', '/', '1', '2', '1', 'admin', '0', '2020-06-05 09:57:28', null, '0', null);
INSERT INTO `wr_sys_department` VALUES ('12', '1', '/0/1/', '下沙校区', 'xsxqyxj', '下沙校区院系级', '1_1', '1', '1', '1', 'admin', '0', '2020-11-30 09:49:16', null, '0', null);
INSERT INTO `wr_sys_department` VALUES ('13', '12', '/0/1/12/', '经济与管理学院', 'jjyglxy', '经济与管理学院', '1_2', '1', '1', '1', 'admin', '0', '2020-11-30 09:53:42', null, '0', null);
INSERT INTO `wr_sys_department` VALUES ('14', '12', '/0/1/12/', '外国语学院', 'wgyxy', '外国语学院', '1_2', '1', '1', '1', 'admin', '0', '2020-11-30 09:56:34', null, '0', null);
INSERT INTO `wr_sys_department` VALUES ('15', '12', '/0/1/12/', '生命科学学院', 'smkxxy', '生命科学学院', '1_2', '1', '1', '1', 'admin', '0', '2020-11-30 09:57:12', null, '0', null);
INSERT INTO `wr_sys_department` VALUES ('16', '13', '/0/1/12/13/', '会计', 'kj', '会计', '1_3', '1', '1', '1', 'admin', '0', '2020-11-30 10:01:08', null, '0', null);
INSERT INTO `wr_sys_department` VALUES ('17', '13', '/0/1/12/13/', '金融', 'jr', '金融', '1_3', '1', '1', '1', 'admin', '0', '2020-11-30 10:01:50', null, '0', null);
INSERT INTO `wr_sys_department` VALUES ('18', '13', '/0/1/12/13/', '工商管理', 'gsgl', '工商管理', '1_3', '1', '1', '1', 'admin', '0', '2020-11-30 10:02:42', null, '0', null);
INSERT INTO `wr_sys_department` VALUES ('19', '14', '/0/1/12/14/', '英语', 'yingyu', '英语', '1_3', '1', '1', '1', 'admin', '0', '2020-11-30 10:06:35', null, '0', null);
INSERT INTO `wr_sys_department` VALUES ('2', '1', '/0/1/', '下沙校区', 'xsxqzn', '下沙校区职能', '/', '1', '2', '1', 'admin', '0', '2020-06-05 09:50:20', null, '0', null);
INSERT INTO `wr_sys_department` VALUES ('20', '14', '/0/1/12/14/', '俄语', 'eyu', '俄语', '1_3', '1', '1', '1', 'admin', '0', '2020-11-30 10:07:13', null, '0', null);
INSERT INTO `wr_sys_department` VALUES ('21', '15', '/0/1/12/15/', '生物工程', 'swgc', '生物工程', '1_3', '1', '1', '1', 'admin', '0', '2020-11-30 10:12:22', null, '0', null);
INSERT INTO `wr_sys_department` VALUES ('22', '15', '/0/1/12/15/', '食品科学与分子生物学', 'spkxyfzswx', '食品科学与分子生物学', '1_3', '1', '1', '1', 'admin', '0', '2020-11-30 10:13:39', null, '0', null);
INSERT INTO `wr_sys_department` VALUES ('3', '2', '/0/1/2/', '人事处', 'rsc', '主要是应聘教师，管理教师工资及各种教师考核等', '/', '1', '2', '1', 'admin', '0', '2020-06-05 09:53:20', null, '0', null);
INSERT INTO `wr_sys_department` VALUES ('4', '2', '/0/1/2/', '外事处', 'wsc', '主要是学校的对外合作交流，还有帮老师办理因公出访手续等', '/', '1', '2', '1', 'admin', '0', '2020-06-05 09:53:53', null, '0', null);
INSERT INTO `wr_sys_department` VALUES ('5', '2', '/0/1/2/', '教务处', 'jwc', '主要管理各专业培养方案，制定校历，管理学生成绩，排课等等', '/', '1', '2', '1', 'admin', '0', '2020-06-05 09:54:13', null, '0', null);
INSERT INTO `wr_sys_department` VALUES ('6', '2', '/0/1/2/', '学生处', 'xsc', '专门管理学生事务，辅导员都是学生处管理的', '/', '1', '2', '1', 'admin', '0', '2020-06-05 09:54:29', null, '0', null);
INSERT INTO `wr_sys_department` VALUES ('7', '2', '/0/1/2/', '财务处', 'cwc', '管理学校财务，教师工资发放，教师项目报销等事宜', '/', '1', '2', '1', 'admin', '0', '2020-06-05 09:54:56', null, '0', null);
INSERT INTO `wr_sys_department` VALUES ('8', '2', '/0/1/2/', '社科处', 'skc', '管理学校的人文社科科研工作', '/', '1', '2', '1', 'admin', '0', '2020-06-05 09:55:18', null, '0', null);
INSERT INTO `wr_sys_department` VALUES ('9', '2', '/0/1/2/', '组织部', 'zzb', '管理学校干部以及各种干部任免工作', '/', '1', '2', '1', 'admin', '0', '2020-06-05 09:55:47', null, '0', null);

-- ----------------------------
-- Table structure for wr_sys_department_user
-- ----------------------------
DROP TABLE IF EXISTS `wr_sys_department_user`;
CREATE TABLE `wr_sys_department_user` (
  `id` varchar(255) NOT NULL COMMENT '主键(新增操作忽略，更新操作必填)',
  `sys_department_id` varchar(255) NOT NULL COMMENT '部门id',
  `sys_user_id` varchar(255) NOT NULL COMMENT '用户id',
  `create_id` varchar(255) NOT NULL COMMENT '创建人id，用于连表不用于显示',
  `create_by` varchar(32) NOT NULL COMMENT '创建人账号，不建议填名字，账号更改的可能性很小且又比ID稍微形象化',
  `create_time` datetime NOT NULL DEFAULT CURRENT_TIMESTAMP COMMENT '创建时间',
  `remark` varchar(255) DEFAULT NULL COMMENT '备注',
  PRIMARY KEY (`id`)
) ENGINE=InnoDB DEFAULT CHARSET=utf8 COMMENT='系统级-部门用户表';

-- ----------------------------
-- Records of wr_sys_department_user
-- ----------------------------
INSERT INTO `wr_sys_department_user` VALUES ('1', '2', '1', '1', '1', '2020-06-05 13:34:49', null);

-- ----------------------------
-- Table structure for wr_sys_permission
-- ----------------------------
DROP TABLE IF EXISTS `wr_sys_permission`;
CREATE TABLE `wr_sys_permission` (
  `id` varchar(255) NOT NULL COMMENT '主键(新增操作忽略，更新操作必填)',
  `name` varchar(128) NOT NULL COMMENT '资源名称',
  `type` varchar(32) NOT NULL COMMENT '资源类型，1：一级菜单，2：二级菜单，button：按钮，btn_menu：按钮菜单(内联菜单)',
  `url` varchar(128) DEFAULT NULL COMMENT '访问url地址；无实际url可不填，如：父菜单；',
  `percode` varchar(128) DEFAULT NULL COMMENT '权限代码字符串，填写规则“模块页面英文:操作类型英文”，例：用户管理页面的增加按钮 -> user:create（可用来判断是否拥有该权限,避免拿汉字来判断）',
  `parent_id` varchar(255) DEFAULT NULL COMMENT '父结点id，选中左侧菜单树节点时可以获取到',
  `parent_ids` varchar(255) DEFAULT NULL COMMENT '父结点id列表串，由后台系统代码自动生成',
  `sort_num` int(11) DEFAULT NULL COMMENT '排序号',
  `ascription_type` varchar(3) NOT NULL COMMENT '归属类型，1：后端平台的菜单，2：前端平台的菜单',
  `icon_style` varchar(255) DEFAULT NULL COMMENT '图标样式',
  `icon_url` varchar(255) DEFAULT NULL COMMENT '图标地址',
  `is_locked` char(1) DEFAULT '0' COMMENT '是否锁定，1：锁定，0未锁定',
  `create_id` varchar(255) NOT NULL COMMENT '创建人id，用于连表不用于显示',
  `create_by` varchar(32) NOT NULL COMMENT '创建人账号，不建议填名字，账号更改的可能性很小且又比ID稍微形象化',
  `create_time` datetime NOT NULL DEFAULT CURRENT_TIMESTAMP COMMENT '创建时间',
  `remark` varchar(255) DEFAULT NULL COMMENT '备注',
  `is_delete` char(1) DEFAULT '0' COMMENT '是否删除（0：未删除，1：删除）',
  `delete_time` datetime DEFAULT NULL COMMENT '删除时间',
  PRIMARY KEY (`id`) USING BTREE,
  UNIQUE KEY `percode_uniqueIndex` (`percode`) USING BTREE
) ENGINE=InnoDB DEFAULT CHARSET=utf8 ROW_FORMAT=DYNAMIC COMMENT='系统级-资源权限表，本表是资源表(如菜单)及权限表(如增删改查导入导出等)的合表';

-- ----------------------------
-- Records of wr_sys_permission
-- ----------------------------
INSERT INTO `wr_sys_permission` VALUES ('053d40124deb41a0b52bffcf9994df63', '批量删除', 'button', '/api/v1/schGradeClass/batchDelete/{permId}', 'schGradeClass:batchDelete', '30b51a937101430a8dfdfd13e19e0eb6', '/0/7e0becec33ce4cd48cd9162ae5eaa958/15168443e7c342a48995ff6d37bc81e4/30b51a937101430a8dfdfd13e19e0eb6/', '5', '1', 'el-table', '/icons/menuIcon/fe72dfa0a0d2c28792bdcf7469702905.png', '0', '1', 'lisi', '2021-01-18 15:59:39', '按钮-批量删除', '0', null);
INSERT INTO `wr_sys_permission` VALUES ('067e67b0bd4345349fb395c0f8d8bbad', '课表详情', 'btn_menu', '/lineTourClassDetail', 'fgPatrolCourseDetail', '6058c9ff459d436a9ae9157eec23ff9c', '/0/7e0becec33ce4cd48cd9162ae5eaa958/6058c9ff459d436a9ae9157eec23ff9c/', '2', '2', 'el-table', '/icons/menuIcon/60073d256d293a8862d084df1511e1ba.png', '0', '1', 'lisi', '2021-01-28 14:29:01', '按钮菜单(内联菜单)-课表详情', '0', null);
INSERT INTO `wr_sys_permission` VALUES ('073fc362148849b1a5e5d6bac4a226fe', '课程直播', '1', 'courseLive', 'fgCourseLive', '7e0becec33ce4cd48cd9162ae5eaa958', '/0/7e0becec33ce4cd48cd9162ae5eaa958/', '1', '2', 'el-table', '/icons/menuIcon/5c6a2691b7d9c278513b204163b41e40.png', '0', '1', 'lisi', '2021-01-28 11:32:00', '一级菜单-课程直播', '0', null);
INSERT INTO `wr_sys_permission` VALUES ('0adcf4ea1b7a4e76b38c641e9bd08a8d', '导出用户', 'button', '等待开发', 'sysUser:export', 'a468662a0c38469db148eda609ad6def', '/0/7e0becec33ce4cd48cd9162ae5eaa958/3ff64dea395d405fad9a0893c1d9626f/a468662a0c38469db148eda609ad6def/', '10', '1', 'el-table', '/icons/menuIcon/fe72dfa0a0d2c28792bdcf7469702905.png', '0', '1', 'lisi', '2021-01-13 17:57:09', '按钮-导出用户', '0', null);
INSERT INTO `wr_sys_permission` VALUES ('0b85c0579bc34df8ac2b5be93d66b7bd', '批量删除', 'button', '/api/v1/schDevice/batchDelete/{permId}', 'schDevice:batchDelete', 'f9b51e1adb7549918aadce9b05562405', '/0/7e0becec33ce4cd48cd9162ae5eaa958/15168443e7c342a48995ff6d37bc81e4/f9b51e1adb7549918aadce9b05562405/', '5', '1', 'el-table', '/icons/menuIcon/fe72dfa0a0d2c28792bdcf7469702905.png', '0', '1', 'lisi', '2021-01-18 14:37:47', '按钮-批量删除', '0', null);
INSERT INTO `wr_sys_permission` VALUES ('0ed0e9290bb7483e84b7ab6cc21e5392', '重置密码', 'button', '/api/v1/basicAuthBg/resetPwd/{permId}/{rowId}', 'basicAuth:resetPwd', 'd82713b4da4f4be78191416925958e0f', '/0/7e0becec33ce4cd48cd9162ae5eaa958/3ff64dea395d405fad9a0893c1d9626f/d82713b4da4f4be78191416925958e0f/', '5', '1', 'el-table', '/icons/menuIcon/fe72dfa0a0d2c28792bdcf7469702905.png', '0', '1', 'lisi', '2021-01-13 16:51:47', '按钮-重置密码', '0', null);
INSERT INTO `wr_sys_permission` VALUES ('0f8096a58d7c44adbc130f03eac8e8fb', '添加考场(试)', 'button', '/api/v1/examinationHall/save/{permId}', 'examinationHall:create', 'ab6c50aa7b514fb49b80f6d0f6234972', '/0/7e0becec33ce4cd48cd9162ae5eaa958/d15b528b192e4d5a82f516164e6c27f9/ab6c50aa7b514fb49b80f6d0f6234972/', '2', '1', 'el-table', '/icons/menuIcon/fe72dfa0a0d2c28792bdcf7469702905.png', '0', '1', 'lisi', '2021-01-15 15:06:49', '按钮-添加考场(试)', '0', null);
INSERT INTO `wr_sys_permission` VALUES ('102d31d9276849c68371ad6fedbd7b8d', '考场视频管理', '2', '/cloudEaxm/zjVideo', 'examAlbum', 'd15b528b192e4d5a82f516164e6c27f9', '/0/7e0becec33ce4cd48cd9162ae5eaa958/d15b528b192e4d5a82f516164e6c27f9/', '2', '1', 'el-table', '/icons/menuIcon/8b7eac9794f66219cac1310ad86bfdb7.png', '0', '1', 'lisi', '2021-01-18 11:48:23', '二级菜单-考场视频管理', '0', null);
INSERT INTO `wr_sys_permission` VALUES ('124e626024754c6eb8d390a9fbae1a09', '修改组织', 'button', '/api/v1/sysDepartment/update/{permId}', 'sysDepartment:update', 'd9568fead3354999a89c1057edad8394', '/0/7e0becec33ce4cd48cd9162ae5eaa958/15168443e7c342a48995ff6d37bc81e4/d9568fead3354999a89c1057edad8394/', '4', '1', 'el-table', '/icons/menuIcon/fe72dfa0a0d2c28792bdcf7469702905.png', '0', '1', 'lisi', '2021-01-18 15:42:32', '按钮-修改组织', '0', null);
INSERT INTO `wr_sys_permission` VALUES ('134c41ae8caf4ec291225f415d2082cd', '课程类别', '2', '/basicSetting/CourseType', 'schCourseCategory', '15168443e7c342a48995ff6d37bc81e4', '/0/7e0becec33ce4cd48cd9162ae5eaa958/15168443e7c342a48995ff6d37bc81e4/', '4', '1', 'el-table', '/icons/menuIcon/9c7beeea65760b618e1e39b634cafb62.png', '0', '1', 'lisi', '2021-01-18 15:16:11', '按钮-课程类别', '0', null);
INSERT INTO `wr_sys_permission` VALUES ('14c4210ecfc54fdd8fc621f9eda5d86c', '批量删除', 'button', '/api/v1/examinationHall/batchDelete/{permId}', 'examinationHall:batchDelete', 'ab6c50aa7b514fb49b80f6d0f6234972', '/0/7e0becec33ce4cd48cd9162ae5eaa958/d15b528b192e4d5a82f516164e6c27f9/ab6c50aa7b514fb49b80f6d0f6234972/', '5', '1', 'el-table', '/icons/menuIcon/fe72dfa0a0d2c28792bdcf7469702905.png', '0', '1', 'lisi', '2021-01-15 15:19:36', '按钮-批量删除', '0', null);
INSERT INTO `wr_sys_permission` VALUES ('15168443e7c342a48995ff6d37bc81e4', '基础设置', '1', '/basicSetting/management', 'basicSetting', '7e0becec33ce4cd48cd9162ae5eaa958', '/0/7e0becec33ce4cd48cd9162ae5eaa958/', '5', '1', 'el-table', '/icons/menuIcon/1347090a697dc190147b3be423aa01eb.png', '0', '1', 'lisi', '2021-01-18 14:17:15', '一级菜单-基础设置', '0', null);
INSERT INTO `wr_sys_permission` VALUES ('15f709e60171438a95a60b6e4c2e0033', '启用账号', 'button', '/api/v1/basicAuthBg/locked/{permId}/{rowId}', 'basicAuth:unlocked', 'd82713b4da4f4be78191416925958e0f', '/0/7e0becec33ce4cd48cd9162ae5eaa958/3ff64dea395d405fad9a0893c1d9626f/d82713b4da4f4be78191416925958e0f/', '7', '1', 'el-table', '/icons/menuIcon/fe72dfa0a0d2c28792bdcf7469702905.png', '0', '1', 'lisi', '2021-01-13 16:55:44', '按钮-启用账号', '0', null);
INSERT INTO `wr_sys_permission` VALUES ('1c1aabc8f7054c8c80e6db073acf9a62', '修改学期', 'button', '/api/v1/schSemester/update/{permId}', 'schSemester:update', '43ca5e5b0f3946bca191b33be79e430d', '/0/7e0becec33ce4cd48cd9162ae5eaa958/15168443e7c342a48995ff6d37bc81e4/43ca5e5b0f3946bca191b33be79e430d/', '3', '1', 'el-table', '/icons/menuIcon/fe72dfa0a0d2c28792bdcf7469702905.png', '0', '1', 'lisi', '2021-01-18 16:49:01', '按钮-修改学期', '0', null);
INSERT INTO `wr_sys_permission` VALUES ('1fb2ae9b178340b1b11449f9bc602439', '注销账号', 'button', '/api/v1/basicAuthBg/cancel/{permId}/{rowId}', 'basicAuth:cancel', 'd82713b4da4f4be78191416925958e0f', '/0/7e0becec33ce4cd48cd9162ae5eaa958/3ff64dea395d405fad9a0893c1d9626f/d82713b4da4f4be78191416925958e0f/', '8', '1', 'el-table', '/icons/menuIcon/fe72dfa0a0d2c28792bdcf7469702905.png', '0', '1', 'lisi', '2021-01-13 16:57:38', '按钮-注销账号', '0', null);
INSERT INTO `wr_sys_permission` VALUES ('1fd655df3a264be290e84638bcf482fc', '添加考生', 'button', '/api/v1/examinee/save/{permId}', 'examinee:create', 'ab6c50aa7b514fb49b80f6d0f6234972', '/0/7e0becec33ce4cd48cd9162ae5eaa958/d15b528b192e4d5a82f516164e6c27f9/ab6c50aa7b514fb49b80f6d0f6234972/', '8', '1', 'el-table', '/icons/menuIcon/fe72dfa0a0d2c28792bdcf7469702905.png', '0', '1', 'lisi', '2021-01-18 10:59:28', '按钮-添加考生', '0', null);
INSERT INTO `wr_sys_permission` VALUES ('221c130d98e14288bfd8c50064464fa4', '系统设置', '1', '/system/menuset', 'systemSetting', '7e0becec33ce4cd48cd9162ae5eaa958', '/0/7e0becec33ce4cd48cd9162ae5eaa958/', '4', '1', 'el-table', '/icons/menuIcon/36172e55b24e50756d02d455959a4807.png', '0', '1', 'lisi', '2021-01-18 13:52:32', '一级菜单-系统设置', '0', null);
INSERT INTO `wr_sys_permission` VALUES ('22263d9edcdc4a5fb6a293af5c81d56a', '批量停用', 'button', '/api/v1/basicAuthBg/batchLocked/{permId}', 'basicAuth:batchLocked', 'd82713b4da4f4be78191416925958e0f', '/0/7e0becec33ce4cd48cd9162ae5eaa958/3ff64dea395d405fad9a0893c1d9626f/d82713b4da4f4be78191416925958e0f/', '2', '1', 'el-table', '/icons/menuIcon/fe72dfa0a0d2c28792bdcf7469702905.png', '0', '1', 'lisi', '2021-01-13 16:36:41', '按钮-批量停用', '0', null);
INSERT INTO `wr_sys_permission` VALUES ('2395385fd3034b328290679c3dfbcc2e', '导入用户', 'button', '等待开发', 'sysUser:import', 'a468662a0c38469db148eda609ad6def', '/0/7e0becec33ce4cd48cd9162ae5eaa958/3ff64dea395d405fad9a0893c1d9626f/a468662a0c38469db148eda609ad6def/', '11', '1', 'el-table', '/icons/menuIcon/fe72dfa0a0d2c28792bdcf7469702905.png', '0', '1', 'lisi', '2021-01-13 17:58:33', '按钮-导入用户', '0', null);
INSERT INTO `wr_sys_permission` VALUES ('241ac8790219441d8770a39c5783178c', '查询班级', 'button', '/api/v1/schGradeClass/findList/{pageNum}/{pageSize}', 'schGradeClass:query', '30b51a937101430a8dfdfd13e19e0eb6', '/0/7e0becec33ce4cd48cd9162ae5eaa958/15168443e7c342a48995ff6d37bc81e4/30b51a937101430a8dfdfd13e19e0eb6/', '1', '1', 'el-table', '/icons/menuIcon/fe72dfa0a0d2c28792bdcf7469702905.png', '0', '1', 'lisi', '2021-01-18 15:50:18', '按钮-查询班级', '0', null);
INSERT INTO `wr_sys_permission` VALUES ('25341b1a4a04410a9bb58f62dc34f30c', '查询角色', 'button', '/api/v1/sysRole/findList/{pageNum}/{pageSize}', 'sysRole:query', '5db8b63d36ab4f548ca2bf6dd0ffca62', '/0/7e0becec33ce4cd48cd9162ae5eaa958/3ff64dea395d405fad9a0893c1d9626f/5db8b63d36ab4f548ca2bf6dd0ffca62/', '1', '1', 'el-table', '/icons/menuIcon/fe72dfa0a0d2c28792bdcf7469702905.png', '0', '1', 'lisi', '2021-01-14 10:37:12', '按钮-查询角色', '0', null);
INSERT INTO `wr_sys_permission` VALUES ('26332389a8254f959a78e48ff6c79ed2', '删除学期', 'button', '/api/v1/schSemester/delete/{permId}/{rowId}', 'schSemester:delete', '43ca5e5b0f3946bca191b33be79e430d', '/0/7e0becec33ce4cd48cd9162ae5eaa958/15168443e7c342a48995ff6d37bc81e4/43ca5e5b0f3946bca191b33be79e430d/', '4', '1', 'el-table', '/icons/menuIcon/fe72dfa0a0d2c28792bdcf7469702905.png', '0', '1', 'lisi', '2021-01-18 16:52:30', '按钮-删除学期', '0', null);
INSERT INTO `wr_sys_permission` VALUES ('2640415c56014af4a70553b30103c648', '服务器设置', '2', '/system/serverset', 'serverHost', '221c130d98e14288bfd8c50064464fa4', '/0/7e0becec33ce4cd48cd9162ae5eaa958/221c130d98e14288bfd8c50064464fa4/', '3', '1', 'el-table', '/icons/menuIcon/d85658d586eef8ee9746378c7bc4e449.png', '0', '1', 'lisi', '2021-02-03 18:03:27', '二级菜单-服务器设置', '0', null);
INSERT INTO `wr_sys_permission` VALUES ('27d225f2737a4b9996ac2aceba6874f0', '修改设备', 'button', '/api/v1/schDevice/update/{permId}', 'schDevice:update', 'f9b51e1adb7549918aadce9b05562405', '/0/7e0becec33ce4cd48cd9162ae5eaa958/15168443e7c342a48995ff6d37bc81e4/f9b51e1adb7549918aadce9b05562405/', '3', '1', 'el-table', '/icons/menuIcon/fe72dfa0a0d2c28792bdcf7469702905.png', '0', '1', 'lisi', '2021-01-18 14:36:06', '按钮-修改设备', '0', null);
INSERT INTO `wr_sys_permission` VALUES ('2d427fea5b4b45b3bc5a839a828fce84', '批量删除', 'button', '/api/v1/examAlbum/batchDelete/{permId}', 'examAlbum:batchDelete', '102d31d9276849c68371ad6fedbd7b8d', '/0/7e0becec33ce4cd48cd9162ae5eaa958/d15b528b192e4d5a82f516164e6c27f9/102d31d9276849c68371ad6fedbd7b8d/', '3', '1', 'el-table', '/icons/menuIcon/fe72dfa0a0d2c28792bdcf7469702905.png', '0', '1', 'lisi', '2021-01-18 13:39:06', '按钮-批量删除', '0', null);
INSERT INTO `wr_sys_permission` VALUES ('2e0be5391ff94d8894e45e82540f12da', '删除空间', 'button', '/api/v1/schSpace/delete/{permId}/{rowId}', 'schSpace:delete', 'd314b576abb44952b91740d3f01cb67c', '/0/7e0becec33ce4cd48cd9162ae5eaa958/15168443e7c342a48995ff6d37bc81e4/d314b576abb44952b91740d3f01cb67c/', '5', '1', 'el-table', '/icons/menuIcon/fe72dfa0a0d2c28792bdcf7469702905.png', '0', '1', 'lisi', '2021-01-18 14:24:41', '按钮-删除空间', '0', null);
INSERT INTO `wr_sys_permission` VALUES ('2ea5905d058a4cdba703cbd4a08dd1a3', '查询角色成员', 'button', '/api/v1/sysRole/findRoleMembers/{pageNum}/{pageSize}', 'sysRole:findRoleMembers', '5db8b63d36ab4f548ca2bf6dd0ffca62', '/0/7e0becec33ce4cd48cd9162ae5eaa958/3ff64dea395d405fad9a0893c1d9626f/5db8b63d36ab4f548ca2bf6dd0ffca62/', '5', '1', 'el-table', '/icons/menuIcon/fe72dfa0a0d2c28792bdcf7469702905.png', '0', '1', 'lisi', '2021-01-14 11:30:05', '按钮-查询角色成员', '0', null);
INSERT INTO `wr_sys_permission` VALUES ('30b51a937101430a8dfdfd13e19e0eb6', '班级管理', '2', '/basicSetting/ClassManagement', 'schGradeClass', '15168443e7c342a48995ff6d37bc81e4', '/0/7e0becec33ce4cd48cd9162ae5eaa958/15168443e7c342a48995ff6d37bc81e4/', '6', '1', 'el-table', '/icons/menuIcon/99ceeae3695540fb182bb9152a14e51e.png', '0', '1', 'lisi', '2021-01-18 15:48:30', '二级菜单-班级管理', '0', null);
INSERT INTO `wr_sys_permission` VALUES ('3300d8606a034146847cdf3b91896971', '批量修改角色', 'button', '/api/v1/sysRole/batchUpdateSysUserRole/{permId}', 'sysRole:batchUpdateSysUserRole', 'a468662a0c38469db148eda609ad6def', '/0/7e0becec33ce4cd48cd9162ae5eaa958/3ff64dea395d405fad9a0893c1d9626f/a468662a0c38469db148eda609ad6def/', '9', '1', 'el-table', '/icons/menuIcon/fe72dfa0a0d2c28792bdcf7469702905.png', '0', '1', 'lisi', '2021-01-13 17:54:28', '按钮-批量修改角色', '0', null);
INSERT INTO `wr_sys_permission` VALUES ('33973215ddc64856aeed6218c6a260fc', '导出考生', 'button', '等待开发', 'examinee:export', 'ab6c50aa7b514fb49b80f6d0f6234972', '/0/7e0becec33ce4cd48cd9162ae5eaa958/d15b528b192e4d5a82f516164e6c27f9/ab6c50aa7b514fb49b80f6d0f6234972/', '12', '1', 'el-table', '/icons/menuIcon/fe72dfa0a0d2c28792bdcf7469702905.png', '0', '1', 'lisi', '2021-01-18 11:38:16', '按钮-导出考生', '0', null);
INSERT INTO `wr_sys_permission` VALUES ('36b7ca75c07048b1a0a368f2a6989630', '删除专辑', 'button', '/api/v1/examAlbum/delete/{permId}/{rowId}', 'examAlbum:delete', '102d31d9276849c68371ad6fedbd7b8d', '/0/7e0becec33ce4cd48cd9162ae5eaa958/d15b528b192e4d5a82f516164e6c27f9/102d31d9276849c68371ad6fedbd7b8d/', '2', '1', 'el-table', '/icons/menuIcon/fe72dfa0a0d2c28792bdcf7469702905.png', '0', '1', 'lisi', '2021-01-18 13:37:59', '按钮-删除专辑', '0', null);
INSERT INTO `wr_sys_permission` VALUES ('39e1dbc1e71e4739971d338878d7f9ca', '添加用户', 'button', '/api/v1/sysUser/save/{permId}', 'sysUser:create', 'a468662a0c38469db148eda609ad6def', '/0/7e0becec33ce4cd48cd9162ae5eaa958/3ff64dea395d405fad9a0893c1d9626f/a468662a0c38469db148eda609ad6def/', '2', '1', 'el-table', '/icons/menuIcon/fe72dfa0a0d2c28792bdcf7469702905.png', '0', '1', 'lisi', '2021-01-13 17:13:26', '按钮-添加用户', '0', null);
INSERT INTO `wr_sys_permission` VALUES ('3ff64dea395d405fad9a0893c1d9626f', '用户管理', '1', '/backStageManage/sysUser', 'userManager', '7e0becec33ce4cd48cd9162ae5eaa958', '/0/7e0becec33ce4cd48cd9162ae5eaa958/', '2', '1', 'el-table', '/icons/menuIcon/5c73f961a2fba8e9d800755403a34907.png', '0', '1', 'lisi', '2021-01-13 16:14:58', '一级菜单-用户管理', '0', null);
INSERT INTO `wr_sys_permission` VALUES ('43993f1589b14cd196a03e17ed395325', '删除考场(试)', 'button', '/api/v1/examinationHall/delete/{permId}/{rowId}', 'examinationHall:delete', 'ab6c50aa7b514fb49b80f6d0f6234972', '/0/7e0becec33ce4cd48cd9162ae5eaa958/d15b528b192e4d5a82f516164e6c27f9/ab6c50aa7b514fb49b80f6d0f6234972/', '4', '1', 'el-table', '/icons/menuIcon/fe72dfa0a0d2c28792bdcf7469702905.png', '0', '1', 'lisi', '2021-01-15 15:12:17', '按钮-删除考场(试)', '0', null);
INSERT INTO `wr_sys_permission` VALUES ('43ca5e5b0f3946bca191b33be79e430d', '学期管理', '2', '/basicSetting/TermManagement', 'schSemester', '15168443e7c342a48995ff6d37bc81e4', '/0/7e0becec33ce4cd48cd9162ae5eaa958/15168443e7c342a48995ff6d37bc81e4/', '7', '1', 'el-table', '/icons/menuIcon/e974b66b8ae637dd149f48b2ed255078.png', '0', '1', 'lisi', '2021-01-18 16:45:27', '二级菜单-学期管理', '0', null);
INSERT INTO `wr_sys_permission` VALUES ('46dd14609423431a9a623619807720b0', '删除考生', 'button', '/api/v1/examinee/delete/{permId}/{rowId}', 'examinee:delete', 'ab6c50aa7b514fb49b80f6d0f6234972', '/0/7e0becec33ce4cd48cd9162ae5eaa958/d15b528b192e4d5a82f516164e6c27f9/ab6c50aa7b514fb49b80f6d0f6234972/', '10', '1', 'el-table', '/icons/menuIcon/fe72dfa0a0d2c28792bdcf7469702905.png', '0', '1', 'lisi', '2021-01-18 11:01:54', '按钮-删除考生', '0', null);
INSERT INTO `wr_sys_permission` VALUES ('47174554302c40c69e9a62f8902744a7', '查询登录日志', 'button', '/api/v1/logLogin/findList/{pageNum}/{pageSize}', 'logLogin:query', '6f14492256bc4c40ae0da462eacee5f6', '/0/7e0becec33ce4cd48cd9162ae5eaa958/50f653fc53094b87bc25f62fb854c941/6f14492256bc4c40ae0da462eacee5f6/', '1', '1', 'el-table', '/icons/menuIcon/fe72dfa0a0d2c28792bdcf7469702905.png', '0', '1', 'lisi', '2021-01-18 17:09:38', '按钮-查询登录日志', '0', null);
INSERT INTO `wr_sys_permission` VALUES ('4838523000764255a99c51f29bdb6ea3', '导出考场(试)', 'button', '等待开发', 'examinationHall:export', 'ab6c50aa7b514fb49b80f6d0f6234972', '/0/7e0becec33ce4cd48cd9162ae5eaa958/d15b528b192e4d5a82f516164e6c27f9/ab6c50aa7b514fb49b80f6d0f6234972/', '5', '1', 'el-table', '/icons/menuIcon/fe72dfa0a0d2c28792bdcf7469702905.png', '0', '1', 'lisi', '2021-01-15 15:22:49', '按钮-导出考场(试)', '0', null);
INSERT INTO `wr_sys_permission` VALUES ('48b6f72ab9fa4ba5ad439f5a468ea603', '删除菜单', 'button', '/api/v1/sysPermission/delete/{permId}/{rowId}', 'sysPermission:delete', '5a78da62b42e4accbb911a1bd12e63f5', '/0/7e0becec33ce4cd48cd9162ae5eaa958/221c130d98e14288bfd8c50064464fa4/5a78da62b42e4accbb911a1bd12e63f5/', '5', '1', 'el-table', '/icons/menuIcon/fe72dfa0a0d2c28792bdcf7469702905.png', '0', '1', 'lisi', '2021-01-18 14:02:53', '按钮-删除菜单', '0', null);
INSERT INTO `wr_sys_permission` VALUES ('4aca4022208342a8bcc282309ae5b28c', '修改空间', 'button', '/api/v1/schSpace/update/{permId}', 'schSpace:update', 'd314b576abb44952b91740d3f01cb67c', '/0/7e0becec33ce4cd48cd9162ae5eaa958/15168443e7c342a48995ff6d37bc81e4/d314b576abb44952b91740d3f01cb67c/', '4', '1', 'el-table', '/icons/menuIcon/fe72dfa0a0d2c28792bdcf7469702905.png', '0', '1', 'lisi', '2021-01-18 14:23:47', '按钮-修改空间', '0', null);
INSERT INTO `wr_sys_permission` VALUES ('50f653fc53094b87bc25f62fb854c941', '日志管理', '1', '/LogManage/loginLog', 'logManager', '7e0becec33ce4cd48cd9162ae5eaa958', '/0/7e0becec33ce4cd48cd9162ae5eaa958/', '6', '1', 'el-table', '/icons/menuIcon/c99ad004642bf9db5ff2b55363fc9bc8.png', '0', '1', 'lisi', '2021-01-18 17:05:17', '一级菜单-日志管理', '0', null);
INSERT INTO `wr_sys_permission` VALUES ('52e82bea0cbc429f87af0df26da91b64', '批量检测设备', 'button', '/api/v1/schDevice/batchCheckOnline', 'schDevice:batchCheckOnline', 'f9b51e1adb7549918aadce9b05562405', '/0/7e0becec33ce4cd48cd9162ae5eaa958/15168443e7c342a48995ff6d37bc81e4/f9b51e1adb7549918aadce9b05562405/', '7', '1', 'el-table', '/icons/menuIcon/fe72dfa0a0d2c28792bdcf7469702905.png', '0', '1', 'lisi', '2021-01-18 14:40:24', '按钮-批量检测设备', '0', null);
INSERT INTO `wr_sys_permission` VALUES ('53e46e38e55d472591909e0e1f7270fe', '批量移除角色成员', 'button', '/api/v1/sysRole/batchDelRoleMember/{permId}', 'sysRole:batchDelRoleMember', '5db8b63d36ab4f548ca2bf6dd0ffca62', '/0/7e0becec33ce4cd48cd9162ae5eaa958/3ff64dea395d405fad9a0893c1d9626f/5db8b63d36ab4f548ca2bf6dd0ffca62/', '7', '1', 'el-table', '/icons/menuIcon/fe72dfa0a0d2c28792bdcf7469702905.png', '0', '1', 'lisi', '2021-01-14 11:32:40', '按钮-批量移除角色成员', '0', null);
INSERT INTO `wr_sys_permission` VALUES ('5447efc2abb54d838a5c7996001ed41c', '批量删除', 'button', '/api/v1/schSpace/batchDelete/{permId}', 'schSpace:batchDelete', 'd314b576abb44952b91740d3f01cb67c', '/0/7e0becec33ce4cd48cd9162ae5eaa958/15168443e7c342a48995ff6d37bc81e4/d314b576abb44952b91740d3f01cb67c/', '6', '1', 'el-table', '/icons/menuIcon/fe72dfa0a0d2c28792bdcf7469702905.png', '0', '1', 'lisi', '2021-01-18 14:25:48', '按钮-批量删除', '0', null);
INSERT INTO `wr_sys_permission` VALUES ('5637fe2ad86a4544b3037133ee2c4c40', '查询参数', 'button', '/api/v1/sysStaticParam/findList', 'sysStaticParam:query', 'd8a2eb9578474abdb57f49f5d4b78906', '/0/7e0becec33ce4cd48cd9162ae5eaa958/221c130d98e14288bfd8c50064464fa4/d8a2eb9578474abdb57f49f5d4b78906/', '1', '1', 'el-table', '/icons/menuIcon/fe72dfa0a0d2c28792bdcf7469702905.png', '0', '1', 'lisi', '2021-01-18 14:10:57', '按钮-查询参数', '0', null);
INSERT INTO `wr_sys_permission` VALUES ('567e48a3645b4f619334485f6eb01863', '查询设备', 'button', '/api/v1/schDevice/findList/{pageNum}/{pageSize}', 'schDevice:query', 'f9b51e1adb7549918aadce9b05562405', '/0/7e0becec33ce4cd48cd9162ae5eaa958/15168443e7c342a48995ff6d37bc81e4/f9b51e1adb7549918aadce9b05562405/', '1', '1', 'el-table', '/icons/menuIcon/fe72dfa0a0d2c28792bdcf7469702905.png', '0', '1', 'lisi', '2021-01-18 14:31:41', '按钮-查询设备', '0', null);
INSERT INTO `wr_sys_permission` VALUES ('57ba9fe9de3c4d6d8cab1bcb305ba269', '添加菜单', 'button', '/api/v1/sysPermission/save/{permId}', 'sysPermission:create', '5a78da62b42e4accbb911a1bd12e63f5', '/0/7e0becec33ce4cd48cd9162ae5eaa958/221c130d98e14288bfd8c50064464fa4/5a78da62b42e4accbb911a1bd12e63f5/', '3', '1', 'el-table', '/icons/menuIcon/fe72dfa0a0d2c28792bdcf7469702905.png', '0', '1', 'lisi', '2021-01-18 13:59:31', '按钮-添加菜单', '0', null);
INSERT INTO `wr_sys_permission` VALUES ('57f59ba3ae534dacbb23a7921262d188', '批量保存', 'button', '/api/v1/sysStaticParam/batchUpdate', 'sysStaticParam:batchUpdate', 'd8a2eb9578474abdb57f49f5d4b78906', '/0/7e0becec33ce4cd48cd9162ae5eaa958/221c130d98e14288bfd8c50064464fa4/d8a2eb9578474abdb57f49f5d4b78906/', '2', '1', 'el-table', '/icons/menuIcon/fe72dfa0a0d2c28792bdcf7469702905.png', '0', '1', 'lisi', '2021-01-18 14:12:17', '按钮-批量保存', '0', null);
INSERT INTO `wr_sys_permission` VALUES ('5a78da62b42e4accbb911a1bd12e63f5', '菜单设置', '2', '/system/menuset', 'sysPermission', '221c130d98e14288bfd8c50064464fa4', '/0/7e0becec33ce4cd48cd9162ae5eaa958/221c130d98e14288bfd8c50064464fa4/', '1', '1', 'el-table', '/icons/menuIcon/8542f255acc45df90aa0896853ac9f41.png', '0', '1', 'lisi', '2021-01-18 13:54:15', '二级菜单-菜单设置', '0', null);
INSERT INTO `wr_sys_permission` VALUES ('5baeeee9546045529362be3050ac39b0', '课堂回放', '1', 'videoPlayBack', 'fgClassPlayBack', '7e0becec33ce4cd48cd9162ae5eaa958', '/0/7e0becec33ce4cd48cd9162ae5eaa958/', '2', '2', 'el-table', '/icons/menuIcon/5c6a2691b7d9c278513b204163b41e40.png', '0', '1', 'lisi', '2021-01-28 11:35:43', '一级菜单-课堂回放', '0', null);
INSERT INTO `wr_sys_permission` VALUES ('5db8b63d36ab4f548ca2bf6dd0ffca62', '系统角色', '2', '/backStageManage/sysRole/role', 'sysRole', '3ff64dea395d405fad9a0893c1d9626f', '/0/7e0becec33ce4cd48cd9162ae5eaa958/3ff64dea395d405fad9a0893c1d9626f/', '3', '1', 'el-table', '/icons/menuIcon/fd1811b81f557cb31f0fce6ddd642ae4.png', '0', '1', 'lisi', '2021-01-14 10:35:12', '二级菜单-系统角色', '0', null);
INSERT INTO `wr_sys_permission` VALUES ('5e8d48b271cf4f21a8d0cbbcfd528573', '查询组织', 'button', '/api/v1/sysDepartment/findList/{pageNum}/{pageSize}', 'sysDepartment:query', 'd9568fead3354999a89c1057edad8394', '/0/7e0becec33ce4cd48cd9162ae5eaa958/15168443e7c342a48995ff6d37bc81e4/d9568fead3354999a89c1057edad8394/', '2', '1', 'el-table', '/icons/menuIcon/fe72dfa0a0d2c28792bdcf7469702905.png', '0', '1', 'lisi', '2021-01-18 15:40:16', '按钮-查询组织', '0', null);
INSERT INTO `wr_sys_permission` VALUES ('5f0bb8f369ef4a33aaed06852ed6d4c5', '修改角色', 'button', '/api/v1/sysRole/update/{permId}', 'sysRole:update', '5db8b63d36ab4f548ca2bf6dd0ffca62', '/0/7e0becec33ce4cd48cd9162ae5eaa958/3ff64dea395d405fad9a0893c1d9626f/5db8b63d36ab4f548ca2bf6dd0ffca62/', '3', '1', 'el-table', '/icons/menuIcon/fe72dfa0a0d2c28792bdcf7469702905.png', '0', '1', 'lisi', '2021-01-14 10:54:27', '按钮-修改角色', '0', null);
INSERT INTO `wr_sys_permission` VALUES ('6058c9ff459d436a9ae9157eec23ff9c', '在线巡课', '1', 'onlineTour', 'fgPatrolCourse', '7e0becec33ce4cd48cd9162ae5eaa958', '/0/7e0becec33ce4cd48cd9162ae5eaa958/', '3', '2', 'el-table', '/icons/menuIcon/5c6a2691b7d9c278513b204163b41e40.png', '0', '1', 'lisi', '2021-01-28 11:38:24', '一级菜单-在线巡课', '0', null);
INSERT INTO `wr_sys_permission` VALUES ('63cc98010b274602aad8840a327f214a', '查询角色权限', 'button', '/api/v1/sysRolePermission/permissionSettings/{sysRoleId}', 'sysRolePermission:query', '93aa5be7323e4cc48c8b232edb1e5770', '/0/7e0becec33ce4cd48cd9162ae5eaa958/3ff64dea395d405fad9a0893c1d9626f/93aa5be7323e4cc48c8b232edb1e5770/', '1', '1', 'el-table', '/icons/menuIcon/fe72dfa0a0d2c28792bdcf7469702905.png', '0', '1', 'lisi', '2021-01-14 14:02:23', '按钮-查询角色权限设置列表', '0', null);
INSERT INTO `wr_sys_permission` VALUES ('660e3f6930e54a2ea88f73d8b15124f1', '删除角色', 'button', '/api/v1/sysRole/delete/{permId}/{rowId}', 'sysRole:delete', '5db8b63d36ab4f548ca2bf6dd0ffca62', '/0/7e0becec33ce4cd48cd9162ae5eaa958/3ff64dea395d405fad9a0893c1d9626f/5db8b63d36ab4f548ca2bf6dd0ffca62/', '4', '1', 'el-table', '/icons/menuIcon/fe72dfa0a0d2c28792bdcf7469702905.png', '0', '1', 'lisi', '2021-01-14 11:09:00', '按钮-删除角色', '0', null);
INSERT INTO `wr_sys_permission` VALUES ('69b3a61f6bd6429a88965072656b6126', '删除图片', 'button', '/api/v1/sysStaticParam/delete/img/{rowId}', 'sysStaticParam:deleteImg', 'd8a2eb9578474abdb57f49f5d4b78906', '/0/7e0becec33ce4cd48cd9162ae5eaa958/221c130d98e14288bfd8c50064464fa4/d8a2eb9578474abdb57f49f5d4b78906/', '4', '1', 'el-table', '/icons/menuIcon/fe72dfa0a0d2c28792bdcf7469702905.png', '0', '1', 'lisi', '2021-01-18 14:14:36', '按钮-删除图片', '0', null);
INSERT INTO `wr_sys_permission` VALUES ('69f2b23302a845b78727a01d0a85b0d0', '更新课表', 'button', '等待开发', 'schCourseTableBase:update', 'dce304221036411fa8ea1cc3929f8bb8', '/0/7e0becec33ce4cd48cd9162ae5eaa958/15168443e7c342a48995ff6d37bc81e4/dce304221036411fa8ea1cc3929f8bb8/', '3', '1', 'el-table', '/icons/menuIcon/fe72dfa0a0d2c28792bdcf7469702905.png', '0', '1', 'lisi', '2021-01-18 15:12:16', '按钮-更新课表', '0', null);
INSERT INTO `wr_sys_permission` VALUES ('6cbab4243d384952aabaf257356d39ea', '云台控制', 'button', '/', 'fgPatrolCourseDetail:ptz', '067e67b0bd4345349fb395c0f8d8bbad', '/0/7e0becec33ce4cd48cd9162ae5eaa958/6058c9ff459d436a9ae9157eec23ff9c/067e67b0bd4345349fb395c0f8d8bbad/', '3', '2', 'el-table', '/icons/menuIcon/fe72dfa0a0d2c28792bdcf7469702905.png', '0', '1', 'lisi', '2021-01-28 14:36:13', '按钮-云台控制（仅作为权限，未配置实际请求路径）', '0', null);
INSERT INTO `wr_sys_permission` VALUES ('6f14492256bc4c40ae0da462eacee5f6', '登录日志', '2', '/LogManage/loginLog', 'logLogin', '50f653fc53094b87bc25f62fb854c941', '/0/7e0becec33ce4cd48cd9162ae5eaa958/50f653fc53094b87bc25f62fb854c941/', '1', '1', 'el-table', '/icons/menuIcon/ad26aa1c3b031fb7c50ccfa4d63ac043.png', '0', '1', 'lisi', '2021-01-18 17:08:23', '二级菜单-登录日志', '0', null);
INSERT INTO `wr_sys_permission` VALUES ('7436abef6ca74e98b45ba62da77aaf6d', '添加组织', 'button', '/api/v1/sysDepartment/save/{permId}', 'sysDepartment:create', 'd9568fead3354999a89c1057edad8394', '/0/7e0becec33ce4cd48cd9162ae5eaa958/15168443e7c342a48995ff6d37bc81e4/d9568fead3354999a89c1057edad8394/', '3', '1', 'el-table', '/icons/menuIcon/fe72dfa0a0d2c28792bdcf7469702905.png', '0', '1', 'lisi', '2021-01-18 15:41:32', '按钮-添加组织', '0', null);
INSERT INTO `wr_sys_permission` VALUES ('7e0becec33ce4cd48cd9162ae5eaa958', '直录播督导平台（Root）', '/', '/', '/', '0', '/0/', '1', '1,2', '/', '/icons/menuIcon/9ff87c9dab17819e931cd6afba6cf74a.png', '0', '1', 'lisi', '2021-01-13 16:08:42', '根节点', '0', null);
INSERT INTO `wr_sys_permission` VALUES ('898627823e764af6b403f6530626d617', '查询菜单', 'button', '/api/v1/sysPermission/findList/{pageNum}/{pageSize}', 'sysPermission:query', '5a78da62b42e4accbb911a1bd12e63f5', '/0/7e0becec33ce4cd48cd9162ae5eaa958/221c130d98e14288bfd8c50064464fa4/5a78da62b42e4accbb911a1bd12e63f5/', '2', '1', 'el-table', '/icons/menuIcon/fe72dfa0a0d2c28792bdcf7469702905.png', '0', '1', 'lisi', '2021-01-18 13:57:35', '按钮-查询菜单', '0', null);
INSERT INTO `wr_sys_permission` VALUES ('89b40847d4ce4e52bf9731cedf2ef2e9', '批量删除', 'button', '/api/v1/schCourseCategory/batchDelete/{permId}', 'schCourseCategory:batchDelete', '134c41ae8caf4ec291225f415d2082cd', '/0/7e0becec33ce4cd48cd9162ae5eaa958/15168443e7c342a48995ff6d37bc81e4/134c41ae8caf4ec291225f415d2082cd/', '5', '1', 'el-table', '/icons/menuIcon/fe72dfa0a0d2c28792bdcf7469702905.png', '0', '1', 'lisi', '2021-01-18 15:33:13', '按钮-批量删除', '0', null);
INSERT INTO `wr_sys_permission` VALUES ('8b28bc3eeaea4bf1aca9f37e3ef81406', '导入', 'button', '等待开发', 'schSemester:import', '43ca5e5b0f3946bca191b33be79e430d', '/0/7e0becec33ce4cd48cd9162ae5eaa958/15168443e7c342a48995ff6d37bc81e4/43ca5e5b0f3946bca191b33be79e430d/', '6', '1', 'el-table', '/icons/menuIcon/fe72dfa0a0d2c28792bdcf7469702905.png', '0', '1', 'lisi', '2021-01-18 16:54:24', '按钮-导入', '0', null);
INSERT INTO `wr_sys_permission` VALUES ('8e8aa0649b9c4266bb9bae6c063b647b', '查询课表', 'button', '/api/v1/fg/patrolCourse/findList/{pageNum}/{pageSize}', 'fgPatrolCourse:query', '6058c9ff459d436a9ae9157eec23ff9c', '/0/7e0becec33ce4cd48cd9162ae5eaa958/6058c9ff459d436a9ae9157eec23ff9c/', '1', '2', 'el-table', '/icons/menuIcon/fe72dfa0a0d2c28792bdcf7469702905.png', '0', '1', 'lisi', '2021-01-28 14:10:37', '按钮-查询课表', '0', null);
INSERT INTO `wr_sys_permission` VALUES ('8f2f3f2db2ff4073a3f1173387ae8c8f', '修改考生', 'button', '/api/v1/examinee/update/{permId}', 'examinee:update', 'ab6c50aa7b514fb49b80f6d0f6234972', '/0/7e0becec33ce4cd48cd9162ae5eaa958/d15b528b192e4d5a82f516164e6c27f9/ab6c50aa7b514fb49b80f6d0f6234972/', '9', '1', 'el-table', '/icons/menuIcon/fe72dfa0a0d2c28792bdcf7469702905.png', '0', '1', 'lisi', '2021-01-18 11:00:47', '按钮-修改考生', '0', null);
INSERT INTO `wr_sys_permission` VALUES ('8f384b23ac7a48a7acab33cfa7f5877b', '删除设备', 'button', '/api/v1/schDevice/delete/{permId}/{rowId}', 'schDevice:delete', 'f9b51e1adb7549918aadce9b05562405', '/0/7e0becec33ce4cd48cd9162ae5eaa958/15168443e7c342a48995ff6d37bc81e4/f9b51e1adb7549918aadce9b05562405/', '4', '1', 'el-table', '/icons/menuIcon/fe72dfa0a0d2c28792bdcf7469702905.png', '0', '1', 'lisi', '2021-01-18 14:37:04', '按钮-删除设备', '0', null);
INSERT INTO `wr_sys_permission` VALUES ('9224cbb323734921bf5c176c5cc0fd9d', '首页', '1', '/index/home', 'home', '7e0becec33ce4cd48cd9162ae5eaa958', '/0/7e0becec33ce4cd48cd9162ae5eaa958/', '1', '1', 'el-table', '/icons/menuIcon/1fc633479d0585c111b3ea074a6457c6.png', '0', '1', 'lisi', '2021-01-13 16:12:38', '一级菜单-首页', '0', null);
INSERT INTO `wr_sys_permission` VALUES ('9342191cf98947288e18ea0245420687', '批量保存角色权限', 'button', '/api/v1/sysRolePermission/batchSave/{permId}/{sysRoleId}', 'sysRolePermission:batchSave', '93aa5be7323e4cc48c8b232edb1e5770', '/0/7e0becec33ce4cd48cd9162ae5eaa958/3ff64dea395d405fad9a0893c1d9626f/93aa5be7323e4cc48c8b232edb1e5770/', '2', '1', 'el-table', '/icons/menuIcon/fe72dfa0a0d2c28792bdcf7469702905.png', '0', '1', 'lisi', '2021-01-14 14:04:55', '按钮-批量保存角色权限', '0', null);
INSERT INTO `wr_sys_permission` VALUES ('93aa5be7323e4cc48c8b232edb1e5770', '角色权限', '2', '/backStageManage/Jurisdiction/jurisdction', 'sysRolePermission', '3ff64dea395d405fad9a0893c1d9626f', '/0/7e0becec33ce4cd48cd9162ae5eaa958/3ff64dea395d405fad9a0893c1d9626f/', '4', '1', 'el-table', '/icons/menuIcon/0757cd05928bef6b27024369e8ad4cd4.png', '0', '1', 'lisi', '2021-01-14 11:37:08', '二级菜单-权限管理', '0', null);
INSERT INTO `wr_sys_permission` VALUES ('94f9392677ba4dbabae763fbca279de2', '查询课程类别', 'button', '/api/v1/schCourseCategory/findList/{pageNum}/{pageSize}', 'schCourseCategory:query', '134c41ae8caf4ec291225f415d2082cd', '/0/7e0becec33ce4cd48cd9162ae5eaa958/15168443e7c342a48995ff6d37bc81e4/134c41ae8caf4ec291225f415d2082cd/', '1', '1', 'el-table', '/icons/menuIcon/fe72dfa0a0d2c28792bdcf7469702905.png', '0', '1', 'lisi', '2021-01-18 15:18:05', '按钮-查询课程类别', '0', null);
INSERT INTO `wr_sys_permission` VALUES ('9615b67d0cb5497cb3931a936822f865', '添加课程类别', 'button', '/api/v1/schCourseCategory/save/{permId}', 'schCourseCategory:create', '134c41ae8caf4ec291225f415d2082cd', '/0/7e0becec33ce4cd48cd9162ae5eaa958/15168443e7c342a48995ff6d37bc81e4/134c41ae8caf4ec291225f415d2082cd/', '2', '1', 'el-table', '/icons/menuIcon/fe72dfa0a0d2c28792bdcf7469702905.png', '0', '1', 'lisi', '2021-01-18 15:19:08', '按钮-添加课程类别', '0', null);
INSERT INTO `wr_sys_permission` VALUES ('98092322ff39402ca2144d05e9e56ff2', '批量删除', 'button', '/api/v1/sysUser/batchDelete/{permId}', 'sysUser:batchDelete', 'a468662a0c38469db148eda609ad6def', '/0/7e0becec33ce4cd48cd9162ae5eaa958/3ff64dea395d405fad9a0893c1d9626f/a468662a0c38469db148eda609ad6def/', '5', '1', 'el-table', '/icons/menuIcon/fe72dfa0a0d2c28792bdcf7469702905.png', '0', '1', 'lisi', '2021-01-13 17:28:19', '按钮-批量删除', '0', null);
INSERT INTO `wr_sys_permission` VALUES ('986ff904e37a437b9c5c0a9a5805c407', '修改班级', 'button', '/api/v1/schGradeClass/update/{permId}', 'schGradeClass:update', '30b51a937101430a8dfdfd13e19e0eb6', '/0/7e0becec33ce4cd48cd9162ae5eaa958/15168443e7c342a48995ff6d37bc81e4/30b51a937101430a8dfdfd13e19e0eb6/', '3', '1', 'el-table', '/icons/menuIcon/fe72dfa0a0d2c28792bdcf7469702905.png', '0', '1', 'lisi', '2021-01-18 15:57:20', '按钮-修改班级', '0', null);
INSERT INTO `wr_sys_permission` VALUES ('9a299e6efcf24bf7bad44cbbba8524f2', '修改考场(试)', 'button', '/api/v1/examinationHall/update/{permId}', 'examinationHall:update', 'ab6c50aa7b514fb49b80f6d0f6234972', '/0/7e0becec33ce4cd48cd9162ae5eaa958/d15b528b192e4d5a82f516164e6c27f9/ab6c50aa7b514fb49b80f6d0f6234972/', '3', '1', 'el-table', '/icons/menuIcon/fe72dfa0a0d2c28792bdcf7469702905.png', '0', '1', 'lisi', '2021-01-15 15:08:32', '按钮-修改考场(试)', '0', null);
INSERT INTO `wr_sys_permission` VALUES ('9a4ed5f952814030a3db2e17e14f7946', '部门树', 'button', '/api/v1/sysDepartment/findTree', 'sysDepartment:findTree', 'd9568fead3354999a89c1057edad8394', '/0/7e0becec33ce4cd48cd9162ae5eaa958/15168443e7c342a48995ff6d37bc81e4/d9568fead3354999a89c1057edad8394/', '1', '1', 'el-table', '/icons/menuIcon/fe72dfa0a0d2c28792bdcf7469702905.png', '0', '1', 'lisi', '2021-01-18 15:38:43', '按钮-部门树', '0', null);
INSERT INTO `wr_sys_permission` VALUES ('9a7dd42e92294824a237d6c18e317100', '修改角色', 'button', '/api/v1/sysRole/updateSysUserRole/{permId}', 'sysRole:updateSysUserRole', 'a468662a0c38469db148eda609ad6def', '/0/7e0becec33ce4cd48cd9162ae5eaa958/3ff64dea395d405fad9a0893c1d9626f/a468662a0c38469db148eda609ad6def/', '8', '1', 'el-table', '/icons/menuIcon/fe72dfa0a0d2c28792bdcf7469702905.png', '0', '1', 'lisi', '2021-01-13 17:52:40', '按钮-修改角色', '0', null);
INSERT INTO `wr_sys_permission` VALUES ('9bd47a183f574075af5bfca0f41342f9', '云监考', '1', 'invigilator', 'fgExamHall', '7e0becec33ce4cd48cd9162ae5eaa958', '/0/7e0becec33ce4cd48cd9162ae5eaa958/', '4', '2', 'el-table', '/icons/menuIcon/5c6a2691b7d9c278513b204163b41e40.png', '0', '1', 'lisi', '2021-01-28 11:41:37', '一级菜单-云监考', '0', null);
INSERT INTO `wr_sys_permission` VALUES ('9ecce0b14d2d4104a3c48467d1e49d0e', '查询课表', 'button', '/api/v1/schCourseTableBase/findList/{pageNum}/{pageSize}', 'schCourseTableBase:query', 'dce304221036411fa8ea1cc3929f8bb8', '/0/7e0becec33ce4cd48cd9162ae5eaa958/15168443e7c342a48995ff6d37bc81e4/dce304221036411fa8ea1cc3929f8bb8/', '1', '1', 'el-table', '/icons/menuIcon/fe72dfa0a0d2c28792bdcf7469702905.png', '0', '1', 'lisi', '2021-01-18 15:09:20', '按钮-查询课表', '0', null);
INSERT INTO `wr_sys_permission` VALUES ('a0d0dc2413df437089e8eaa349d9f6ae', '批量删除', 'button', '/api/v1/sysDepartment/batchDelete/{permId}', 'sysDepartment:batchDelete', 'd9568fead3354999a89c1057edad8394', '/0/7e0becec33ce4cd48cd9162ae5eaa958/15168443e7c342a48995ff6d37bc81e4/d9568fead3354999a89c1057edad8394/', '6', '1', 'el-table', '/icons/menuIcon/fe72dfa0a0d2c28792bdcf7469702905.png', '0', '1', 'lisi', '2021-01-18 15:45:01', '按钮-批量删除', '0', null);
INSERT INTO `wr_sys_permission` VALUES ('a0d3ed544126486b9b1a7de94e680293', '删除组织', 'button', '/api/v1/sysDepartment/delete/{permId}/{rowId}', 'sysDepartment:delete', 'd9568fead3354999a89c1057edad8394', '/0/7e0becec33ce4cd48cd9162ae5eaa958/15168443e7c342a48995ff6d37bc81e4/d9568fead3354999a89c1057edad8394/', '5', '1', 'el-table', '/icons/menuIcon/fe72dfa0a0d2c28792bdcf7469702905.png', '0', '1', 'lisi', '2021-01-18 15:43:36', '按钮-删除组织', '0', null);
INSERT INTO `wr_sys_permission` VALUES ('a339362185e64418a2f1745c568f746c', '批量注销', 'button', '/api/v1/basicAuthBg/batchCancel/{permId}', 'basicAuth:batchCancel', 'd82713b4da4f4be78191416925958e0f', '/0/7e0becec33ce4cd48cd9162ae5eaa958/3ff64dea395d405fad9a0893c1d9626f/d82713b4da4f4be78191416925958e0f/', '4', '1', 'el-table', '/icons/menuIcon/fe72dfa0a0d2c28792bdcf7469702905.png', '0', '1', 'lisi', '2021-01-13 16:42:10', '按钮-批量注销', '0', null);
INSERT INTO `wr_sys_permission` VALUES ('a468662a0c38469db148eda609ad6def', '系统用户', '2', '/backStageManage/userInfo', 'sysUser', '3ff64dea395d405fad9a0893c1d9626f', '/0/7e0becec33ce4cd48cd9162ae5eaa958/3ff64dea395d405fad9a0893c1d9626f/', '2', '1', 'el-table', '/icons/menuIcon/7bff80efcbd765376bee4cbae5d8f0ff.png', '0', '1', 'lisi', '2021-01-13 17:06:46', '二级菜单-系统用户', '0', null);
INSERT INTO `wr_sys_permission` VALUES ('a84eea95a463403fb0a6b56c5e0c207b', '查询课表(网格版)', 'button', '/api/v1/schCourseTableBase/tableGrid', 'schCourseTableBase:tableGrid', 'dce304221036411fa8ea1cc3929f8bb8', '/0/7e0becec33ce4cd48cd9162ae5eaa958/15168443e7c342a48995ff6d37bc81e4/dce304221036411fa8ea1cc3929f8bb8/', '2', '1', 'el-table', '/icons/menuIcon/fe72dfa0a0d2c28792bdcf7469702905.png', '0', '1', 'lisi', '2021-01-18 15:11:10', '按钮-查询课表(网格版)', '0', null);
INSERT INTO `wr_sys_permission` VALUES ('a8c5d3ebae5645c1b21a30ecef43abe2', '添加班级', 'button', '/api/v1/schGradeClass/save/{permId}', 'schGradeClass:create', '30b51a937101430a8dfdfd13e19e0eb6', '/0/7e0becec33ce4cd48cd9162ae5eaa958/15168443e7c342a48995ff6d37bc81e4/30b51a937101430a8dfdfd13e19e0eb6/', '2', '1', 'el-table', '/icons/menuIcon/fe72dfa0a0d2c28792bdcf7469702905.png', '0', '1', 'lisi', '2021-01-18 15:56:28', '按钮-添加班级', '0', null);
INSERT INTO `wr_sys_permission` VALUES ('a8fade46b8284c359dc59f6438ddebe8', '检测设备', 'button', '/api/v1/schDevice/checkOnline', 'schDevice:checkOnline', 'f9b51e1adb7549918aadce9b05562405', '/0/7e0becec33ce4cd48cd9162ae5eaa958/15168443e7c342a48995ff6d37bc81e4/f9b51e1adb7549918aadce9b05562405/', '6', '1', 'el-table', '/icons/menuIcon/fe72dfa0a0d2c28792bdcf7469702905.png', '0', '1', 'lisi', '2021-01-18 14:39:39', '按钮-检测设备', '0', null);
INSERT INTO `wr_sys_permission` VALUES ('ab6c50aa7b514fb49b80f6d0f6234972', '考场(试)管理', '2', '/cloudEaxm/examManage', 'examinationHall', 'd15b528b192e4d5a82f516164e6c27f9', '/0/7e0becec33ce4cd48cd9162ae5eaa958/d15b528b192e4d5a82f516164e6c27f9/', '1', '1', 'el-table', '/icons/menuIcon/6f33a6bf388927aa7480259c75be4afa.png', '0', '1', 'lisi', '2021-01-15 15:02:30', '二级菜单-考场(试)管理', '0', null);
INSERT INTO `wr_sys_permission` VALUES ('ad0709d05bf44b729a9a528188706cce', '查询菜单树', 'button', '/api/v1/sysPermission/findTree', 'sysPermission:findTree', '5a78da62b42e4accbb911a1bd12e63f5', '/0/7e0becec33ce4cd48cd9162ae5eaa958/221c130d98e14288bfd8c50064464fa4/5a78da62b42e4accbb911a1bd12e63f5/', '1', '1', 'el-table', '/icons/menuIcon/fe72dfa0a0d2c28792bdcf7469702905.png', '0', '1', 'lisi', '2021-01-18 13:56:31', '按钮-查询菜单树', '0', null);
INSERT INTO `wr_sys_permission` VALUES ('b055710880a34fa4b4344f0e1517b345', '查询考场(试)', 'button', '/api/v1/examinationHall/findList/{pageNum}/{pageSize}', 'examinationHall:query', 'ab6c50aa7b514fb49b80f6d0f6234972', '/0/7e0becec33ce4cd48cd9162ae5eaa958/d15b528b192e4d5a82f516164e6c27f9/ab6c50aa7b514fb49b80f6d0f6234972/', '1', '1', 'el-table', '/icons/menuIcon/fe72dfa0a0d2c28792bdcf7469702905.png', '0', '1', 'lisi', '2021-01-15 15:05:10', '按钮-查询考场(试)', '0', null);
INSERT INTO `wr_sys_permission` VALUES ('b2107f64ffd34dd89a1e6d3bafcc658c', '导入', 'button', '等待开发', 'schCourseCategory:import', '134c41ae8caf4ec291225f415d2082cd', '/0/7e0becec33ce4cd48cd9162ae5eaa958/15168443e7c342a48995ff6d37bc81e4/134c41ae8caf4ec291225f415d2082cd/', '6', '1', 'el-table', '/icons/menuIcon/fe72dfa0a0d2c28792bdcf7469702905.png', '0', '1', 'lisi', '2021-01-18 15:34:24', '按钮-导入', '0', null);
INSERT INTO `wr_sys_permission` VALUES ('b2e230bf65654216a565db243725e9d2', '添加学期', 'button', '/api/v1/schSemester/save/{permId}', 'schSemester:create', '43ca5e5b0f3946bca191b33be79e430d', '/0/7e0becec33ce4cd48cd9162ae5eaa958/15168443e7c342a48995ff6d37bc81e4/43ca5e5b0f3946bca191b33be79e430d/', '2', '1', 'el-table', '/icons/menuIcon/fe72dfa0a0d2c28792bdcf7469702905.png', '0', '1', 'lisi', '2021-01-18 16:47:58', '按钮-添加学期', '0', null);
INSERT INTO `wr_sys_permission` VALUES ('b43edb491e194b90b229b5822939e16b', '查询考场视频', 'button', '/api/v1/examVideo/findList/{pageNum}/{pageSize}', 'examVideo:query', '102d31d9276849c68371ad6fedbd7b8d', '/0/7e0becec33ce4cd48cd9162ae5eaa958/d15b528b192e4d5a82f516164e6c27f9/102d31d9276849c68371ad6fedbd7b8d/', '4', '1', 'el-table', '/icons/menuIcon/fe72dfa0a0d2c28792bdcf7469702905.png', '0', '1', 'lisi', '2021-01-18 13:45:54', '按钮-查询考场视频', '0', null);
INSERT INTO `wr_sys_permission` VALUES ('b4557949872349edaa915ff8614ad010', '删除班级', 'button', '/api/v1/schGradeClass/delete/{permId}/{rowId}', 'schGradeClass:delete', '30b51a937101430a8dfdfd13e19e0eb6', '/0/7e0becec33ce4cd48cd9162ae5eaa958/15168443e7c342a48995ff6d37bc81e4/30b51a937101430a8dfdfd13e19e0eb6/', '4', '1', 'el-table', '/icons/menuIcon/fe72dfa0a0d2c28792bdcf7469702905.png', '0', '1', 'lisi', '2021-01-18 15:58:35', '按钮-删除班级', '0', null);
INSERT INTO `wr_sys_permission` VALUES ('b484cf83793343e78d761919dd3dea4e', '查询账号', 'button', '/api/v1/basicAuthBg/findList/{pageNum}/{pageSize}', 'basicAuth:query', 'd82713b4da4f4be78191416925958e0f', '/0/7e0becec33ce4cd48cd9162ae5eaa958/3ff64dea395d405fad9a0893c1d9626f/d82713b4da4f4be78191416925958e0f/', '1', '1', 'el-table', '/icons/menuIcon/fe72dfa0a0d2c28792bdcf7469702905.png', '0', '1', 'lisi', '2021-01-13 16:28:56', '按钮-查询账号', '0', null);
INSERT INTO `wr_sys_permission` VALUES ('b48cd8f1529c46dc94fe971b2de04c5a', '停用账号', 'button', '/api/v1/basicAuthBg/locked/{permId}/{rowId}', 'basicAuth:locked', 'd82713b4da4f4be78191416925958e0f', '/0/7e0becec33ce4cd48cd9162ae5eaa958/3ff64dea395d405fad9a0893c1d9626f/d82713b4da4f4be78191416925958e0f/', '6', '1', 'el-table', '/icons/menuIcon/fe72dfa0a0d2c28792bdcf7469702905.png', '0', '1', 'lisi', '2021-01-13 16:54:12', '按钮-停用账号', '0', null);
INSERT INTO `wr_sys_permission` VALUES ('b52ae2455152404687d300810c6a4b94', '查询空间树', 'button', '/api/v1/schSpace/findTree', 'schSpace:findTree', 'd314b576abb44952b91740d3f01cb67c', '/0/7e0becec33ce4cd48cd9162ae5eaa958/15168443e7c342a48995ff6d37bc81e4/d314b576abb44952b91740d3f01cb67c/', '1', '1', 'el-table', '/icons/menuIcon/fe72dfa0a0d2c28792bdcf7469702905.png', '0', '1', 'lisi', '2021-01-18 14:20:21', '按钮-查询空间树', '0', null);
INSERT INTO `wr_sys_permission` VALUES ('b73cbc5da979407d9c2a97720f26a802', '查询空间', 'button', '/api/v1/schSpace/findList/{pageNum}/{pageSize}', 'schSpace:query', 'd314b576abb44952b91740d3f01cb67c', '/0/7e0becec33ce4cd48cd9162ae5eaa958/15168443e7c342a48995ff6d37bc81e4/d314b576abb44952b91740d3f01cb67c/', '2', '1', 'el-table', '/icons/menuIcon/fe72dfa0a0d2c28792bdcf7469702905.png', '0', '1', 'lisi', '2021-01-18 14:21:26', '按钮-查询空间', '0', null);
INSERT INTO `wr_sys_permission` VALUES ('ba841e8a7af74eaebe55f58efedb85fa', '查看考生', 'button', '/api/v1/examinee/findList/{pageNum}/{pageSize}', 'examinee:query', 'ab6c50aa7b514fb49b80f6d0f6234972', '/0/7e0becec33ce4cd48cd9162ae5eaa958/d15b528b192e4d5a82f516164e6c27f9/ab6c50aa7b514fb49b80f6d0f6234972/', '7', '1', 'el-table', '/icons/menuIcon/fe72dfa0a0d2c28792bdcf7469702905.png', '0', '1', 'lisi', '2021-01-18 10:57:32', '按钮-查看考生(内嵌页面)', '0', null);
INSERT INTO `wr_sys_permission` VALUES ('bd094e09231b43adaf4d8879be4cad2d', '操作日志', '2', '等待前端开发自己修改', 'logOper', '50f653fc53094b87bc25f62fb854c941', '/0/7e0becec33ce4cd48cd9162ae5eaa958/50f653fc53094b87bc25f62fb854c941/', '2', '1', 'el-table', '/icons/menuIcon/7f7d73d0314b4104b775f149f484bae3.png', '0', '1', 'lisi', '2021-01-18 17:13:07', '二级菜单-操作日志', '0', null);
INSERT INTO `wr_sys_permission` VALUES ('bfc70162d383464a8756cd1d5e5518d9', '一键注册', 'button', '/api/v1/sysUser/toRegister/{permId}/{rowId}', 'sysUser:toRegister', 'a468662a0c38469db148eda609ad6def', '/0/7e0becec33ce4cd48cd9162ae5eaa958/3ff64dea395d405fad9a0893c1d9626f/a468662a0c38469db148eda609ad6def/', '6', '1', 'el-table', '/icons/menuIcon/fe72dfa0a0d2c28792bdcf7469702905.png', '0', '1', 'lisi', '2021-01-13 17:31:04', '按钮-一键注册', '0', null);
INSERT INTO `wr_sys_permission` VALUES ('c1e9a76d43cc4ec79ac464d99ea2cd72', '移除角色成员', 'button', '/api/v1/sysRole/delRoleMember/{permId}', 'sysRole:delRoleMember', '5db8b63d36ab4f548ca2bf6dd0ffca62', '/0/7e0becec33ce4cd48cd9162ae5eaa958/3ff64dea395d405fad9a0893c1d9626f/5db8b63d36ab4f548ca2bf6dd0ffca62/', '6', '1', 'el-table', '/icons/menuIcon/fe72dfa0a0d2c28792bdcf7469702905.png', '0', '1', 'lisi', '2021-01-14 11:31:43', '按钮-移除角色成员', '0', null);
INSERT INTO `wr_sys_permission` VALUES ('c2866c74092f4d7483cfd58b379a979c', '删除课程类别', 'button', '/api/v1/schCourseCategory/delete/{permId}/{rowId}', 'schCourseCategory:delete', '134c41ae8caf4ec291225f415d2082cd', '/0/7e0becec33ce4cd48cd9162ae5eaa958/15168443e7c342a48995ff6d37bc81e4/134c41ae8caf4ec291225f415d2082cd/', '4', '1', 'el-table', '/icons/menuIcon/fe72dfa0a0d2c28792bdcf7469702905.png', '0', '1', 'lisi', '2021-01-18 15:32:25', '按钮-删除课程类别', '0', null);
INSERT INTO `wr_sys_permission` VALUES ('c2f337d53607436cbb2afb3822b33a3c', '批量删除', 'button', '/api/v1/examinee/batchDelete/{permId}', 'examinee:batchDelete', 'ab6c50aa7b514fb49b80f6d0f6234972', '/0/7e0becec33ce4cd48cd9162ae5eaa958/d15b528b192e4d5a82f516164e6c27f9/ab6c50aa7b514fb49b80f6d0f6234972/', '11', '1', 'el-table', '/icons/menuIcon/fe72dfa0a0d2c28792bdcf7469702905.png', '0', '1', 'lisi', '2021-01-18 11:03:11', '按钮-批量删除', '0', null);
INSERT INTO `wr_sys_permission` VALUES ('c9fdd239c2394b91a1d3acdc9faf7c82', '修改服务器', 'button', '/api/v1/serverHost/update/{permId}', 'serverHost:update', '2640415c56014af4a70553b30103c648', '/0/7e0becec33ce4cd48cd9162ae5eaa958/221c130d98e14288bfd8c50064464fa4/2640415c56014af4a70553b30103c648/', '2', '1', 'el-table', '/icons/menuIcon/fe72dfa0a0d2c28792bdcf7469702905.png', '0', '1', 'lisi', '2021-02-03 18:08:02', '按钮-修改服务器', '0', null);
INSERT INTO `wr_sys_permission` VALUES ('ca1e1e2837e64e94a7ed266090500d6f', '修改菜单', 'button', '/api/v1/sysPermission/update/{permId}', 'sysPermission:update', '5a78da62b42e4accbb911a1bd12e63f5', '/0/7e0becec33ce4cd48cd9162ae5eaa958/221c130d98e14288bfd8c50064464fa4/5a78da62b42e4accbb911a1bd12e63f5/', '4', '1', 'el-table', '/icons/menuIcon/fe72dfa0a0d2c28792bdcf7469702905.png', '0', '1', 'lisi', '2021-01-18 14:01:14', '按钮-修改菜单', '0', null);
INSERT INTO `wr_sys_permission` VALUES ('ca8cac8ecaa444c39d172e3eb4fa0f3f', '批量删除', 'button', '/api/v1/schSemester/batchDelete/{permId}', 'schSemester:batchDelete', '43ca5e5b0f3946bca191b33be79e430d', '/0/7e0becec33ce4cd48cd9162ae5eaa958/15168443e7c342a48995ff6d37bc81e4/43ca5e5b0f3946bca191b33be79e430d/', '5', '1', 'el-table', '/icons/menuIcon/fe72dfa0a0d2c28792bdcf7469702905.png', '0', '1', 'lisi', '2021-01-18 16:53:37', '按钮-批量删除', '0', null);
INSERT INTO `wr_sys_permission` VALUES ('cc95bc6979904cdbb868c6369b14db09', '查询课表详情', 'button', '/api/v1/fg/patrolCourse/findDetail', 'fgPatrolCourseDetail:query', '067e67b0bd4345349fb395c0f8d8bbad', '/0/7e0becec33ce4cd48cd9162ae5eaa958/6058c9ff459d436a9ae9157eec23ff9c/067e67b0bd4345349fb395c0f8d8bbad/', '1', '2', 'el-table', '/icons/menuIcon/fe72dfa0a0d2c28792bdcf7469702905.png', '0', '1', 'lisi', '2021-01-28 14:30:37', '按钮-查询课表详情', '0', null);
INSERT INTO `wr_sys_permission` VALUES ('cd05a08f65bf4c85a1d7e18536cd29f4', '查询专辑', 'button', '/api/v1/examAlbum/findList/{pageNum}/{pageSize}', 'examAlbum:query', '102d31d9276849c68371ad6fedbd7b8d', '/0/7e0becec33ce4cd48cd9162ae5eaa958/d15b528b192e4d5a82f516164e6c27f9/102d31d9276849c68371ad6fedbd7b8d/', '1', '1', 'el-table', '/icons/menuIcon/fe72dfa0a0d2c28792bdcf7469702905.png', '0', '1', 'lisi', '2021-01-18 11:50:08', '按钮-查询专辑', '0', null);
INSERT INTO `wr_sys_permission` VALUES ('d15b528b192e4d5a82f516164e6c27f9', '云考试管理', '1', '/cloudEaxm/examManage', 'cloudExam', '7e0becec33ce4cd48cd9162ae5eaa958', '/0/7e0becec33ce4cd48cd9162ae5eaa958/', '3', '1', 'el-table', '/icons/menuIcon/7ef8ef35f470949cc0aa0f3882434b5b.png', '0', '1', 'lisi', '2021-01-15 14:48:55', '一级菜单-云考试管理', '0', null);
INSERT INTO `wr_sys_permission` VALUES ('d314b576abb44952b91740d3f01cb67c', '空间管理', '2', '/basicSetting/management', 'schSpace', '15168443e7c342a48995ff6d37bc81e4', '/0/7e0becec33ce4cd48cd9162ae5eaa958/15168443e7c342a48995ff6d37bc81e4/', '1', '1', 'el-table', '/icons/menuIcon/bee3a2ec583c321e20a27be95c74eeaa.png', '0', '1', 'lisi', '2021-01-18 14:18:57', '二级菜单-空间管理', '0', null);
INSERT INTO `wr_sys_permission` VALUES ('d4349eb75f9f485aaedbb80f152ef4b2', '批量删除', 'button', '/api/v1/examVideo/batchDelete/{permId}', 'examVideo:batchDelete', '102d31d9276849c68371ad6fedbd7b8d', '/0/7e0becec33ce4cd48cd9162ae5eaa958/d15b528b192e4d5a82f516164e6c27f9/102d31d9276849c68371ad6fedbd7b8d/', '6', '1', 'el-table', '/icons/menuIcon/fe72dfa0a0d2c28792bdcf7469702905.png', '0', '1', 'lisi', '2021-01-18 13:49:00', '按钮-批量删除', '0', null);
INSERT INTO `wr_sys_permission` VALUES ('d44c828cb3f34402b248f34e4a676003', '查询用户', 'button', '/api/v1/sysUser/findList/{pageNum}/{pageSize}', 'sysUser:query', 'a468662a0c38469db148eda609ad6def', '/0/7e0becec33ce4cd48cd9162ae5eaa958/3ff64dea395d405fad9a0893c1d9626f/a468662a0c38469db148eda609ad6def/', '1', '1', 'el-table', '/icons/menuIcon/fe72dfa0a0d2c28792bdcf7469702905.png', '0', '1', 'lisi', '2021-01-13 17:09:50', '按钮-查询用户', '0', null);
INSERT INTO `wr_sys_permission` VALUES ('d82713b4da4f4be78191416925958e0f', '系统账号', '2', '/backStageManage/sysUser', 'basicAuth', '3ff64dea395d405fad9a0893c1d9626f', '/0/7e0becec33ce4cd48cd9162ae5eaa958/3ff64dea395d405fad9a0893c1d9626f/', '1', '1', 'el-table', '/icons/menuIcon/fd1811b81f557cb31f0fce6ddd642ae4.png', '0', '1', 'lisi', '2021-01-13 16:18:38', '二级菜单-系统账号', '0', null);
INSERT INTO `wr_sys_permission` VALUES ('d88537d43d46425da0c117e131eed024', '删除考场视频', 'button', '/api/v1/examVideo/delete/{permId}/{rowId}', 'examVideo:delete', '102d31d9276849c68371ad6fedbd7b8d', '/0/7e0becec33ce4cd48cd9162ae5eaa958/d15b528b192e4d5a82f516164e6c27f9/102d31d9276849c68371ad6fedbd7b8d/', '5', '1', 'el-table', '/icons/menuIcon/fe72dfa0a0d2c28792bdcf7469702905.png', '0', '1', 'lisi', '2021-01-18 13:47:56', '按钮-删除考场视频', '0', null);
INSERT INTO `wr_sys_permission` VALUES ('d8a2eb9578474abdb57f49f5d4b78906', '参数设置', '2', '/system/parameterset', 'sysStaticParam', '221c130d98e14288bfd8c50064464fa4', '/0/7e0becec33ce4cd48cd9162ae5eaa958/221c130d98e14288bfd8c50064464fa4/', '2', '1', 'el-table', '/icons/menuIcon/89236f785c2239464c874193f802fef9.png', '0', '1', 'lisi', '2021-01-18 14:09:29', '二级菜单-参数设置', '0', null);
INSERT INTO `wr_sys_permission` VALUES ('d9568fead3354999a89c1057edad8394', '组织单位', '2', '/basicSetting/Organizationunit', 'sysDepartment', '15168443e7c342a48995ff6d37bc81e4', '/0/7e0becec33ce4cd48cd9162ae5eaa958/15168443e7c342a48995ff6d37bc81e4/', '5', '1', 'el-table', '/icons/menuIcon/13fa916cb6103d76a01ff1266403650e.png', '0', '1', 'lisi', '2021-01-18 15:36:53', '二级菜单-组织单位', '0', null);
INSERT INTO `wr_sys_permission` VALUES ('d9f25ef26350410c80d4ad452357641f', '批量删除', 'button', '/api/v1/sysPermission/batchDelete/{permId}', 'sysPermission:batchDelete', '5a78da62b42e4accbb911a1bd12e63f5', '/0/7e0becec33ce4cd48cd9162ae5eaa958/221c130d98e14288bfd8c50064464fa4/5a78da62b42e4accbb911a1bd12e63f5/', '6', '1', 'el-table', '/icons/menuIcon/fe72dfa0a0d2c28792bdcf7469702905.png', '0', '1', 'lisi', '2021-01-18 14:03:48', '按钮-批量删除', '0', null);
INSERT INTO `wr_sys_permission` VALUES ('da231bdfd439457581252e3aadc445e7', '查询服务器', 'button', '/api/v1/serverHost/findList/{pageNum}/{pageSize}', 'serverHost:query', '2640415c56014af4a70553b30103c648', '/0/7e0becec33ce4cd48cd9162ae5eaa958/221c130d98e14288bfd8c50064464fa4/2640415c56014af4a70553b30103c648/', '1', '1', 'el-table', '/icons/menuIcon/fe72dfa0a0d2c28792bdcf7469702905.png', '0', '1', 'lisi', '2021-02-03 18:06:00', '按钮-查询服务器', '0', null);
INSERT INTO `wr_sys_permission` VALUES ('db491ad29c684b91aee9da3317b1087d', '添加设备', 'button', '/api/v1/schDevice/save/{permId}', 'schDevice:create', 'f9b51e1adb7549918aadce9b05562405', '/0/7e0becec33ce4cd48cd9162ae5eaa958/15168443e7c342a48995ff6d37bc81e4/f9b51e1adb7549918aadce9b05562405/', '2', '1', 'el-table', '/icons/menuIcon/fe72dfa0a0d2c28792bdcf7469702905.png', '0', '1', 'lisi', '2021-01-18 14:35:11', '按钮-添加设备', '0', null);
INSERT INTO `wr_sys_permission` VALUES ('dbe0d39a2f67471d9d8fb604378f6dc6', '导入', 'button', '等待开发', 'sysDepartment:import', 'd9568fead3354999a89c1057edad8394', '/0/7e0becec33ce4cd48cd9162ae5eaa958/15168443e7c342a48995ff6d37bc81e4/d9568fead3354999a89c1057edad8394/', '7', '1', 'el-table', '/icons/menuIcon/fe72dfa0a0d2c28792bdcf7469702905.png', '0', '1', 'lisi', '2021-01-18 15:46:10', '按钮-导入', '0', null);
INSERT INTO `wr_sys_permission` VALUES ('dce304221036411fa8ea1cc3929f8bb8', '基础课表', '2', '/basicSetting/Basedonschedule', 'schCourseTableBase', '15168443e7c342a48995ff6d37bc81e4', '/0/7e0becec33ce4cd48cd9162ae5eaa958/15168443e7c342a48995ff6d37bc81e4/', '3', '1', 'el-table', '/icons/menuIcon/54a326911353f5c13e32b7ea5d55c337.png', '0', '1', 'lisi', '2021-01-18 15:07:35', '二级菜单-基础课表', '0', null);
INSERT INTO `wr_sys_permission` VALUES ('e10106e3f2f44df59827276fc34c9eb0', '修改用户', 'button', '/api/v1/sysUser/update/{permId}', 'sysUser:update', 'a468662a0c38469db148eda609ad6def', '/0/7e0becec33ce4cd48cd9162ae5eaa958/3ff64dea395d405fad9a0893c1d9626f/a468662a0c38469db148eda609ad6def/', '3', '1', 'el-table', '/icons/menuIcon/fe72dfa0a0d2c28792bdcf7469702905.png', '0', '1', 'lisi', '2021-01-13 17:20:11', '按钮-修改用户', '0', null);
INSERT INTO `wr_sys_permission` VALUES ('e145584ce7c442b182d0e86171ac7179', '导入', 'button', '等待开发', 'schSpace:import', 'd314b576abb44952b91740d3f01cb67c', '/0/7e0becec33ce4cd48cd9162ae5eaa958/15168443e7c342a48995ff6d37bc81e4/d314b576abb44952b91740d3f01cb67c/', '7', '1', 'el-table', '/icons/menuIcon/fe72dfa0a0d2c28792bdcf7469702905.png', '0', '1', 'lisi', '2021-01-18 14:28:38', '按钮-导入', '0', null);
INSERT INTO `wr_sys_permission` VALUES ('e3b2914e08bf4fa98ce20d92430178fd', '导出账号', 'button', '等待开发', 'basicAuth:export', 'd82713b4da4f4be78191416925958e0f', '/0/7e0becec33ce4cd48cd9162ae5eaa958/3ff64dea395d405fad9a0893c1d9626f/d82713b4da4f4be78191416925958e0f/', '9', '1', 'el-table', '/icons/menuIcon/fe72dfa0a0d2c28792bdcf7469702905.png', '0', '1', 'lisi', '2021-01-13 17:03:11', '按钮-导出账号', '0', null);
INSERT INTO `wr_sys_permission` VALUES ('e51a82350646417cb4ff3c2f31c3cc3f', '查询课表树', 'button', '/api/v1/fg/patrolCourse/courseTree', 'fgPatrolCourse:courseTree', '067e67b0bd4345349fb395c0f8d8bbad', '/0/7e0becec33ce4cd48cd9162ae5eaa958/6058c9ff459d436a9ae9157eec23ff9c/067e67b0bd4345349fb395c0f8d8bbad/', '2', '2', 'el-table', '/icons/menuIcon/fe72dfa0a0d2c28792bdcf7469702905.png', '0', '1', 'lisi', '2021-01-28 14:32:34', '按钮-查询课表树', '0', null);
INSERT INTO `wr_sys_permission` VALUES ('e5206b046a2a421e964b6d5d289a33e5', '新增空间', 'button', '/api/v1/schSpace/save/{permId}', 'schSpace:create', 'd314b576abb44952b91740d3f01cb67c', '/0/7e0becec33ce4cd48cd9162ae5eaa958/15168443e7c342a48995ff6d37bc81e4/d314b576abb44952b91740d3f01cb67c/', '3', '1', 'el-table', '/icons/menuIcon/fe72dfa0a0d2c28792bdcf7469702905.png', '0', '1', 'lisi', '2021-01-18 14:22:38', '按钮-新增空间', '0', null);
INSERT INTO `wr_sys_permission` VALUES ('e801f25e525547c18360ab3972e9c5b4', '上传图片', 'button', '/api/v1/sysStaticParam/upload/img/{rowId}', 'sysStaticParam:uploadImg', 'd8a2eb9578474abdb57f49f5d4b78906', '/0/7e0becec33ce4cd48cd9162ae5eaa958/221c130d98e14288bfd8c50064464fa4/d8a2eb9578474abdb57f49f5d4b78906/', '3', '1', 'el-table', '/icons/menuIcon/fe72dfa0a0d2c28792bdcf7469702905.png', '0', '1', 'lisi', '2021-01-18 14:13:33', '按钮-上传图片', '0', null);
INSERT INTO `wr_sys_permission` VALUES ('ebdc76edcc2a4d01ab9df17fd4f29dfe', '导入', 'button', '等待开发', 'schDevice:import', 'f9b51e1adb7549918aadce9b05562405', '/0/7e0becec33ce4cd48cd9162ae5eaa958/15168443e7c342a48995ff6d37bc81e4/f9b51e1adb7549918aadce9b05562405/', '8', '1', 'el-table', '/icons/menuIcon/fe72dfa0a0d2c28792bdcf7469702905.png', '0', '1', 'lisi', '2021-01-18 14:41:22', '按钮-导入', '0', null);
INSERT INTO `wr_sys_permission` VALUES ('ed8fab0945d64a46a3cb6b0e9f06ade1', '批量注册', 'button', '/api/v1/sysUser/toBatchRegister/{permId}', 'sysUser:toBatchRegister', 'a468662a0c38469db148eda609ad6def', '/0/7e0becec33ce4cd48cd9162ae5eaa958/3ff64dea395d405fad9a0893c1d9626f/a468662a0c38469db148eda609ad6def/', '7', '1', 'el-table', '/icons/menuIcon/fe72dfa0a0d2c28792bdcf7469702905.png', '0', '1', 'lisi', '2021-01-13 17:32:07', '按钮-批量注册', '0', null);
INSERT INTO `wr_sys_permission` VALUES ('eeffe82516a044f5b4bbc801ad3eee7c', '删除用户', 'button', '/api/v1/sysUser/delete/{permId}/{rowId}', 'sysUser:delete', 'a468662a0c38469db148eda609ad6def', '/0/7e0becec33ce4cd48cd9162ae5eaa958/3ff64dea395d405fad9a0893c1d9626f/a468662a0c38469db148eda609ad6def/', '4', '1', 'el-table', '/icons/menuIcon/fe72dfa0a0d2c28792bdcf7469702905.png', '0', '1', 'lisi', '2021-01-13 17:21:28', '按钮-删除用户', '0', null);
INSERT INTO `wr_sys_permission` VALUES ('f106ea94d8964db5ab98e3f76f4b0ecb', '导入', 'button', '等待开发', 'schGradeClass:import', '30b51a937101430a8dfdfd13e19e0eb6', '/0/7e0becec33ce4cd48cd9162ae5eaa958/15168443e7c342a48995ff6d37bc81e4/30b51a937101430a8dfdfd13e19e0eb6/', '6', '1', 'el-table', '/icons/menuIcon/fe72dfa0a0d2c28792bdcf7469702905.png', '0', '1', 'lisi', '2021-01-18 16:43:41', '按钮-导入', '0', null);
INSERT INTO `wr_sys_permission` VALUES ('f1d7c8abd9b24e0bafc58eccc7fd1c38', '批量启用', 'button', '/api/v1/basicAuthBg/batchLocked/{permId}', 'basicAuth:batchUnlocked', 'd82713b4da4f4be78191416925958e0f', '/0/7e0becec33ce4cd48cd9162ae5eaa958/3ff64dea395d405fad9a0893c1d9626f/d82713b4da4f4be78191416925958e0f/', '3', '1', 'el-table', '/icons/menuIcon/fe72dfa0a0d2c28792bdcf7469702905.png', '0', '1', 'lisi', '2021-01-13 16:39:49', '按钮-批量启用', '0', null);
INSERT INTO `wr_sys_permission` VALUES ('f26f1041cb4b42d899bc455af955a3b5', '修改课程类别', 'button', '/api/v1/schCourseCategory/update/{permId}', 'schCourseCategory:update', '134c41ae8caf4ec291225f415d2082cd', '/0/7e0becec33ce4cd48cd9162ae5eaa958/15168443e7c342a48995ff6d37bc81e4/134c41ae8caf4ec291225f415d2082cd/', '3', '1', 'el-table', '/icons/menuIcon/fe72dfa0a0d2c28792bdcf7469702905.png', '0', '1', 'lisi', '2021-01-18 15:31:33', '按钮-修改课程类别', '0', null);
INSERT INTO `wr_sys_permission` VALUES ('f39a546a3bd1427c840473e35520c4d2', '查询学期', 'button', '/api/v1/schSemester/findList/{pageNum}/{pageSize}', 'schSemester:query', '43ca5e5b0f3946bca191b33be79e430d', '/0/7e0becec33ce4cd48cd9162ae5eaa958/15168443e7c342a48995ff6d37bc81e4/43ca5e5b0f3946bca191b33be79e430d/', '1', '1', 'el-table', '/icons/menuIcon/fe72dfa0a0d2c28792bdcf7469702905.png', '0', '1', 'lisi', '2021-01-18 16:46:41', '按钮-查询学期', '0', null);
INSERT INTO `wr_sys_permission` VALUES ('f9b51e1adb7549918aadce9b05562405', '设备信息', '2', '/basicSetting/equipmentDesc', 'schDevice', '15168443e7c342a48995ff6d37bc81e4', '/0/7e0becec33ce4cd48cd9162ae5eaa958/15168443e7c342a48995ff6d37bc81e4/', '2', '1', 'el-table', '/icons/menuIcon/c7b759e5b5b94097a18875aaab5c2e01.png', '0', '1', 'lisi', '2021-01-18 14:30:31', '二级菜单-设备信息', '0', null);
INSERT INTO `wr_sys_permission` VALUES ('fc76c72fc06e4163a6f40ebe757c1dea', '添加角色', 'button', '/api/v1/sysRole/save/{permId}', 'sysRole:create', '5db8b63d36ab4f548ca2bf6dd0ffca62', '/0/7e0becec33ce4cd48cd9162ae5eaa958/3ff64dea395d405fad9a0893c1d9626f/5db8b63d36ab4f548ca2bf6dd0ffca62/', '2', '1', 'el-table', '/icons/menuIcon/fe72dfa0a0d2c28792bdcf7469702905.png', '0', '1', 'lisi', '2021-01-14 10:52:11', '按钮-添加角色', '0', null);

-- ----------------------------
-- Table structure for wr_sys_role
-- ----------------------------
DROP TABLE IF EXISTS `wr_sys_role`;
CREATE TABLE `wr_sys_role` (
  `id` varchar(255) NOT NULL COMMENT '主键(新增操作忽略，更新操作必填)',
  `role_name` varchar(128) NOT NULL COMMENT '角色名称',
  `role_code` varchar(255) DEFAULT NULL COMMENT '角色编码，自定义角色无编写限制，内置角色需以"built_in_"开头，如：built_in_teacher',
  `role_desc` varchar(255) DEFAULT NULL COMMENT '角色具体描述',
  `role_type` varchar(32) DEFAULT NULL COMMENT '角色类型，1：内置角色，系统上线前就需要提前知道的角色 2：自定义角色',
  `is_locked` char(1) DEFAULT '0' COMMENT '是否锁定，1：锁定，0未锁定',
  `create_id` varchar(255) NOT NULL COMMENT '创建人id，用于连表不用于显示',
  `create_by` varchar(32) NOT NULL COMMENT '创建人账号，不建议填名字，账号更改的可能性很小且又比ID稍微形象化',
  `create_time` datetime NOT NULL DEFAULT CURRENT_TIMESTAMP COMMENT '创建时间',
  `remark` varchar(255) DEFAULT NULL COMMENT '备注',
  `is_delete` char(1) DEFAULT '0' COMMENT '是否删除（0：未删除，1：删除）',
  `delete_time` datetime DEFAULT NULL COMMENT '删除时间',
  PRIMARY KEY (`id`) USING BTREE,
  UNIQUE KEY `role_code_uniqueIndex` (`role_code`) USING BTREE
) ENGINE=InnoDB DEFAULT CHARSET=utf8 ROW_FORMAT=DYNAMIC COMMENT='系统级-角色表';

-- ----------------------------
-- Records of wr_sys_role
-- ----------------------------
INSERT INTO `wr_sys_role` VALUES ('1', '商品管理员', 'SPGLY', '我是角色描述，角色编号不允许带汉字', '1', '0', '0', '1', '2019-11-07 14:21:37', null, '0', null);
INSERT INTO `wr_sys_role` VALUES ('2', '用户管理员', 'YHGLY', '我是角色描述，角色编号不允许带汉字', '2', '0', '0', '1', '2019-11-07 14:21:37', null, '0', null);
INSERT INTO `wr_sys_role` VALUES ('3', '测试', 'CESHI01', '我是角色描述，角色编号不允许带汉字', '2', '0', '0', '1', '2019-11-07 14:21:37', null, '0', null);
INSERT INTO `wr_sys_role` VALUES ('4', '测试角色', 'CESHI02', '我是角色描述，角色编号不允许带汉字', '2', '0', '0', '1', '2019-11-08 16:26:46', '第二次测试角色', '0', null);
INSERT INTO `wr_sys_role` VALUES ('5', '老师', 'built_in_teacher', '我是内置角色-老师，内置角色存在的意义：1，无法通过动态查询获取，但在业务上又需要知道该角色下的用户的角色；2，不可随便就能被用户或管理员删除的角色', '1', '0', '0', '1', '2020-08-05 13:46:25', null, '0', null);

-- ----------------------------
-- Table structure for wr_sys_role_permission
-- ----------------------------
DROP TABLE IF EXISTS `wr_sys_role_permission`;
CREATE TABLE `wr_sys_role_permission` (
  `id` varchar(255) NOT NULL COMMENT '主键(新增操作忽略，更新操作必填)',
  `sys_role_id` varchar(255) NOT NULL COMMENT '角色id',
  `sys_permission_id` varchar(255) NOT NULL COMMENT '权限id',
  `create_id` varchar(255) NOT NULL COMMENT '创建人id，用于连表不用于显示',
  `create_by` varchar(32) NOT NULL COMMENT '创建人账号，不建议填名字，账号更改的可能性很小且又比ID稍微形象化',
  `create_time` datetime NOT NULL DEFAULT CURRENT_TIMESTAMP COMMENT '创建时间',
  `remark` varchar(255) DEFAULT NULL COMMENT '备注',
  PRIMARY KEY (`id`) USING BTREE
) ENGINE=InnoDB DEFAULT CHARSET=utf8 ROW_FORMAT=DYNAMIC COMMENT='系统级-角色权限表';

-- ----------------------------
-- Records of wr_sys_role_permission
-- ----------------------------

-- ----------------------------
-- Table structure for wr_sys_static_param
-- ----------------------------
DROP TABLE IF EXISTS `wr_sys_static_param`;
CREATE TABLE `wr_sys_static_param` (
  `id` varchar(255) NOT NULL COMMENT '主键(新增操作忽略，更新操作必填)',
  `parent_id` varchar(255) NOT NULL COMMENT '父结点id，选中左侧节点时可以获取到',
  `param_name` varchar(255) NOT NULL COMMENT '参数名称',
  `param_val` varchar(255) DEFAULT NULL COMMENT '参数值',
  `param_desc` varchar(255) NOT NULL COMMENT '参数描述，用来解释这个参数代表什么意思，展示给用户看的',
  `show_type` char(1) NOT NULL COMMENT '展示类型（0：未知，1：span文本，2：text输入框，3：img图像，4：img图像列表）',
  `remark` varchar(255) DEFAULT NULL COMMENT '备注，开发人员自己看的，不需要展示',
  PRIMARY KEY (`id`)
) ENGINE=InnoDB DEFAULT CHARSET=utf8 COMMENT='平台系统静态参数表，如:网站icon、网站title、前台网页左上角logo、前台网页左上角logo旁的title等等的静态参数';

-- ----------------------------
-- Records of wr_sys_static_param
-- ----------------------------
INSERT INTO `wr_sys_static_param` VALUES ('1', '0', 'root', 'root', '根节点', '0', null);
INSERT INTO `wr_sys_static_param` VALUES ('1_1', '1', '前台页眉设置', '', '前台页眉内的静态参数都应该挂在此节点下', '1', null);
INSERT INTO `wr_sys_static_param` VALUES ('1_1_1', '1_1', '左上角logo', '/logos/fg_top_left_logo.png', '前台页眉左上角的logo图片，48px * 48px', '3', null);
INSERT INTO `wr_sys_static_param` VALUES ('1_1_2', '1_1', '左上角名称', '浙江传媒学院直录播平台', '前台页眉左上角logo图右侧的名称，如某某平台', '2', null);
INSERT INTO `wr_sys_static_param` VALUES ('1_1_3', '1_1', '网页选项卡标题前缀', '浙江传媒学院直录播平台', '如：${title}-首页', '2', null);
INSERT INTO `wr_sys_static_param` VALUES ('1_2', '1', '前台页脚设置', '', '前台页脚内的静态参数都应该挂在此节点下', '1', null);
INSERT INTO `wr_sys_static_param` VALUES ('1_2_1', '1_2', '版权', 'CopRight . www.wiseroom.com.cn', '版权', '2', null);
INSERT INTO `wr_sys_static_param` VALUES ('1_2_2', '1_2', 'ICP备案', '浙ICP备09007XXX号', 'ICP备案', '2', null);
INSERT INTO `wr_sys_static_param` VALUES ('1_2_3', '1_2', '公安备案', '浙公网安备33010602009XXX号', '公安备案', '2', null);
INSERT INTO `wr_sys_static_param` VALUES ('1_3', '1', '登陆页面', '', '登陆页面内的静态参数都应该挂在此节点下', '1', null);
INSERT INTO `wr_sys_static_param` VALUES ('1_3_1', '1_3', '背景轮播图', '/bannerPic/loginBanner/1.jpeg,/bannerPic/loginBanner/2.jpeg,/bannerPic/loginBanner/3.jpeg', '背景轮播图，多个使用英文逗号拼接', '4', null);
INSERT INTO `wr_sys_static_param` VALUES ('1_3_2', '1_3', '登录框标题', '云录播督导平台统一身份认证', '登录框标题，如云录播督导平台统一身份认证', '2', null);
INSERT INTO `wr_sys_static_param` VALUES ('1_3_3', '1_3', '切换间隔', '3000', '轮播图自动切换的时间间隔，单位为毫秒', '2', '');
INSERT INTO `wr_sys_static_param` VALUES ('1_4', '1', '注册页面', '', '注册页面内的静态参数都应该挂在此节点下', '1', null);
INSERT INTO `wr_sys_static_param` VALUES ('1_4_1', '1_4', '背景轮播图', '/bannerPic/registerBanner/1.jpeg,/bannerPic/registerBanner/2.jpeg,/bannerPic/registerBanner/3.jpeg', '背景轮播图，多个使用英文逗号拼接', '4', null);
INSERT INTO `wr_sys_static_param` VALUES ('1_4_2', '1_4', '注册框标题', '新用户注册', '注册框标题，如新用户注册', '2', null);
INSERT INTO `wr_sys_static_param` VALUES ('1_4_3', '1_4', '切换间隔', '3000', '轮播图自动切换的时间间隔，单位为毫秒', '2', null);
INSERT INTO `wr_sys_static_param` VALUES ('1_5', '1', '后台页眉设置', '', '后台页眉内的静态参数都应该挂在此节点下', '1', null);
INSERT INTO `wr_sys_static_param` VALUES ('1_5_1', '1_5', '左上角logo', '/logos/bg_top_left_logo.png', '后台页眉左上角的logo图片，48px * 48px', '3', null);
INSERT INTO `wr_sys_static_param` VALUES ('1_5_2', '1_5', '左上角名称', '浙江传媒学院直录播平台管理中心', '后台页眉左上角logo图右侧的名称，如某某管理中心', '2', null);
INSERT INTO `wr_sys_static_param` VALUES ('1_5_3', '1_5', '网页选项卡标题前缀', '浙江传媒学院直录播平台', '如：${title}-首页', '2', null);
INSERT INTO `wr_sys_static_param` VALUES ('1_6', '1', '站点设置', '', '站点设置', '1', null);
INSERT INTO `wr_sys_static_param` VALUES ('1_6_1', '1_6', '网站icon', '/logos/website_icon.ico', '网站icon', '3', null);

-- ----------------------------
-- Table structure for wr_sys_user
-- ----------------------------
DROP TABLE IF EXISTS `wr_sys_user`;
CREATE TABLE `wr_sys_user` (
  `id` varchar(255) NOT NULL COMMENT '主键(新增操作忽略，更新操作必填)',
  `person_name` varchar(32) NOT NULL COMMENT '姓名(人名)',
  `nickname` varchar(16) DEFAULT NULL COMMENT '昵称',
  `sex` char(1) DEFAULT '0' COMMENT '性别，1:男，2:女，0：未知',
  `age` int(11) DEFAULT NULL COMMENT '年龄',
  `birthday` date DEFAULT NULL COMMENT '生日',
  `person_num` varchar(16) NOT NULL COMMENT '用户编号（例：学生有学号，教师有工号）',
  `position` varchar(16) DEFAULT NULL COMMENT '职称/职位',
  `profile` varchar(255) DEFAULT NULL COMMENT '个人简介',
  `head_img_url` varchar(255) DEFAULT NULL COMMENT '头像url',
  `is_registered` varchar(2) DEFAULT '0' COMMENT '是否注册，1：注册，0未注册，-1已注销',
  `is_locked` char(1) DEFAULT '0' COMMENT '是否锁定，1：锁定，0未锁定',
  `create_id` varchar(255) NOT NULL COMMENT '创建人id，用于连表不用于显示',
  `create_by` varchar(32) NOT NULL COMMENT '创建人账号，不建议填名字，账号更改的可能性很小且又比ID稍微形象化',
  `create_way` varchar(2) NOT NULL DEFAULT '0' COMMENT '创建方式（0：程序代码创建，1：导入创建）',
  `create_time` datetime NOT NULL DEFAULT CURRENT_TIMESTAMP COMMENT '创建时间',
  `remark` varchar(255) DEFAULT NULL COMMENT '备注',
  `is_delete` char(1) DEFAULT '0' COMMENT '是否删除（0：未删除，1：删除）',
  `delete_time` datetime DEFAULT NULL COMMENT '删除时间',
  PRIMARY KEY (`id`) USING BTREE,
  UNIQUE KEY `person_num_uniqueIndex` (`person_num`) USING BTREE
) ENGINE=InnoDB DEFAULT CHARSET=utf8 ROW_FORMAT=DYNAMIC COMMENT='系统级-用户表';

-- ----------------------------
-- Records of wr_sys_user
-- ----------------------------
INSERT INTO `wr_sys_user` VALUES ('1', '李四', '隔壁大老李', '1', '18', '1994-05-28', 'XS20180112', null, '你好，我是李四', 'headImg/defaultHeadImg.jpg', '1', '0', '0', 'admin', '0', '2019-11-07 14:15:31', null, '0', null);
INSERT INTO `wr_sys_user` VALUES ('2', '张三', '张老师', '1', '20', '2020-07-02', 'JS20140523', '教授', '你好，我是张三', 'headImg/defaultHeadImg.jpg', '1', '0', '0', 'admin', '0', '2019-11-07 14:15:31', null, '0', null);
INSERT INTO `wr_sys_user` VALUES ('3', '王六', '隔壁大老王', '1', '16', '2020-07-13', 'XS201', '', '你好，我是王五', 'headImg/defaultHeadImg.jpg', '0', '0', '0', 'admin', '0', '2020-06-15 14:37:55', '', '0', '2020-07-31 17:05:05');
INSERT INTO `wr_sys_user` VALUES ('ad84c30d089744d9b1630e10d23e3fc7', '王五', '隔壁大老王', '1', '16', '2020-07-13', 'XS20180180', null, '你好，我是王五', 'headImg/defaultHeadImg.jpg', '0', '0', '0', 'admin', '0', '2020-06-15 14:37:55', null, '0', null);

-- ----------------------------
-- Table structure for wr_sys_user_role
-- ----------------------------
DROP TABLE IF EXISTS `wr_sys_user_role`;
CREATE TABLE `wr_sys_user_role` (
  `id` varchar(255) NOT NULL COMMENT '主键(新增操作忽略，更新操作必填)',
  `sys_user_id` varchar(255) NOT NULL,
  `sys_role_id` varchar(255) NOT NULL,
  `create_id` varchar(255) NOT NULL COMMENT '创建人id，用于连表不用于显示',
  `create_by` varchar(32) NOT NULL COMMENT '创建人账号，不建议填名字，账号更改的可能性很小且又比ID稍微形象化',
  `create_time` datetime NOT NULL DEFAULT CURRENT_TIMESTAMP COMMENT '创建时间',
  `remark` varchar(255) DEFAULT NULL COMMENT '备注',
  PRIMARY KEY (`id`) USING BTREE
) ENGINE=InnoDB DEFAULT CHARSET=utf8 ROW_FORMAT=DYNAMIC COMMENT='系统级-用户角色表';

-- ----------------------------
-- Records of wr_sys_user_role
-- ----------------------------
INSERT INTO `wr_sys_user_role` VALUES ('016bc6bdc2964e3dad1b891a93d56d44', 'f2b2607f3dea41509bdef1e2ab1882ce', '8', '1', 'lisi', '2020-07-30 14:02:21', null);
INSERT INTO `wr_sys_user_role` VALUES ('1', '2', '1', '0', '1', '2020-06-03 18:16:50', null);
INSERT INTO `wr_sys_user_role` VALUES ('1b379bb416054318ba9d723bdb4e9606', 'f2b2607f3dea41509bdef1e2ab1882ce', '7', '1', 'lisi', '2020-07-30 14:02:21', null);
INSERT INTO `wr_sys_user_role` VALUES ('2', '1', '2', '0', '1', '2020-06-03 18:16:50', null);
INSERT INTO `wr_sys_user_role` VALUES ('3', '1', '3', '0', '1', '2020-06-03 18:16:50', null);
INSERT INTO `wr_sys_user_role` VALUES ('3ea6e742964b4272a1318fe41073cf1b', 'f2b2607f3dea41509bdef1e2ab1882c1', '8', '1', 'lisi', '2020-07-30 14:02:21', null);
INSERT INTO `wr_sys_user_role` VALUES ('4', '1', '5', '1', 'lisi', '2020-08-05 14:15:18', null);
INSERT INTO `wr_sys_user_role` VALUES ('5', 'f2b2607f3dea41509bdef1e2ab1882ce', '5', '1', 'lisi', '2020-08-05 14:16:54', null);
INSERT INTO `wr_sys_user_role` VALUES ('9', '9', '6', '1', '1', '2020-08-24 15:26:04', null);
INSERT INTO `wr_sys_user_role` VALUES ('dba24924389445429be9669b2d2ba4af', 'f2b2607f3dea41509bdef1e2ab1882c1', '7', '1', 'lisi', '2020-07-30 14:02:21', null);

-- ----------------------------
-- Table structure for wr_whitelist_publish
-- ----------------------------
DROP TABLE IF EXISTS `wr_whitelist_publish`;
CREATE TABLE `wr_whitelist_publish` (
  `id` varchar(255) NOT NULL COMMENT '主键(新增操作忽略，更新操作必填)',
  `publish_vhost` varchar(255) NOT NULL DEFAULT '__defaultVhost__' COMMENT '推流vhost，不知作何用就采用默认',
  `publish_ip` varchar(255) NOT NULL COMMENT '推流者IP',
  `publish_app_name` varchar(255) NOT NULL COMMENT 'app名称',
  `publish_stream_name` varchar(255) NOT NULL COMMENT 'stream名称',
  `publish_type` varchar(32) NOT NULL COMMENT '推流类型，sw：软件，rpm：录播机RecordPlayMachine',
  `enable_sign_auth` char(1) NOT NULL COMMENT '启用sign鉴权码，1：启用，0：未启用(注：publish_type=sw必须启用)',
  `is_locked` char(1) DEFAULT '0' COMMENT '是否锁定，1：锁定，0未锁定',
  `create_id` varchar(255) NOT NULL COMMENT '创建人id，用于连表不用于显示',
  `create_by` varchar(32) NOT NULL COMMENT '创建人账号，不建议填名字，账号更改的可能性很小且又比ID稍微形象化',
  `create_way` varchar(2) NOT NULL DEFAULT '0' COMMENT '创建方式（0：程序代码创建，1：导入创建）',
  `create_time` datetime NOT NULL DEFAULT CURRENT_TIMESTAMP COMMENT '创建时间',
  `remark` varchar(255) DEFAULT NULL COMMENT '备注',
  `is_delete` char(1) DEFAULT '0' COMMENT '是否删除（0：未删除，1：删除）',
  `delete_time` datetime DEFAULT NULL COMMENT '删除时间',
  PRIMARY KEY (`id`)
) ENGINE=InnoDB DEFAULT CHARSET=utf8 COMMENT='白名单-推流';

-- ----------------------------
-- Records of wr_whitelist_publish
-- ----------------------------
INSERT INTO `wr_whitelist_publish` VALUES ('1', '__defaultVhost__', '192.168.1.144', 'live', 'liveStream', 'sw', '1', '0', '1', '1', '0', '2020-06-18 14:17:29', null, '0', null);
INSERT INTO `wr_whitelist_publish` VALUES ('2', '__defaultVhost__', '192.168.1.144', 'live', 'luboji', 'rpm', '0', '0', '1', '1', '0', '2020-06-18 14:18:57', null, '0', null);
